Identifier	Experimental mass	Name	Formula	Adduct	Molecular Weight	mz Error (ppm)	ionizationScore	finalScore	kegg_compound	kegg_uri	hmdb_compound	hmdb_uri	lipidmaps_compound	lipidmaps_uri	metlin_compound	metlin_uri	pubchem_compound	pubchem_uri	inChiKey	pathways	cas	_TPIDX
7697	885.54802	PI(16:0/22:4(7Z,10Z,13Z,16Z))	C47H83O13P	M-H	886.557129254	2	-2	-2	N/A	N/A	HMDB0009794	http://www.hmdb.ca/metabolites/HMDB0009794	LMGP06010939	http://www.lipidmaps.org/data/LMSDRecord.php?LMID=LMGP06010939	61179.0	https://metlin.scripps.edu/metabo_info.php?molid=61179	0	https://pubchem.ncbi.nlm.nih.gov/compound/0	QMHVKCZBZGFKNG-YXXNRDSMSA-N	[]	N/A	0
81465	885.54802	PI(20:3(5Z,8Z,11Z)/18:1(9Z))	C47H83O13P	M-H	886.557129254	2	-2	-2	N/A	N/A	HMDB0009882	http://www.hmdb.ca/metabolites/HMDB0009882	N/A	N/A	61267.0	https://metlin.scripps.edu/metabo_info.php?molid=61267	0	https://pubchem.ncbi.nlm.nih.gov/compound/0	UOVCVWSVYQEFSC-UZMCJGOOSA-N	[]	N/A	1
119882	885.54802	PI(16:0/22:4(10Z,13Z,16Z,19Z))	C47H83O13P	M-H	886.557129254	2	-2	-2	N/A	N/A	HMDB0009793	http://www.hmdb.ca/metabolites/HMDB0009793	N/A	N/A	61178.0	https://metlin.scripps.edu/metabo_info.php?molid=61178	0	https://pubchem.ncbi.nlm.nih.gov/compound/0	PSFLOZGKTVHJEH-HACPKTPBSA-N	[]	N/A	2
52566	885.54802	PI(22:4(10Z,13Z,16Z,19Z)/16:0)	C47H83O13P	M-H	886.557129254	2	-2	-2	N/A	N/A	HMDB0009912	http://www.hmdb.ca/metabolites/HMDB0009912	N/A	N/A	61297.0	https://metlin.scripps.edu/metabo_info.php?molid=61297	0	https://pubchem.ncbi.nlm.nih.gov/compound/0	LSWFFTVQFBDTAC-HACPKTPBSA-N	[]	N/A	3
117591	885.54802	PI(20:3(8Z,11Z,14Z)/18:1(11Z))	C47H83O13P	M-H	886.557129254	2	-2	-2	N/A	N/A	HMDB0009888	http://www.hmdb.ca/metabolites/HMDB0009888	N/A	N/A	61273.0	https://metlin.scripps.edu/metabo_info.php?molid=61273	0	https://pubchem.ncbi.nlm.nih.gov/compound/0	LSIQZINRDDJUGH-CTFKWLJYSA-N	[]	N/A	4
7520	885.54802	PI(22:4(7Z,10Z,13Z,16Z)/16:0)	C47H83O13P	M-H	886.557129254	2	-2	-2	N/A	N/A	HMDB0009914	http://www.hmdb.ca/metabolites/HMDB0009914	LMGP06010762	http://www.lipidmaps.org/data/LMSDRecord.php?LMID=LMGP06010762	61299.0	https://metlin.scripps.edu/metabo_info.php?molid=61299	0	https://pubchem.ncbi.nlm.nih.gov/compound/0	BRQUDGADXJYXCW-AJBVXFDOSA-N	[]	N/A	5
6768	885.54802	PI(18:0/20:4(5Z,8Z,11Z,14Z))	C47H83O13P	M-H	886.557129254	2	-2	-2	N/A	N/A	HMDB0009815	http://www.hmdb.ca/metabolites/HMDB0009815	LMGP06010010	http://www.lipidmaps.org/data/LMSDRecord.php?LMID=LMGP06010010	61200.0	https://metlin.scripps.edu/metabo_info.php?molid=61200	0	https://pubchem.ncbi.nlm.nih.gov/compound/0	KRTOMQDUKGRFDJ-MWZLTEOLSA-N	[]	N/A	6
7297	885.54802	PI(20:2(11Z,14Z)/18:2(9Z,12Z))	C47H83O13P	M-H	886.557129254	2	-2	-2	N/A	N/A	HMDB0009877	http://www.hmdb.ca/metabolites/HMDB0009877	LMGP06010539	http://www.lipidmaps.org/data/LMSDRecord.php?LMID=LMGP06010539	61262.0	https://metlin.scripps.edu/metabo_info.php?molid=61262	0	https://pubchem.ncbi.nlm.nih.gov/compound/0	DSTZBWQTOOOXEM-BCJFPNFZSA-N	[]	N/A	7
47239	885.54802	PI(20:4(8Z,11Z,14Z,17Z)/18:0)	C47H83O13P	M-H	886.557129254	2	-2	-2	N/A	N/A	HMDB0009900	http://www.hmdb.ca/metabolites/HMDB0009900	N/A	N/A	61285.0	https://metlin.scripps.edu/metabo_info.php?molid=61285	0	https://pubchem.ncbi.nlm.nih.gov/compound/0	RMRCTNVEDOWEQF-ZJBJTBMOSA-N	[]	N/A	8
7061	885.54802	PI(18:1(9Z)/20:3(8Z,11Z,14Z))	C47H83O13P	M-H	886.557129254	2	-2	-2	N/A	N/A	HMDB0009843	http://www.hmdb.ca/metabolites/HMDB0009843	LMGP06010303	http://www.lipidmaps.org/data/LMSDRecord.php?LMID=LMGP06010303	61228.0	https://metlin.scripps.edu/metabo_info.php?molid=61228	0	https://pubchem.ncbi.nlm.nih.gov/compound/0	WTRAJKINRRDLTR-YRUQOAMLSA-N	[]	N/A	9
7327	885.54802	PI(20:3(8Z,11Z,14Z)/18:1(9Z))	C47H83O13P	M-H	886.557129254	2	-2	-2	N/A	N/A	HMDB0009889	http://www.hmdb.ca/metabolites/HMDB0009889	LMGP06010569	http://www.lipidmaps.org/data/LMSDRecord.php?LMID=LMGP06010569	61274.0	https://metlin.scripps.edu/metabo_info.php?molid=61274	0	https://pubchem.ncbi.nlm.nih.gov/compound/0	QBLBBWQEGJSIHQ-UADNNDMLSA-N	[]	N/A	10
126112	885.54802	PI(18:0/20:4(8Z,11Z,14Z,17Z))	C47H83O13P	M-H	886.557129254	2	-2	-2	N/A	N/A	HMDB0009816	http://www.hmdb.ca/metabolites/HMDB0009816	N/A	N/A	61201.0	https://metlin.scripps.edu/metabo_info.php?molid=61201	0	https://pubchem.ncbi.nlm.nih.gov/compound/0	OJESNYFIPWSOPO-MTPIFTEDSA-N	[]	N/A	11
7084	885.54802	PI(18:2(9Z,12Z)/20:2(11Z,14Z))	C47H83O13P	M-H	886.557129254	2	-2	-2	N/A	N/A	HMDB0009853	http://www.hmdb.ca/metabolites/HMDB0009853	LMGP06010326	http://www.lipidmaps.org/data/LMSDRecord.php?LMID=LMGP06010326	61238.0	https://metlin.scripps.edu/metabo_info.php?molid=61238	0	https://pubchem.ncbi.nlm.nih.gov/compound/0	KWLSOMXGJQDEIE-BCJFPNFZSA-N	[]	N/A	12
7356	885.54802	PI(20:4(5Z,8Z,11Z,14Z)/18:0)	C47H83O13P	M-H	886.557129254	2	-2	-2	N/A	N/A	HMDB0009894	http://www.hmdb.ca/metabolites/HMDB0009894	LMGP06010598	http://www.lipidmaps.org/data/LMSDRecord.php?LMID=LMGP06010598	61279.0	https://metlin.scripps.edu/metabo_info.php?molid=61279	0	https://pubchem.ncbi.nlm.nih.gov/compound/0	CBYJKEBKBMWPMN-ITNYWZHKSA-N	[]	N/A	13
82893	885.54802	PI(20:3(5Z,8Z,11Z)/18:1(11Z))	C47H83O13P	M-H	886.557129254	2	-2	-2	N/A	N/A	HMDB0009881	http://www.hmdb.ca/metabolites/HMDB0009881	N/A	N/A	61266.0	https://metlin.scripps.edu/metabo_info.php?molid=61266	0	https://pubchem.ncbi.nlm.nih.gov/compound/0	SZENBGMCILNJHW-VLFWAYHFSA-N	[]	N/A	14
86245	885.54802	PI(18:1(11Z)/20:3(5Z,8Z,11Z))	C47H83O13P	M-H	886.557129254	2	-2	-2	N/A	N/A	HMDB0009830	http://www.hmdb.ca/metabolites/HMDB0009830	N/A	N/A	61215.0	https://metlin.scripps.edu/metabo_info.php?molid=61215	0	https://pubchem.ncbi.nlm.nih.gov/compound/0	LQOUCIOTQDTGNO-FBILJRGDSA-N	[]	N/A	15
105191	885.54802	PI(18:1(11Z)/20:3(8Z,11Z,14Z))	C47H83O13P	M-H	886.557129254	2	-2	-2	N/A	N/A	HMDB0009831	http://www.hmdb.ca/metabolites/HMDB0009831	N/A	N/A	61216.0	https://metlin.scripps.edu/metabo_info.php?molid=61216	0	https://pubchem.ncbi.nlm.nih.gov/compound/0	HRIGUEOTNBMWNX-FEWKZSOUSA-N	[]	N/A	16
69370	885.54802	PI(18:1(9Z)/20:3(5Z,8Z,11Z))	C47H83O13P	M-H	886.557129254	2	-2	-2	N/A	N/A	HMDB0009842	http://www.hmdb.ca/metabolites/HMDB0009842	N/A	N/A	61227.0	https://metlin.scripps.edu/metabo_info.php?molid=61227	0	https://pubchem.ncbi.nlm.nih.gov/compound/0	UAMKTZVXBAQZPT-UUMWKJOESA-N	[]	N/A	17
7170	885.54802	PI(18:4(6Z,9Z,12Z,15Z)/20:0)	C47H83O13P	M-H	886.557134	2	-2	-2	N/A	N/A	N/A	N/A	LMGP06010412	http://www.lipidmaps.org/data/LMSDRecord.php?LMID=LMGP06010412	80434.0	https://metlin.scripps.edu/metabo_info.php?molid=80434	0	https://pubchem.ncbi.nlm.nih.gov/compound/0	BWWMGGIYOREONW-MCRLUDIRSA-N	[]	N/A	18
10507	885.54802	Glc-GP(18:0/20:4(5Z,8Z,11Z,14Z))	C47H83O13P	M-H	886.557134	2	-2	-2	N/A	N/A	N/A	N/A	LMGP14010001	http://www.lipidmaps.org/data/LMSDRecord.php?LMID=LMGP14010001	40961.0	https://metlin.scripps.edu/metabo_info.php?molid=40961	0	https://pubchem.ncbi.nlm.nih.gov/compound/0	HWGNYTBXBPFQLI-ATBDVFNVSA-N	[]	N/A	19
7268	885.54802	PI(20:1(11Z)/18:3(6Z,9Z,12Z))	C47H83O13P	M-H	886.557134	2	-2	-2	N/A	N/A	N/A	N/A	LMGP06010510	http://www.lipidmaps.org/data/LMSDRecord.php?LMID=LMGP06010510	80532.0	https://metlin.scripps.edu/metabo_info.php?molid=80532	0	https://pubchem.ncbi.nlm.nih.gov/compound/0	RLYNCNKRFISBJR-SFUNQXKYSA-N	[]	N/A	20
7269	885.54802	PI(20:1(11Z)/18:3(9Z,12Z,15Z))	C47H83O13P	M-H	886.557134	2	-2	-2	N/A	N/A	N/A	N/A	LMGP06010511	http://www.lipidmaps.org/data/LMSDRecord.php?LMID=LMGP06010511	80533.0	https://metlin.scripps.edu/metabo_info.php?molid=80533	0	https://pubchem.ncbi.nlm.nih.gov/compound/0	YUFADFRSKQJXCY-SBDZIAIGSA-N	[]	N/A	21
7112	885.54802	PI(18:3(6Z,9Z,12Z)/20:1(11Z))	C47H83O13P	M-H	886.557134	2	-2	-2	N/A	N/A	N/A	N/A	LMGP06010354	http://www.lipidmaps.org/data/LMSDRecord.php?LMID=LMGP06010354	80376.0	https://metlin.scripps.edu/metabo_info.php?molid=80376	0	https://pubchem.ncbi.nlm.nih.gov/compound/0	AWHHSRDYAALUAR-GXVRFCBESA-N	[]	N/A	22
7140	885.54802	PI(18:3(9Z,12Z,15Z)/20:1(11Z))	C47H83O13P	M-H	886.557134	2	-2	-2	N/A	N/A	N/A	N/A	LMGP06010382	http://www.lipidmaps.org/data/LMSDRecord.php?LMID=LMGP06010382	80404.0	https://metlin.scripps.edu/metabo_info.php?molid=80404	0	https://pubchem.ncbi.nlm.nih.gov/compound/0	JINJXVNECLOWQV-SBDZIAIGSA-N	[]	N/A	23
7679	885.54802	PI(20:0/18:4(6Z,9Z,12Z,15Z))	C47H83O13P	M-H	886.557134	2	-2	-2	N/A	N/A	N/A	N/A	LMGP06010921	http://www.lipidmaps.org/data/LMSDRecord.php?LMID=LMGP06010921	80943.0	https://metlin.scripps.edu/metabo_info.php?molid=80943	0	https://pubchem.ncbi.nlm.nih.gov/compound/0	QJQVYYOQWSJYQP-BSQCNLPLSA-N	[]	N/A	24
155235	885.54802	Staphyloxanthin	C51H78O8	M-H+HCOONa	818.56967	2	-2	-2	C16148	http://www.genome.jp/dbget-bin/www_bget?cpd:C16148	N/A	N/A	N/A	N/A	64108.0	https://metlin.scripps.edu/metabo_info.php?molid=64108	0	https://pubchem.ncbi.nlm.nih.gov/compound/0	PDOUICUKTQRPHO-MENSNCDRSA-N	[]	71869-01-7	25
6912	885.54802	PI(15:1(9Z)/21:0)	C45H85O13P	M+Na-2H	864.572784	1	-2	-2	N/A	N/A	N/A	N/A	LMGP06010154	http://www.lipidmaps.org/data/LMSDRecord.php?LMID=LMGP06010154	80176.0	https://metlin.scripps.edu/metabo_info.php?molid=80176	0	https://pubchem.ncbi.nlm.nih.gov/compound/0	HWEJQNGCHORUEU-KHICFBAOSA-N	[]	N/A	26
7429	885.54802	PI(22:0/14:1(9Z))	C45H85O13P	M+Na-2H	864.572784	1	-2	-2	N/A	N/A	N/A	N/A	LMGP06010671	http://www.lipidmaps.org/data/LMSDRecord.php?LMID=LMGP06010671	80693.0	https://metlin.scripps.edu/metabo_info.php?molid=80693	0	https://pubchem.ncbi.nlm.nih.gov/compound/0	BWIMYULWFZSYNY-IXYWEBKVSA-N	[]	N/A	27
7690	885.54802	PI(18:1(9Z)/18:0)	C45H85O13P	M+Na-2H	864.572784	1	-2	-2	N/A	N/A	N/A	N/A	LMGP06010932	http://www.lipidmaps.org/data/LMSDRecord.php?LMID=LMGP06010932	80954.0	https://metlin.scripps.edu/metabo_info.php?molid=80954	0	https://pubchem.ncbi.nlm.nih.gov/compound/0	ITZOBBGQBIUNGA-BJEVQEHLSA-N	[]	N/A	28
7186	885.54802	PI(19:0/17:1(9Z))	C45H85O13P	M+Na-2H	864.572784	1	-2	-2	N/A	N/A	N/A	N/A	LMGP06010428	http://www.lipidmaps.org/data/LMSDRecord.php?LMID=LMGP06010428	80450.0	https://metlin.scripps.edu/metabo_info.php?molid=80450	0	https://pubchem.ncbi.nlm.nih.gov/compound/0	QIWNBBCJGSZKEU-DETGOBFUSA-N	[]	N/A	29
7699	885.54802	PI(16:0/20:1(11Z))	C45H85O13P	M+Na-2H	864.572784	1	-2	-2	N/A	N/A	N/A	N/A	LMGP06010941	http://www.lipidmaps.org/data/LMSDRecord.php?LMID=LMGP06010941	80963.0	https://metlin.scripps.edu/metabo_info.php?molid=80963	0	https://pubchem.ncbi.nlm.nih.gov/compound/0	SNFDHIHVIUMZSD-UFLVBXOASA-N	[]	N/A	30
6942	885.54802	PI(16:1(9Z)/20:0)	C45H85O13P	M+Na-2H	864.572784	1	-2	-2	N/A	N/A	N/A	N/A	LMGP06010184	http://www.lipidmaps.org/data/LMSDRecord.php?LMID=LMGP06010184	80206.0	https://metlin.scripps.edu/metabo_info.php?molid=80206	0	https://pubchem.ncbi.nlm.nih.gov/compound/0	OGENMODCEDFVRG-SKAPEJODSA-N	[]	N/A	31
7454	885.54802	PI(22:1(11Z)/14:0)	C45H85O13P	M+Na-2H	864.572784	1	-2	-2	N/A	N/A	N/A	N/A	LMGP06010696	http://www.lipidmaps.org/data/LMSDRecord.php?LMID=LMGP06010696	80718.0	https://metlin.scripps.edu/metabo_info.php?molid=80718	0	https://pubchem.ncbi.nlm.nih.gov/compound/0	JIKRYCWSERNTLQ-HLQOLDBXSA-N	[]	N/A	32
7715	885.54802	PI(18:0/18:1(9Z))	C45H85O13P	M+Na-2H	864.572784	1	-2	-2	N/A	N/A	N/A	N/A	LMGP06010957	http://www.lipidmaps.org/data/LMSDRecord.php?LMID=LMGP06010957	80979.0	https://metlin.scripps.edu/metabo_info.php?molid=80979	0	https://pubchem.ncbi.nlm.nih.gov/compound/0	YOBFISPJJWPPTK-JUCSSFOXSA-N	[]	N/A	33
7214	885.54802	PI(19:1(9Z)/17:0)	C45H85O13P	M+Na-2H	864.572784	1	-2	-2	N/A	N/A	N/A	N/A	LMGP06010456	http://www.lipidmaps.org/data/LMSDRecord.php?LMID=LMGP06010456	80478.0	https://metlin.scripps.edu/metabo_info.php?molid=80478	0	https://pubchem.ncbi.nlm.nih.gov/compound/0	BNEZIZGWUXKYBJ-INLPTSQGSA-N	[]	N/A	34
6964	885.54802	PI(17:0/19:1(9Z))	C45H85O13P	M+Na-2H	864.572784	1	-2	-2	N/A	N/A	N/A	N/A	LMGP06010206	http://www.lipidmaps.org/data/LMSDRecord.php?LMID=LMGP06010206	80228.0	https://metlin.scripps.edu/metabo_info.php?molid=80228	0	https://pubchem.ncbi.nlm.nih.gov/compound/0	APRWNKCXRRIFMT-INLPTSQGSA-N	[]	N/A	35
7240	885.54802	PI(20:0/16:1(9Z))	C45H85O13P	M+Na-2H	864.572784	1	-2	-2	N/A	N/A	N/A	N/A	LMGP06010482	http://www.lipidmaps.org/data/LMSDRecord.php?LMID=LMGP06010482	80504.0	https://metlin.scripps.edu/metabo_info.php?molid=80504	0	https://pubchem.ncbi.nlm.nih.gov/compound/0	ZBKNOKVOQRLHDN-SKAPEJODSA-N	[]	N/A	36
6990	885.54802	PI(17:1(9Z)/19:0)	C45H85O13P	M+Na-2H	864.572784	1	-2	-2	N/A	N/A	N/A	N/A	LMGP06010232	http://www.lipidmaps.org/data/LMSDRecord.php?LMID=LMGP06010232	80254.0	https://metlin.scripps.edu/metabo_info.php?molid=80254	0	https://pubchem.ncbi.nlm.nih.gov/compound/0	GOVDPARJWNDETL-DETGOBFUSA-N	[]	N/A	37
7260	885.54802	PI(20:1(11Z)/16:0)	C45H85O13P	M+Na-2H	864.572784	1	-2	-2	N/A	N/A	N/A	N/A	LMGP06010502	http://www.lipidmaps.org/data/LMSDRecord.php?LMID=LMGP06010502	80524.0	https://metlin.scripps.edu/metabo_info.php?molid=80524	0	https://pubchem.ncbi.nlm.nih.gov/compound/0	FDILWKJFDMEVNH-UFLVBXOASA-N	[]	N/A	38
6832	885.54802	PI(14:0/22:1(11Z))	C45H85O13P	M+Na-2H	864.572784	1	-2	-2	N/A	N/A	N/A	N/A	LMGP06010074	http://www.lipidmaps.org/data/LMSDRecord.php?LMID=LMGP06010074	80096.0	https://metlin.scripps.edu/metabo_info.php?molid=80096	0	https://pubchem.ncbi.nlm.nih.gov/compound/0	PONHAMBNZIFEKT-HLQOLDBXSA-N	[]	N/A	39
6860	885.54802	PI(14:1(9Z)/22:0)	C45H85O13P	M+Na-2H	864.572784	1	-2	-2	N/A	N/A	N/A	N/A	LMGP06010102	http://www.lipidmaps.org/data/LMSDRecord.php?LMID=LMGP06010102	80124.0	https://metlin.scripps.edu/metabo_info.php?molid=80124	0	https://pubchem.ncbi.nlm.nih.gov/compound/0	DLXFIYOHMOCXBX-IXYWEBKVSA-N	[]	N/A	40
7406	885.54802	PI(21:0/15:1(9Z))	C45H85O13P	M+Na-2H	864.572784	1	-2	-2	N/A	N/A	N/A	N/A	LMGP06010648	http://www.lipidmaps.org/data/LMSDRecord.php?LMID=LMGP06010648	80670.0	https://metlin.scripps.edu/metabo_info.php?molid=80670	0	https://pubchem.ncbi.nlm.nih.gov/compound/0	XNTHEDIUZGXXST-KHICFBAOSA-N	[]	N/A	41
164850	804.5751	PS(18:0/19:0)[U]	C43H84NO10P	M-H	805.58328	1	-2	-2	N/A	N/A	N/A	N/A	N/A	N/A	40822.0	https://metlin.scripps.edu/metabo_info.php?molid=40822	0	https://pubchem.ncbi.nlm.nih.gov/compound/0	N/A	[]	N/A	42
4492	804.5751	PS(15:0/22:0)	C43H84NO10P	M-H	805.583284907	1	-2	-2	N/A	N/A	HMDB0112334	http://www.hmdb.ca/metabolites/HMDB0112334	LMGP03010156	http://www.lipidmaps.org/data/LMSDRecord.php?LMID=LMGP03010156	77820.0	https://metlin.scripps.edu/metabo_info.php?molid=77820	52925266	https://pubchem.ncbi.nlm.nih.gov/compound/52925266	HCJXCECWFHKWJZ-PVXQIPPMSA-N	[]	N/A	43
5039	804.5751	PS(22:0/15:0)	C43H84NO10P	M-H	805.583284907	1	-2	-2	N/A	N/A	HMDB0112709	http://www.hmdb.ca/metabolites/HMDB0112709	LMGP03010703	http://www.lipidmaps.org/data/LMSDRecord.php?LMID=LMGP03010703	78367.0	https://metlin.scripps.edu/metabo_info.php?molid=78367	52925813	https://pubchem.ncbi.nlm.nih.gov/compound/52925813	YKSMEOYTADDTIC-PVXQIPPMSA-N	[]	N/A	44
4653	804.5751	PS(18:0/19:0)	C43H84NO10P	M-H	805.583288	1	-2	-2	N/A	N/A	N/A	N/A	LMGP03010317	http://www.lipidmaps.org/data/LMSDRecord.php?LMID=LMGP03010317	77981.0	https://metlin.scripps.edu/metabo_info.php?molid=77981	0	https://pubchem.ncbi.nlm.nih.gov/compound/0	XHYASAVUGBEIOU-PVXQIPPMSA-N	[]	N/A	45
5205	804.5751	PS(19:0/18:0)	C43H84NO10P	M-H	805.583288	1	-2	-2	N/A	N/A	N/A	N/A	LMGP03010869	http://www.lipidmaps.org/data/LMSDRecord.php?LMID=LMGP03010869	78533.0	https://metlin.scripps.edu/metabo_info.php?molid=78533	0	https://pubchem.ncbi.nlm.nih.gov/compound/0	XNKJFCWEEYOWHE-PVXQIPPMSA-N	[]	N/A	46
5016	804.5751	PS(21:0/16:0)	C43H84NO10P	M-H	805.583288	1	-2	-2	N/A	N/A	N/A	N/A	LMGP03010680	http://www.lipidmaps.org/data/LMSDRecord.php?LMID=LMGP03010680	78344.0	https://metlin.scripps.edu/metabo_info.php?molid=78344	0	https://pubchem.ncbi.nlm.nih.gov/compound/0	DJJXMDILHODZLW-PVXQIPPMSA-N	[]	N/A	47
5299	804.5751	PS(17:0/20:0)	C43H84NO10P	M-H	805.583288	1	-2	-2	N/A	N/A	N/A	N/A	LMGP03010963	http://www.lipidmaps.org/data/LMSDRecord.php?LMID=LMGP03010963	78627.0	https://metlin.scripps.edu/metabo_info.php?molid=78627	0	https://pubchem.ncbi.nlm.nih.gov/compound/0	IWWIBOZEVMXFFD-PVXQIPPMSA-N	[]	N/A	48
4534	804.5751	PS(16:0/21:0)	C43H84NO10P	M-H	805.583288	1	-2	-2	N/A	N/A	N/A	N/A	LMGP03010198	http://www.lipidmaps.org/data/LMSDRecord.php?LMID=LMGP03010198	77862.0	https://metlin.scripps.edu/metabo_info.php?molid=77862	0	https://pubchem.ncbi.nlm.nih.gov/compound/0	FWFWCGXSQDWFGR-PVXQIPPMSA-N	[]	N/A	49
4851	804.5751	PS(20:0/17:0)	C43H84NO10P	M-H	805.583288	1	-2	-2	N/A	N/A	N/A	N/A	LMGP03010515	http://www.lipidmaps.org/data/LMSDRecord.php?LMID=LMGP03010515	78179.0	https://metlin.scripps.edu/metabo_info.php?molid=78179	0	https://pubchem.ncbi.nlm.nih.gov/compound/0	KAQULNTYJOFZRU-PVXQIPPMSA-N	[]	N/A	50
182317	804.5751	GlcCer(d18:2(4E,8Z)/20:0(2OH[R]))	C44H83NO9	M+Cl	769.606784	1	-2	-2	N/A	N/A	N/A	N/A	LMSP05010052	http://www.lipidmaps.org/data/LMSDRecord.php?LMID=LMSP05010052	N/A	N/A	0	https://pubchem.ncbi.nlm.nih.gov/compound/0	DCBUKXJYPRDHOR-XFWCTONDSA-N	[]	N/A	51
182329	804.5751	GlcCer(d18:2(4E,8E)/20:0(2OH[R]))	C44H83NO9	M+Cl	769.606784	1	-2	-2	N/A	N/A	N/A	N/A	LMSP05010065	http://www.lipidmaps.org/data/LMSDRecord.php?LMID=LMSP05010065	N/A	N/A	0	https://pubchem.ncbi.nlm.nih.gov/compound/0	DCBUKXJYPRDHOR-SAKCDCJCSA-N	[]	N/A	52
34745	804.5751	GlcCer(d14:1(4E)/24:1(15Z)(2OH))	C44H83NO9	M+Cl	769.606785	1	-2	-2	N/A	N/A	N/A	N/A	LMSP0501AA69	http://www.lipidmaps.org/data/LMSDRecord.php?LMID=LMSP0501AA69	103309.0	https://metlin.scripps.edu/metabo_info.php?molid=103309	0	https://pubchem.ncbi.nlm.nih.gov/compound/0	UEHANDKMBLJPCF-FWUIGPBZSA-N	[]	N/A	53
34749	804.5751	GlcCer(d14:2(4E,6E)/24:0(2OH))	C44H83NO9	M+Cl	769.606785	1	-2	-2	N/A	N/A	N/A	N/A	LMSP0501AA73	http://www.lipidmaps.org/data/LMSDRecord.php?LMID=LMSP0501AA73	103313.0	https://metlin.scripps.edu/metabo_info.php?molid=103313	0	https://pubchem.ncbi.nlm.nih.gov/compound/0	UFIHAKKLPQIOBJ-YHGWXCCRSA-N	[]	N/A	54
34756	804.5751	GlcCer(d16:2(4E,6E)/22:0(2OH))	C44H83NO9	M+Cl	769.606785	1	-2	-2	N/A	N/A	N/A	N/A	LMSP0501AA80	http://www.lipidmaps.org/data/LMSDRecord.php?LMID=LMSP0501AA80	103320.0	https://metlin.scripps.edu/metabo_info.php?molid=103320	0	https://pubchem.ncbi.nlm.nih.gov/compound/0	STIFGZZLSCRRTP-YHGWXCCRSA-N	[]	N/A	55
125710	883.531819999999	PI(22:3(10Z,13Z,16Z)/16:2(9Z,12Z))	C47H81O13P	M-H	884.54147919	3	-2	-2	N/A	N/A	HMDB0009908	http://www.hmdb.ca/metabolites/HMDB0009908	N/A	N/A	61293.0	https://metlin.scripps.edu/metabo_info.php?molid=61293	0	https://pubchem.ncbi.nlm.nih.gov/compound/0	QRJDLXBDGZQKAL-LVRSVQNSSA-N	[]	N/A	56
54031	883.531819999999	PI(18:1(11Z)/20:4(5Z,8Z,11Z,14Z))	C47H81O13P	M-H	884.54147919	3	-2	-2	N/A	N/A	HMDB0009832	http://www.hmdb.ca/metabolites/HMDB0009832	N/A	N/A	61217.0	https://metlin.scripps.edu/metabo_info.php?molid=61217	0	https://pubchem.ncbi.nlm.nih.gov/compound/0	SSZPKZKUQCKMKS-YDHZRSOTSA-N	[]	N/A	57
62751	883.531819999999	PI(16:0/22:5(7Z,10Z,13Z,16Z,19Z))	C47H81O13P	M-H	884.54147919	3	-2	-2	N/A	N/A	HMDB0009796	http://www.hmdb.ca/metabolites/HMDB0009796	N/A	N/A	61181.0	https://metlin.scripps.edu/metabo_info.php?molid=61181	0	https://pubchem.ncbi.nlm.nih.gov/compound/0	COCGWLCGPZONJF-DDAFQYKVSA-N	[]	N/A	58
146222	883.531819999999	PI(20:4(8Z,11Z,14Z,17Z)/18:1(9Z))	C47H81O13P	M-H	884.54147919	3	-2	-2	N/A	N/A	HMDB0009902	http://www.hmdb.ca/metabolites/HMDB0009902	N/A	N/A	61287.0	https://metlin.scripps.edu/metabo_info.php?molid=61287	0	https://pubchem.ncbi.nlm.nih.gov/compound/0	AQKOQLPXFXZLKF-WNCVJLDNSA-N	[]	N/A	59
127025	883.531819999999	PI(18:1(11Z)/20:4(8Z,11Z,14Z,17Z))	C47H81O13P	M-H	884.54147919	3	-2	-2	N/A	N/A	HMDB0009833	http://www.hmdb.ca/metabolites/HMDB0009833	N/A	N/A	61218.0	https://metlin.scripps.edu/metabo_info.php?molid=61218	0	https://pubchem.ncbi.nlm.nih.gov/compound/0	HKZUQGZNSPCSAQ-JRRRANSLSA-N	[]	N/A	60
111154	883.531819999999	PI(16:0/22:5(4Z,7Z,10Z,13Z,16Z))	C47H81O13P	M-H	884.54147919	3	-2	-2	N/A	N/A	HMDB0009795	http://www.hmdb.ca/metabolites/HMDB0009795	N/A	N/A	61180.0	https://metlin.scripps.edu/metabo_info.php?molid=61180	0	https://pubchem.ncbi.nlm.nih.gov/compound/0	HNDKJAKTGIPBNM-YTQFFZBCSA-N	[]	N/A	61
69940	883.531819999999	PI(18:2(9Z,12Z)/20:3(5Z,8Z,11Z))	C47H81O13P	M-H	884.54147919	3	-2	-2	N/A	N/A	HMDB0009854	http://www.hmdb.ca/metabolites/HMDB0009854	N/A	N/A	61239.0	https://metlin.scripps.edu/metabo_info.php?molid=61239	0	https://pubchem.ncbi.nlm.nih.gov/compound/0	CQDXWSUINUWFQX-XESSABTASA-N	[]	N/A	62
133687	883.531819999999	PI(22:5(4Z,7Z,10Z,13Z,16Z)/16:0)	C47H81O13P	M-H	884.54147919	3	-2	-2	N/A	N/A	HMDB0009916	http://www.hmdb.ca/metabolites/HMDB0009916	N/A	N/A	61301.0	https://metlin.scripps.edu/metabo_info.php?molid=61301	0	https://pubchem.ncbi.nlm.nih.gov/compound/0	RQOVEBMFWCAUPR-RTEDXGKZSA-N	[]	N/A	63
72796	883.531819999999	PI(20:3(5Z,8Z,11Z)/18:2(9Z,12Z))	C47H81O13P	M-H	884.54147919	3	-2	-2	N/A	N/A	HMDB0009883	http://www.hmdb.ca/metabolites/HMDB0009883	N/A	N/A	61268.0	https://metlin.scripps.edu/metabo_info.php?molid=61268	0	https://pubchem.ncbi.nlm.nih.gov/compound/0	LFLTUEYGXIOFMJ-UBPNAFHNSA-N	[]	N/A	64
44898	883.531819999999	PI(20:4(8Z,11Z,14Z,17Z)/18:1(11Z))	C47H81O13P	M-H	884.54147919	3	-2	-2	N/A	N/A	HMDB0009901	http://www.hmdb.ca/metabolites/HMDB0009901	N/A	N/A	61286.0	https://metlin.scripps.edu/metabo_info.php?molid=61286	0	https://pubchem.ncbi.nlm.nih.gov/compound/0	VIGFKXLWKPBIQI-PJZWFLMOSA-N	[]	N/A	65
67195	883.531819999999	PI(20:4(5Z,8Z,11Z,14Z)/18:1(11Z))	C47H81O13P	M-H	884.54147919	3	-2	-2	N/A	N/A	HMDB0009895	http://www.hmdb.ca/metabolites/HMDB0009895	N/A	N/A	61280.0	https://metlin.scripps.edu/metabo_info.php?molid=61280	0	https://pubchem.ncbi.nlm.nih.gov/compound/0	ZNKMZGVZAZCFHT-JAGYCSJCSA-N	[]	N/A	66
59286	883.531819999999	PI(22:5(7Z,10Z,13Z,16Z,19Z)/16:0)	C47H81O13P	M-H	884.54147919	3	-2	-2	N/A	N/A	HMDB0009918	http://www.hmdb.ca/metabolites/HMDB0009918	N/A	N/A	61303.0	https://metlin.scripps.edu/metabo_info.php?molid=61303	0	https://pubchem.ncbi.nlm.nih.gov/compound/0	YNZSTCIWFMYXJU-XDOZVXPWSA-N	[]	N/A	67
7328	883.531819999999	PI(20:3(8Z,11Z,14Z)/18:2(9Z,12Z))	C47H81O13P	M-H	884.54147919	3	-2	-2	N/A	N/A	HMDB0009890	http://www.hmdb.ca/metabolites/HMDB0009890	LMGP06010570	http://www.lipidmaps.org/data/LMSDRecord.php?LMID=LMGP06010570	61275.0	https://metlin.scripps.edu/metabo_info.php?molid=61275	0	https://pubchem.ncbi.nlm.nih.gov/compound/0	QZQRJBQFCRWEDG-CCTXZGAHSA-N	[]	N/A	68
99750	883.531819999999	PI(16:2(9Z,12Z)/22:3(10Z,13Z,16Z))	C47H81O13P	M-H	884.54147919	3	-2	-2	N/A	N/A	HMDB0009804	http://www.hmdb.ca/metabolites/HMDB0009804	N/A	N/A	61189.0	https://metlin.scripps.edu/metabo_info.php?molid=61189	0	https://pubchem.ncbi.nlm.nih.gov/compound/0	DMWGXPQFZLCNSP-LVRSVQNSSA-N	[]	N/A	69
7085	883.531819999999	PI(18:2(9Z,12Z)/20:3(8Z,11Z,14Z))	C47H81O13P	M-H	884.54147919	3	-2	-2	N/A	N/A	HMDB0009855	http://www.hmdb.ca/metabolites/HMDB0009855	LMGP06010327	http://www.lipidmaps.org/data/LMSDRecord.php?LMID=LMGP06010327	61240.0	https://metlin.scripps.edu/metabo_info.php?molid=61240	0	https://pubchem.ncbi.nlm.nih.gov/compound/0	WMVAOBOFQHVKTL-VEAQMIGASA-N	[]	N/A	70
7607	883.531819999999	PI(18:1(9Z)/20:4(5Z,8Z,11Z,14Z))	C47H81O13P	M-H	884.54147919	3	-2	-2	N/A	N/A	HMDB0009844	http://www.hmdb.ca/metabolites/HMDB0009844	LMGP06010849	http://www.lipidmaps.org/data/LMSDRecord.php?LMID=LMGP06010849	61229.0	https://metlin.scripps.edu/metabo_info.php?molid=61229	0	https://pubchem.ncbi.nlm.nih.gov/compound/0	SHIZRFSRTKXRQL-VKUXDMFFSA-N	[]	N/A	71
7357	883.531819999999	PI(20:4(5Z,8Z,11Z,14Z)/18:1(9Z))	C47H81O13P	M-H	884.54147919	3	-2	-2	N/A	N/A	HMDB0009896	http://www.hmdb.ca/metabolites/HMDB0009896	LMGP06010599	http://www.lipidmaps.org/data/LMSDRecord.php?LMID=LMGP06010599	61281.0	https://metlin.scripps.edu/metabo_info.php?molid=61281	0	https://pubchem.ncbi.nlm.nih.gov/compound/0	WDEXQPPLSHRNLR-ZGNZFFCSSA-N	[]	N/A	72
129760	883.531819999999	PI(18:1(9Z)/20:4(8Z,11Z,14Z,17Z))	C47H81O13P	M-H	884.54147919	3	-2	-2	N/A	N/A	HMDB0009845	http://www.hmdb.ca/metabolites/HMDB0009845	N/A	N/A	61230.0	https://metlin.scripps.edu/metabo_info.php?molid=61230	0	https://pubchem.ncbi.nlm.nih.gov/compound/0	XGZVRASBCZTHNO-QJXGYZSMSA-N	[]	N/A	73
126775	883.531819999999	1-oleoyl-2-arachidonoyl-sn-glycero-3-phospho-1D-myo-inositol	C47H81O13P	M-H	884.541479666	3	-2	-2	N/A	N/A	HMDB0062586	http://www.hmdb.ca/metabolites/HMDB0062586	N/A	N/A	N/A	N/A	86289647	https://pubchem.ncbi.nlm.nih.gov/compound/86289647	SHIZRFSRTKXRQL-WAEQFISDSA-N	[]	N/A	74
7171	883.531819999999	PI(18:4(6Z,9Z,12Z,15Z)/20:1(11Z))	C47H81O13P	M-H	884.541484	3	-2	-2	N/A	N/A	N/A	N/A	LMGP06010413	http://www.lipidmaps.org/data/LMSDRecord.php?LMID=LMGP06010413	80435.0	https://metlin.scripps.edu/metabo_info.php?molid=80435	0	https://pubchem.ncbi.nlm.nih.gov/compound/0	DCXCOFFLEASFCG-XPJVANQRSA-N	[]	N/A	75
6951	883.531819999999	PI(16:1(9Z)/22:4(7Z,10Z,13Z,16Z))	C47H81O13P	M-H	884.541484	3	-2	-2	N/A	N/A	N/A	N/A	LMGP06010193	http://www.lipidmaps.org/data/LMSDRecord.php?LMID=LMGP06010193	80215.0	https://metlin.scripps.edu/metabo_info.php?molid=80215	0	https://pubchem.ncbi.nlm.nih.gov/compound/0	MKDJOEIWGGOVAR-UTKITOOOSA-N	[]	N/A	76
7521	883.531819999999	PI(22:4(7Z,10Z,13Z,16Z)/16:1(9Z))	C47H81O13P	M-H	884.541484	3	-2	-2	N/A	N/A	N/A	N/A	LMGP06010763	http://www.lipidmaps.org/data/LMSDRecord.php?LMID=LMGP06010763	80785.0	https://metlin.scripps.edu/metabo_info.php?molid=80785	0	https://pubchem.ncbi.nlm.nih.gov/compound/0	IFASINXLHKIZCL-OOJFYQAOSA-N	[]	N/A	77
7270	883.531819999999	PI(20:1(11Z)/18:4(6Z,9Z,12Z,15Z))	C47H81O13P	M-H	884.541484	3	-2	-2	N/A	N/A	N/A	N/A	LMGP06010512	http://www.lipidmaps.org/data/LMSDRecord.php?LMID=LMGP06010512	80534.0	https://metlin.scripps.edu/metabo_info.php?molid=80534	0	https://pubchem.ncbi.nlm.nih.gov/compound/0	FSYBAKBXFKCEOI-BWWPIDIGSA-N	[]	N/A	78
7298	883.531819999999	PI(20:2(11Z,14Z)/18:3(6Z,9Z,12Z))	C47H81O13P	M-H	884.541484	3	-2	-2	N/A	N/A	N/A	N/A	LMGP06010540	http://www.lipidmaps.org/data/LMSDRecord.php?LMID=LMGP06010540	80562.0	https://metlin.scripps.edu/metabo_info.php?molid=80562	0	https://pubchem.ncbi.nlm.nih.gov/compound/0	PSPQZPIQLHRXPT-WKMGZWHYSA-N	[]	N/A	79
7299	883.531819999999	PI(20:2(11Z,14Z)/18:3(9Z,12Z,15Z))	C47H81O13P	M-H	884.541484	3	-2	-2	N/A	N/A	N/A	N/A	LMGP06010541	http://www.lipidmaps.org/data/LMSDRecord.php?LMID=LMGP06010541	80563.0	https://metlin.scripps.edu/metabo_info.php?molid=80563	0	https://pubchem.ncbi.nlm.nih.gov/compound/0	YGEYCFCNWQCWQW-GTPDIESASA-N	[]	N/A	80
7612	883.531819999999	PI(18:0/20:5(5Z,8Z,11Z,14Z,17Z))	C47H81O13P	M-H	884.541484	3	-2	-2	N/A	N/A	N/A	N/A	LMGP06010854	http://www.lipidmaps.org/data/LMSDRecord.php?LMID=LMGP06010854	80876.0	https://metlin.scripps.edu/metabo_info.php?molid=80876	0	https://pubchem.ncbi.nlm.nih.gov/compound/0	SUYDNPBYMBTSMM-GZFNSKGSSA-N	[]	N/A	81
7113	883.531819999999	PI(18:3(6Z,9Z,12Z)/20:2(11Z,14Z))	C47H81O13P	M-H	884.541484	3	-2	-2	N/A	N/A	N/A	N/A	LMGP06010355	http://www.lipidmaps.org/data/LMSDRecord.php?LMID=LMGP06010355	80377.0	https://metlin.scripps.edu/metabo_info.php?molid=80377	0	https://pubchem.ncbi.nlm.nih.gov/compound/0	BWTYDNNRTRUOCF-FIJOMQADSA-N	[]	N/A	82
7386	883.531819999999	PI(20:5(5Z,8Z,11Z,14Z,17Z)/18:0)	C47H81O13P	M-H	884.541484	3	-2	-2	N/A	N/A	N/A	N/A	LMGP06010628	http://www.lipidmaps.org/data/LMSDRecord.php?LMID=LMGP06010628	80650.0	https://metlin.scripps.edu/metabo_info.php?molid=80650	0	https://pubchem.ncbi.nlm.nih.gov/compound/0	BVANPAAYQSMPMX-NSROSAODSA-N	[]	N/A	83
7141	883.531819999999	PI(18:3(9Z,12Z,15Z)/20:2(11Z,14Z))	C47H81O13P	M-H	884.541484	3	-2	-2	N/A	N/A	N/A	N/A	LMGP06010383	http://www.lipidmaps.org/data/LMSDRecord.php?LMID=LMGP06010383	80405.0	https://metlin.scripps.edu/metabo_info.php?molid=80405	0	https://pubchem.ncbi.nlm.nih.gov/compound/0	VNHMEESYLWAHOD-GTPDIESASA-N	[]	N/A	84
7187	883.531819999999	PI(19:0/17:2(9Z,12Z))	C45H83O13P	M+Na-2H	862.557134	0	-2	-2	N/A	N/A	N/A	N/A	LMGP06010429	http://www.lipidmaps.org/data/LMSDRecord.php?LMID=LMGP06010429	80451.0	https://metlin.scripps.edu/metabo_info.php?molid=80451	0	https://pubchem.ncbi.nlm.nih.gov/compound/0	HMIPIAYJYFUFSY-CAVUZRBDSA-N	[]	N/A	85
6943	883.531819999999	PI(16:1(9Z)/20:1(11Z))	C45H83O13P	M+Na-2H	862.557134	0	-2	-2	N/A	N/A	N/A	N/A	LMGP06010185	http://www.lipidmaps.org/data/LMSDRecord.php?LMID=LMGP06010185	80207.0	https://metlin.scripps.edu/metabo_info.php?molid=80207	0	https://pubchem.ncbi.nlm.nih.gov/compound/0	DBPOROAOANZAOJ-IEKUIPRASA-N	[]	N/A	86
7455	883.531819999999	PI(22:1(11Z)/14:1(9Z))	C45H83O13P	M+Na-2H	862.557134	0	-2	-2	N/A	N/A	N/A	N/A	LMGP06010697	http://www.lipidmaps.org/data/LMSDRecord.php?LMID=LMGP06010697	80719.0	https://metlin.scripps.edu/metabo_info.php?molid=80719	0	https://pubchem.ncbi.nlm.nih.gov/compound/0	WUGWLIMSKGWWRK-ACGDFGAKSA-N	[]	N/A	87
7215	883.531819999999	PI(19:1(9Z)/17:1(9Z))	C45H83O13P	M+Na-2H	862.557134	0	-2	-2	N/A	N/A	N/A	N/A	LMGP06010457	http://www.lipidmaps.org/data/LMSDRecord.php?LMID=LMGP06010457	80479.0	https://metlin.scripps.edu/metabo_info.php?molid=80479	0	https://pubchem.ncbi.nlm.nih.gov/compound/0	ASNYYALGIPYDGD-COXXXYIWSA-N	[]	N/A	88
7485	883.531819999999	PI(22:2(13Z,16Z)/14:0)	C45H83O13P	M+Na-2H	862.557134	0	-2	-2	N/A	N/A	N/A	N/A	LMGP06010727	http://www.lipidmaps.org/data/LMSDRecord.php?LMID=LMGP06010727	80749.0	https://metlin.scripps.edu/metabo_info.php?molid=80749	0	https://pubchem.ncbi.nlm.nih.gov/compound/0	UQEQAHFXOFRJTA-KKWXRISTSA-N	[]	N/A	89
6991	883.531819999999	PI(17:1(9Z)/19:1(9Z))	C45H83O13P	M+Na-2H	862.557134	0	-2	-2	N/A	N/A	N/A	N/A	LMGP06010233	http://www.lipidmaps.org/data/LMSDRecord.php?LMID=LMGP06010233	80255.0	https://metlin.scripps.edu/metabo_info.php?molid=80255	0	https://pubchem.ncbi.nlm.nih.gov/compound/0	SHYYIEHOAQVTBX-COXXXYIWSA-N	[]	N/A	90
7261	883.531819999999	PI(20:1(11Z)/16:1(9Z))	C45H83O13P	M+Na-2H	862.557134	0	-2	-2	N/A	N/A	N/A	N/A	LMGP06010503	http://www.lipidmaps.org/data/LMSDRecord.php?LMID=LMGP06010503	80525.0	https://metlin.scripps.edu/metabo_info.php?molid=80525	0	https://pubchem.ncbi.nlm.nih.gov/compound/0	QQVCJQCAYVBSLB-IEKUIPRASA-N	[]	N/A	91
7020	883.531819999999	PI(17:2(9Z,12Z)/19:0)	C45H83O13P	M+Na-2H	862.557134	0	-2	-2	N/A	N/A	N/A	N/A	LMGP06010262	http://www.lipidmaps.org/data/LMSDRecord.php?LMID=LMGP06010262	80284.0	https://metlin.scripps.edu/metabo_info.php?molid=80284	0	https://pubchem.ncbi.nlm.nih.gov/compound/0	ZCNFWTQDZASUAH-CAVUZRBDSA-N	[]	N/A	92
6833	883.531819999999	PI(14:0/22:2(13Z,16Z))	C45H83O13P	M+Na-2H	862.557134	0	-2	-2	N/A	N/A	N/A	N/A	LMGP06010075	http://www.lipidmaps.org/data/LMSDRecord.php?LMID=LMGP06010075	80097.0	https://metlin.scripps.edu/metabo_info.php?molid=80097	0	https://pubchem.ncbi.nlm.nih.gov/compound/0	VAGLDOJXBQJDIF-KKWXRISTSA-N	[]	N/A	93
6861	883.531819999999	PI(14:1(9Z)/22:1(11Z))	C45H83O13P	M+Na-2H	862.557134	0	-2	-2	N/A	N/A	N/A	N/A	LMGP06010103	http://www.lipidmaps.org/data/LMSDRecord.php?LMID=LMGP06010103	80125.0	https://metlin.scripps.edu/metabo_info.php?molid=80125	0	https://pubchem.ncbi.nlm.nih.gov/compound/0	ZRFYLIZRKRPOQN-ACGDFGAKSA-N	[]	N/A	94
164890	883.531819999999	GPIns(18:1(9Z)/18:1(9Z))	C45H83O13P	M+Na-2H	862.55713	0	-2	-2	N/A	N/A	N/A	N/A	N/A	N/A	40885.0	https://metlin.scripps.edu/metabo_info.php?molid=40885	0	https://pubchem.ncbi.nlm.nih.gov/compound/0	N/A	[]	N/A	95
164891	883.531819999999	PI(18:1(9Z)/18:1(9Z))	C45H83O13P	M+Na-2H	862.55713	0	-2	-2	N/A	N/A	N/A	N/A	N/A	N/A	3880.0	https://metlin.scripps.edu/metabo_info.php?molid=3880	0	https://pubchem.ncbi.nlm.nih.gov/compound/0	N/A	[]	N/A	96
6923	883.531819999999	PI(16:0/20:2(11Z,14Z))	C45H83O13P	M+Na-2H	862.557129254	0	-2	-2	N/A	N/A	HMDB0009786	http://www.hmdb.ca/metabolites/HMDB0009786	LMGP06010165	http://www.lipidmaps.org/data/LMSDRecord.php?LMID=LMGP06010165	61171.0	https://metlin.scripps.edu/metabo_info.php?molid=61171	0	https://pubchem.ncbi.nlm.nih.gov/compound/0	UJENRFPZRNBKKL-UWKRNJIGSA-N	[]	N/A	97
7714	883.531819999999	PI(18:0/18:2(9Z,12Z))	C45H83O13P	M+Na-2H	862.557129254	0	-2	-2	N/A	N/A	HMDB0009809	http://www.hmdb.ca/metabolites/HMDB0009809	LMGP06010956	http://www.lipidmaps.org/data/LMSDRecord.php?LMID=LMGP06010956	61194.0	https://metlin.scripps.edu/metabo_info.php?molid=61194	0	https://pubchem.ncbi.nlm.nih.gov/compound/0	KZVRAFHIKMDULK-PDPKURFXSA-N	[]	N/A	98
60537	883.531819999999	PI(18:1(9Z)/18:1(11Z))	C45H83O13P	M+Na-2H	862.557129254	0	-2	-2	N/A	N/A	HMDB0009836	http://www.hmdb.ca/metabolites/HMDB0009836	N/A	N/A	61221.0	https://metlin.scripps.edu/metabo_info.php?molid=61221	0	https://pubchem.ncbi.nlm.nih.gov/compound/0	LORSZBNSYOKZNV-RCVIVVFUSA-N	[]	N/A	99
7290	883.531819999999	PI(20:2(11Z,14Z)/16:0)	C45H83O13P	M+Na-2H	862.557129254	0	-2	-2	N/A	N/A	HMDB0009875	http://www.hmdb.ca/metabolites/HMDB0009875	LMGP06010532	http://www.lipidmaps.org/data/LMSDRecord.php?LMID=LMGP06010532	61260.0	https://metlin.scripps.edu/metabo_info.php?molid=61260	0	https://pubchem.ncbi.nlm.nih.gov/compound/0	UBIJOILSMSXSSU-UWKRNJIGSA-N	[]	N/A	100
64426	883.531819999999	PI(18:1(9Z)/18:1(9Z))	C45H83O13P	M+Na-2H	862.557129254	0	-2	-2	N/A	N/A	HMDB0009837	http://www.hmdb.ca/metabolites/HMDB0009837	N/A	N/A	N/A	N/A	0	https://pubchem.ncbi.nlm.nih.gov/compound/0	LALGUHSIWLNTNW-SHLWDWSJSA-N	[]	N/A	101
7604	883.531819999999	PI(18:2(9Z,12Z)/18:0)	C45H83O13P	M+Na-2H	862.557129254	0	-2	-2	N/A	N/A	HMDB0009847	http://www.hmdb.ca/metabolites/HMDB0009847	LMGP06010846	http://www.lipidmaps.org/data/LMSDRecord.php?LMID=LMGP06010846	61232.0	https://metlin.scripps.edu/metabo_info.php?molid=61232	0	https://pubchem.ncbi.nlm.nih.gov/compound/0	AXGVJUACAGEWGQ-TYYHIVGOSA-N	[]	N/A	102
122058	883.531819999999	PI(18:1(11Z)/18:1(9Z))	C45H83O13P	M+Na-2H	862.557129254	0	-2	-2	N/A	N/A	HMDB0009825	http://www.hmdb.ca/metabolites/HMDB0009825	N/A	N/A	61210.0	https://metlin.scripps.edu/metabo_info.php?molid=61210	0	https://pubchem.ncbi.nlm.nih.gov/compound/0	FTAJUMMOKVEZBE-BPSMPOADSA-N	[]	N/A	103
113133	883.531819999999	PI(18:1(11Z)/18:1(11Z))	C45H83O13P	M+Na-2H	862.557129254	0	-2	-2	N/A	N/A	HMDB0009824	http://www.hmdb.ca/metabolites/HMDB0009824	N/A	N/A	61209.0	https://metlin.scripps.edu/metabo_info.php?molid=61209	0	https://pubchem.ncbi.nlm.nih.gov/compound/0	HJXLLSHIQZPQLZ-BESHNSGQSA-N	[]	N/A	104
52535	802.559109999999	PS(15:0/22:1(13Z))	C43H82NO10P	M-H	803.567634842	2	-2	-2	N/A	N/A	HMDB0112335	http://www.hmdb.ca/metabolites/HMDB0112335	N/A	N/A	N/A	N/A	131819718	https://pubchem.ncbi.nlm.nih.gov/compound/131819718	CMYXIUIAXHLISA-WMWCSSQDSA-N	[]	N/A	105
116298	802.559109999999	PS(22:1(13Z)/15:0)	C43H82NO10P	M-H	803.567634842	2	-2	-2	N/A	N/A	HMDB0112738	http://www.hmdb.ca/metabolites/HMDB0112738	N/A	N/A	N/A	N/A	131819908	https://pubchem.ncbi.nlm.nih.gov/compound/131819908	HBPRPCACDJRPGG-WMWCSSQDSA-N	[]	N/A	106
4872	802.559109999999	PS(20:1(11Z)/17:0)	C43H82NO10P	M-H	803.567638	2	-2	-2	N/A	N/A	N/A	N/A	LMGP03010536	http://www.lipidmaps.org/data/LMSDRecord.php?LMID=LMGP03010536	78200.0	https://metlin.scripps.edu/metabo_info.php?molid=78200	0	https://pubchem.ncbi.nlm.nih.gov/compound/0	OWEKSXVKRHOLRR-BFCPHGQOSA-N	[]	N/A	107
4654	802.559109999999	PS(18:0/19:1(9Z))	C43H82NO10P	M-H	803.567638	2	-2	-2	N/A	N/A	N/A	N/A	LMGP03010318	http://www.lipidmaps.org/data/LMSDRecord.php?LMID=LMGP03010318	77982.0	https://metlin.scripps.edu/metabo_info.php?molid=77982	0	https://pubchem.ncbi.nlm.nih.gov/compound/0	ZNSVOFATEJXAOQ-LIZGRMTQSA-N	[]	N/A	108
4668	802.559109999999	PS(18:1(9Z)/19:0)	C43H82NO10P	M-H	803.567638	2	-2	-2	N/A	N/A	N/A	N/A	LMGP03010332	http://www.lipidmaps.org/data/LMSDRecord.php?LMID=LMGP03010332	77996.0	https://metlin.scripps.edu/metabo_info.php?molid=77996	0	https://pubchem.ncbi.nlm.nih.gov/compound/0	JXWQLAIQPBNJDO-LYQCWXPHSA-N	[]	N/A	109
4493	802.559109999999	PS(15:0/22:1(11Z))	C43H82NO10P	M-H	803.567638	2	-2	-2	N/A	N/A	N/A	N/A	LMGP03010157	http://www.lipidmaps.org/data/LMSDRecord.php?LMID=LMGP03010157	77821.0	https://metlin.scripps.edu/metabo_info.php?molid=77821	0	https://pubchem.ncbi.nlm.nih.gov/compound/0	HBOIGYILCFAKBY-PDZMGTJJSA-N	[]	N/A	110
5017	802.559109999999	PS(21:0/16:1(9Z))	C43H82NO10P	M-H	803.567638	2	-2	-2	N/A	N/A	N/A	N/A	LMGP03010681	http://www.lipidmaps.org/data/LMSDRecord.php?LMID=LMGP03010681	78345.0	https://metlin.scripps.edu/metabo_info.php?molid=78345	0	https://pubchem.ncbi.nlm.nih.gov/compound/0	SRVDDQLMNGJSEQ-AQHBKVOKSA-N	[]	N/A	111
4523	802.559109999999	PS(15:1(9Z)/22:0)	C43H82NO10P	M-H	803.567638	2	-2	-2	N/A	N/A	N/A	N/A	LMGP03010187	http://www.lipidmaps.org/data/LMSDRecord.php?LMID=LMGP03010187	77851.0	https://metlin.scripps.edu/metabo_info.php?molid=77851	0	https://pubchem.ncbi.nlm.nih.gov/compound/0	CVCVLFFOVBBCGT-JFFFCQEWSA-N	[]	N/A	112
5040	802.559109999999	PS(22:0/15:1(9Z))	C43H82NO10P	M-H	803.567638	2	-2	-2	N/A	N/A	N/A	N/A	LMGP03010704	http://www.lipidmaps.org/data/LMSDRecord.php?LMID=LMGP03010704	78368.0	https://metlin.scripps.edu/metabo_info.php?molid=78368	0	https://pubchem.ncbi.nlm.nih.gov/compound/0	WDAYHIGUVDRSGN-JFFFCQEWSA-N	[]	N/A	113
4798	802.559109999999	PS(19:0/18:1(9Z))	C43H82NO10P	M-H	803.567638	2	-2	-2	N/A	N/A	N/A	N/A	LMGP03010462	http://www.lipidmaps.org/data/LMSDRecord.php?LMID=LMGP03010462	78126.0	https://metlin.scripps.edu/metabo_info.php?molid=78126	0	https://pubchem.ncbi.nlm.nih.gov/compound/0	VLEOZEWBPISGKI-LYQCWXPHSA-N	[]	N/A	114
5065	802.559109999999	PS(22:1(11Z)/15:0)	C43H82NO10P	M-H	803.567638	2	-2	-2	N/A	N/A	N/A	N/A	LMGP03010729	http://www.lipidmaps.org/data/LMSDRecord.php?LMID=LMGP03010729	78393.0	https://metlin.scripps.edu/metabo_info.php?molid=78393	0	https://pubchem.ncbi.nlm.nih.gov/compound/0	UYDPFVMYBWZJHY-PDZMGTJJSA-N	[]	N/A	115
4557	802.559109999999	PS(16:1(9Z)/21:0)	C43H82NO10P	M-H	803.567638	2	-2	-2	N/A	N/A	N/A	N/A	LMGP03010221	http://www.lipidmaps.org/data/LMSDRecord.php?LMID=LMGP03010221	77885.0	https://metlin.scripps.edu/metabo_info.php?molid=77885	0	https://pubchem.ncbi.nlm.nih.gov/compound/0	QEGNYCWJWGQKEG-AQHBKVOKSA-N	[]	N/A	116
4827	802.559109999999	PS(19:1(9Z)/18:0)	C43H82NO10P	M-H	803.567638	2	-2	-2	N/A	N/A	N/A	N/A	LMGP03010491	http://www.lipidmaps.org/data/LMSDRecord.php?LMID=LMGP03010491	78155.0	https://metlin.scripps.edu/metabo_info.php?molid=78155	0	https://pubchem.ncbi.nlm.nih.gov/compound/0	CGQPVMCZEFYEDC-LIZGRMTQSA-N	[]	N/A	117
4575	802.559109999999	PS(17:0/20:1(11Z))	C43H82NO10P	M-H	803.567638	2	-2	-2	N/A	N/A	N/A	N/A	LMGP03010239	http://www.lipidmaps.org/data/LMSDRecord.php?LMID=LMGP03010239	77903.0	https://metlin.scripps.edu/metabo_info.php?molid=77903	0	https://pubchem.ncbi.nlm.nih.gov/compound/0	GYLWWNFYPXOOMA-BFCPHGQOSA-N	[]	N/A	118
1252	802.559109999999	PT(18:0/18:1(9Z))	C43H82NO10P	M-H	803.567638	2	-2	-2	N/A	N/A	N/A	N/A	LMGP00000048	http://www.lipidmaps.org/data/LMSDRecord.php?LMID=LMGP00000048	46669.0	https://metlin.scripps.edu/metabo_info.php?molid=46669	0	https://pubchem.ncbi.nlm.nih.gov/compound/0	JCPKXFTVRMCKTE-XSKLXBKRSA-N	[]	N/A	119
4852	802.559109999999	PS(20:0/17:1(9Z))	C43H82NO10P	M-H	803.567638	2	-2	-2	N/A	N/A	N/A	N/A	LMGP03010516	http://www.lipidmaps.org/data/LMSDRecord.php?LMID=LMGP03010516	78180.0	https://metlin.scripps.edu/metabo_info.php?molid=78180	0	https://pubchem.ncbi.nlm.nih.gov/compound/0	JJDWLAKFQPRUCJ-AEGGJFQCSA-N	[]	N/A	120
4602	802.559109999999	PS(17:1(9Z)/20:0)	C43H82NO10P	M-H	803.567638	2	-2	-2	N/A	N/A	N/A	N/A	LMGP03010266	http://www.lipidmaps.org/data/LMSDRecord.php?LMID=LMGP03010266	77930.0	https://metlin.scripps.edu/metabo_info.php?molid=77930	0	https://pubchem.ncbi.nlm.nih.gov/compound/0	UEYBQAVURJIJOF-AEGGJFQCSA-N	[]	N/A	121
125696	762.50662	PE(16:1(9Z)/22:5(7Z,10Z,13Z,16Z,19Z))	C43H74NO8P	M-H	763.515204861	2	-2	-2	N/A	N/A	HMDB0008978	http://www.hmdb.ca/metabolites/HMDB0008978	N/A	N/A	60407.0	https://metlin.scripps.edu/metabo_info.php?molid=60407	53479602	https://pubchem.ncbi.nlm.nih.gov/compound/53479602	VHHWPJFJXPSEDR-DWSJJDFISA-N	[]	N/A	122
137238	762.50662	PE(20:4(8Z,11Z,14Z,17Z)/18:2(9Z,12Z))	C43H74NO8P	M-H	763.515204861	2	-2	-2	N/A	N/A	HMDB0009423	http://www.hmdb.ca/metabolites/HMDB0009423	N/A	N/A	60819.0	https://metlin.scripps.edu/metabo_info.php?molid=60819	53479807	https://pubchem.ncbi.nlm.nih.gov/compound/53479807	HLXQUKRDCPSIEH-NOFDWUEQSA-N	[]	N/A	123
144721	762.50662	PE(20:3(5Z,8Z,11Z)/18:3(9Z,12Z,15Z))	C43H74NO8P	M-H	763.515204861	2	-2	-2	N/A	N/A	HMDB0009326	http://www.hmdb.ca/metabolites/HMDB0009326	N/A	N/A	60722.0	https://metlin.scripps.edu/metabo_info.php?molid=60722	53479752	https://pubchem.ncbi.nlm.nih.gov/compound/53479752	FMIUPKYSDNZHTA-BEBRAUHWSA-N	[]	N/A	124
48216	762.50662	PE(22:5(4Z,7Z,10Z,13Z,16Z)/16:1(9Z))	C43H74NO8P	M-H	763.515204861	2	-2	-2	N/A	N/A	HMDB0009617	http://www.hmdb.ca/metabolites/HMDB0009617	N/A	N/A	61006.0	https://metlin.scripps.edu/metabo_info.php?molid=61006	53479913	https://pubchem.ncbi.nlm.nih.gov/compound/53479913	CJTLVAFISCQEQS-ZJLVUGKFSA-N	[]	N/A	125
3682	762.50662	PE(20:2(11Z,14Z)/18:4(6Z,9Z,12Z,15Z))	C43H74NO8P	M-H	763.515204861	2	-2	-2	N/A	N/A	HMDB0009294	http://www.hmdb.ca/metabolites/HMDB0009294	LMGP02010887	http://www.lipidmaps.org/data/LMSDRecord.php?LMID=LMGP02010887	60690.0	https://metlin.scripps.edu/metabo_info.php?molid=60690	52924588	https://pubchem.ncbi.nlm.nih.gov/compound/52924588	BXGABXGDBKOHDO-PNHOVDMKSA-N	[]	N/A	126
68208	762.50662	PE(22:5(7Z,10Z,13Z,16Z,19Z)/16:1(9Z))	C43H74NO8P	M-H	763.515204861	2	-2	-2	N/A	N/A	HMDB0009650	http://www.hmdb.ca/metabolites/HMDB0009650	N/A	N/A	61039.0	https://metlin.scripps.edu/metabo_info.php?molid=61039	53479946	https://pubchem.ncbi.nlm.nih.gov/compound/53479946	BXQLRXVJZRHFMU-KONFTKGISA-N	[]	N/A	127
3956	762.50662	PE(22:6(4Z,7Z,10Z,13Z,16Z,19Z)/16:0)	C43H74NO8P	M-H	763.515204861	2	-2	-2	N/A	N/A	HMDB0009682	http://www.hmdb.ca/metabolites/HMDB0009682	LMGP02011161	http://www.lipidmaps.org/data/LMSDRecord.php?LMID=LMGP02011161	61071.0	https://metlin.scripps.edu/metabo_info.php?molid=61071	52924862	https://pubchem.ncbi.nlm.nih.gov/compound/52924862	CNFOLWFURRWWGX-HHXXILGKSA-N	[]	N/A	128
3711	762.50662	PE(20:3(8Z,11Z,14Z)/18:3(6Z,9Z,12Z))	C43H74NO8P	M-H	763.515204861	2	-2	-2	N/A	N/A	HMDB0009358	http://www.hmdb.ca/metabolites/HMDB0009358	LMGP02010916	http://www.lipidmaps.org/data/LMSDRecord.php?LMID=LMGP02010916	60754.0	https://metlin.scripps.edu/metabo_info.php?molid=60754	52924617	https://pubchem.ncbi.nlm.nih.gov/compound/52924617	ZQNFRTKEBTVTHP-RXYYQAQXSA-N	[]	N/A	129
3967	762.50662	PE(20:5(5Z,8Z,11Z,14Z,17Z)/18:1(9Z))	C43H74NO8P	M-H	763.515204861	2	-2	-2	N/A	N/A	HMDB0009455	http://www.hmdb.ca/metabolites/HMDB0009455	LMGP02011172	http://www.lipidmaps.org/data/LMSDRecord.php?LMID=LMGP02011172	60851.0	https://metlin.scripps.edu/metabo_info.php?molid=60851	52924873	https://pubchem.ncbi.nlm.nih.gov/compound/52924873	IFUXMIFACJBCIO-ASRSURRLSA-N	[]	N/A	130
3712	762.50662	PE(20:3(8Z,11Z,14Z)/18:3(9Z,12Z,15Z))	C43H74NO8P	M-H	763.515204861	2	-2	-2	N/A	N/A	HMDB0009359	http://www.hmdb.ca/metabolites/HMDB0009359	LMGP02010917	http://www.lipidmaps.org/data/LMSDRecord.php?LMID=LMGP02010917	60755.0	https://metlin.scripps.edu/metabo_info.php?molid=60755	52924618	https://pubchem.ncbi.nlm.nih.gov/compound/52924618	HHFGUIMMEZWSMH-DBMNPRCESA-N	[]	N/A	131
3987	762.50662	PE(18:2(9Z,12Z)/20:4(5Z,8Z,11Z,14Z))	C43H74NO8P	M-H	763.515204861	2	-2	-2	N/A	N/A	HMDB0009102	http://www.hmdb.ca/metabolites/HMDB0009102	LMGP02011192	http://www.lipidmaps.org/data/LMSDRecord.php?LMID=LMGP02011192	60509.0	https://metlin.scripps.edu/metabo_info.php?molid=60509	52924893	https://pubchem.ncbi.nlm.nih.gov/compound/52924893	LFGBKOUQHCWBQI-BZGLIJSBSA-N	[]	N/A	132
3990	762.50662	PE(18:1(9Z)/20:5(5Z,8Z,11Z,14Z,17Z))	C43H74NO8P	M-H	763.515204861	2	-2	-2	N/A	N/A	HMDB0009071	http://www.hmdb.ca/metabolites/HMDB0009071	LMGP02011195	http://www.lipidmaps.org/data/LMSDRecord.php?LMID=LMGP02011195	60481.0	https://metlin.scripps.edu/metabo_info.php?molid=60481	52924896	https://pubchem.ncbi.nlm.nih.gov/compound/52924896	AMKOUQLHUASJMB-LKGUXPQCSA-N	[]	N/A	133
3740	762.50662	PE(20:4(5Z,8Z,11Z,14Z)/18:2(9Z,12Z))	C43H74NO8P	M-H	763.515204861	2	-2	-2	N/A	N/A	HMDB0009390	http://www.hmdb.ca/metabolites/HMDB0009390	LMGP02010945	http://www.lipidmaps.org/data/LMSDRecord.php?LMID=LMGP02010945	60786.0	https://metlin.scripps.edu/metabo_info.php?molid=60786	52924646	https://pubchem.ncbi.nlm.nih.gov/compound/52924646	VRBJSZDBPQLNEM-PFTGJCAASA-N	[]	N/A	134
3496	762.50662	PE(18:3(6Z,9Z,12Z)/20:3(8Z,11Z,14Z))	C43H74NO8P	M-H	763.515204861	2	-2	-2	N/A	N/A	HMDB0009134	http://www.hmdb.ca/metabolites/HMDB0009134	LMGP02010701	http://www.lipidmaps.org/data/LMSDRecord.php?LMID=LMGP02010701	60541.0	https://metlin.scripps.edu/metabo_info.php?molid=60541	52924402	https://pubchem.ncbi.nlm.nih.gov/compound/52924402	MJTXLOUNFZEVMD-WBDYGFGLSA-N	[]	N/A	135
108991	762.50662	PE(18:3(9Z,12Z,15Z)/20:3(5Z,8Z,11Z))	C43H74NO8P	M-H	763.515204861	2	-2	-2	N/A	N/A	HMDB0009166	http://www.hmdb.ca/metabolites/HMDB0009166	N/A	N/A	60572.0	https://metlin.scripps.edu/metabo_info.php?molid=60572	53479686	https://pubchem.ncbi.nlm.nih.gov/compound/53479686	MBCBOKOMCWGBKJ-QTXVIUPLSA-N	[]	N/A	136
3524	762.50662	PE(18:3(9Z,12Z,15Z)/20:3(8Z,11Z,14Z))	C43H74NO8P	M-H	763.515204861	2	-2	-2	N/A	N/A	HMDB0009167	http://www.hmdb.ca/metabolites/HMDB0009167	LMGP02010729	http://www.lipidmaps.org/data/LMSDRecord.php?LMID=LMGP02010729	60573.0	https://metlin.scripps.edu/metabo_info.php?molid=60573	52924430	https://pubchem.ncbi.nlm.nih.gov/compound/52924430	RNNCXRLOUVGPBJ-FYUMQEHNSA-N	[]	N/A	137
99275	762.50662	PE(18:3(6Z,9Z,12Z)/20:3(5Z,8Z,11Z))	C43H74NO8P	M-H	763.515204861	2	-2	-2	N/A	N/A	HMDB0009133	http://www.hmdb.ca/metabolites/HMDB0009133	N/A	N/A	60540.0	https://metlin.scripps.edu/metabo_info.php?molid=60540	53479674	https://pubchem.ncbi.nlm.nih.gov/compound/53479674	QSJGADMTQPUJBO-APHLYRGTSA-N	[]	N/A	138
142540	762.50662	PE(20:5(5Z,8Z,11Z,14Z,17Z)/18:1(11Z))	C43H74NO8P	M-H	763.515204861	2	-2	-2	N/A	N/A	HMDB0009454	http://www.hmdb.ca/metabolites/HMDB0009454	N/A	N/A	60850.0	https://metlin.scripps.edu/metabo_info.php?molid=60850	53479832	https://pubchem.ncbi.nlm.nih.gov/compound/53479832	SSOGDYNSOWUGNO-GFWFKNDTSA-N	[]	N/A	139
124364	762.50662	PE(18:2(9Z,12Z)/20:4(8Z,11Z,14Z,17Z))	C43H74NO8P	M-H	763.515204861	2	-2	-2	N/A	N/A	HMDB0009103	http://www.hmdb.ca/metabolites/HMDB0009103	N/A	N/A	60510.0	https://metlin.scripps.edu/metabo_info.php?molid=60510	53479663	https://pubchem.ncbi.nlm.nih.gov/compound/53479663	VFHZIDQZQBGNBH-ARMVGAAKSA-N	[]	N/A	140
3554	762.50662	PE(18:4(6Z,9Z,12Z,15Z)/20:2(11Z,14Z))	C43H74NO8P	M-H	763.515204861	2	-2	-2	N/A	N/A	HMDB0009198	http://www.hmdb.ca/metabolites/HMDB0009198	LMGP02010759	http://www.lipidmaps.org/data/LMSDRecord.php?LMID=LMGP02010759	60604.0	https://metlin.scripps.edu/metabo_info.php?molid=60604	52924460	https://pubchem.ncbi.nlm.nih.gov/compound/52924460	LUYFBLCIIVMULN-CRWZBHAMSA-N	[]	N/A	141
126946	762.50662	PE(16:1(9Z)/22:5(4Z,7Z,10Z,13Z,16Z))	C43H74NO8P	M-H	763.515204861	2	-2	-2	N/A	N/A	HMDB0008977	http://www.hmdb.ca/metabolites/HMDB0008977	N/A	N/A	60406.0	https://metlin.scripps.edu/metabo_info.php?molid=60406	53479601	https://pubchem.ncbi.nlm.nih.gov/compound/53479601	CGGKIILOLKTYHS-LJGQSTEHSA-N	[]	N/A	142
84463	762.50662	PE(18:1(11Z)/20:5(5Z,8Z,11Z,14Z,17Z))	C43H74NO8P	M-H	763.515204861	2	-2	-2	N/A	N/A	HMDB0009038	http://www.hmdb.ca/metabolites/HMDB0009038	N/A	N/A	60456.0	https://metlin.scripps.edu/metabo_info.php?molid=60456	53479637	https://pubchem.ncbi.nlm.nih.gov/compound/53479637	BAGSXXSEDGUGEW-GFSMOMPXSA-N	[]	N/A	143
3061	762.50662	PE(16:0/22:6(4Z,7Z,10Z,13Z,16Z,19Z))	C43H74NO8P	M-H	763.515204861	2	-2	-2	N/A	N/A	HMDB0008946	http://www.hmdb.ca/metabolites/HMDB0008946	LMGP02010095	http://www.lipidmaps.org/data/LMSDRecord.php?LMID=LMGP02010095	40494.0	https://metlin.scripps.edu/metabo_info.php?molid=40494	86289492	https://pubchem.ncbi.nlm.nih.gov/compound/86289492	MPWUZHVZZKSTPV-MADBQMNMSA-N	[]	N/A	144
101372	762.50662	PE(20:3(5Z,8Z,11Z)/18:3(6Z,9Z,12Z))	C43H74NO8P	M-H	763.515204861	2	-2	-2	N/A	N/A	HMDB0009325	http://www.hmdb.ca/metabolites/HMDB0009325	N/A	N/A	60721.0	https://metlin.scripps.edu/metabo_info.php?molid=60721	53479751	https://pubchem.ncbi.nlm.nih.gov/compound/53479751	NPCBFYGJTIPFKS-XRINCNGYSA-N	[]	N/A	145
63762	762.50662	PE-NMe2(18:3(9Z,12Z,15Z)/18:3(6Z,9Z,12Z))	C43H74NO8P	M-H	763.515205345	2	-2	-2	N/A	N/A	HMDB0114132	http://www.hmdb.ca/metabolites/HMDB0114132	N/A	N/A	N/A	N/A	131821240	https://pubchem.ncbi.nlm.nih.gov/compound/131821240	LYRNTSZHLBTADV-PXXNEHEDSA-N	[]	N/A	146
120852	762.50662	PE-NMe(15:0/22:6(4Z,7Z,10Z,13Z,16Z,19Z))	C43H74NO8P	M-H	763.515205345	2	-2	-2	N/A	N/A	HMDB0113036	http://www.hmdb.ca/metabolites/HMDB0113036	N/A	N/A	N/A	N/A	131820151	https://pubchem.ncbi.nlm.nih.gov/compound/131820151	CSOIXXBOUKQVKH-KCXZDQOBSA-N	[]	N/A	147
93222	762.50662	PE-NMe(22:6(4Z,7Z,10Z,13Z,16Z,19Z)/15:0)	C43H74NO8P	M-H	763.515205345	2	-2	-2	N/A	N/A	HMDB0113675	http://www.hmdb.ca/metabolites/HMDB0113675	N/A	N/A	N/A	N/A	131820787	https://pubchem.ncbi.nlm.nih.gov/compound/131820787	CLPMFZLTACEARJ-YCMZWWCJSA-N	[]	N/A	148
117810	762.50662	PE-NMe2(14:1(9Z)/22:5(4Z,7Z,10Z,13Z,16Z))	C43H74NO8P	M-H	763.515205345	2	-2	-2	N/A	N/A	HMDB0113913	http://www.hmdb.ca/metabolites/HMDB0113913	N/A	N/A	N/A	N/A	131821023	https://pubchem.ncbi.nlm.nih.gov/compound/131821023	OZIYUAVCANQRPY-RTPGSKHDSA-N	[]	N/A	149
93547	762.50662	PE-NMe2(14:0/22:6(4Z,7Z,10Z,13Z,16Z,19Z))	C43H74NO8P	M-H	763.515205345	2	-2	-2	N/A	N/A	HMDB0113896	http://www.hmdb.ca/metabolites/HMDB0113896	N/A	N/A	N/A	N/A	131821006	https://pubchem.ncbi.nlm.nih.gov/compound/131821006	DVHPTGNGKIIIDX-DZJQDHATSA-N	[]	N/A	150
108164	762.50662	PE-NMe2(14:1(9Z)/22:5(7Z,10Z,13Z,16Z,19Z))	C43H74NO8P	M-H	763.515205345	2	-2	-2	N/A	N/A	HMDB0113914	http://www.hmdb.ca/metabolites/HMDB0113914	N/A	N/A	N/A	N/A	131821024	https://pubchem.ncbi.nlm.nih.gov/compound/131821024	NGSWBLPYWNRZHV-FUJSRDAWSA-N	[]	N/A	151
67462	762.50662	PE-NMe2(22:5(4Z,7Z,10Z,13Z,16Z)/14:1(9Z))	C43H74NO8P	M-H	763.515205345	2	-2	-2	N/A	N/A	HMDB0114524	http://www.hmdb.ca/metabolites/HMDB0114524	N/A	N/A	N/A	N/A	131821631	https://pubchem.ncbi.nlm.nih.gov/compound/131821631	AZECQIBBTSSNNT-WWONIRTHSA-N	[]	N/A	152
43680	762.50662	PE-NMe2(22:6(4Z,7Z,10Z,13Z,16Z,19Z)/14:0)	C43H74NO8P	M-H	763.515205345	2	-2	-2	N/A	N/A	HMDB0114576	http://www.hmdb.ca/metabolites/HMDB0114576	N/A	N/A	N/A	N/A	131821683	https://pubchem.ncbi.nlm.nih.gov/compound/131821683	RTCUAIFRJLFMOI-OTOZHURUSA-N	[]	N/A	153
97966	762.50662	PE-NMe2(18:3(9Z,12Z,15Z)/18:3(9Z,12Z,15Z))	C43H74NO8P	M-H	763.515205345	2	-2	-2	N/A	N/A	HMDB0114133	http://www.hmdb.ca/metabolites/HMDB0114133	N/A	N/A	N/A	N/A	131821241	https://pubchem.ncbi.nlm.nih.gov/compound/131821241	NHTLNXKTYAMULV-HKTUAWPASA-N	[]	N/A	154
142001	762.50662	PE-NMe2(22:5(7Z,10Z,13Z,16Z,19Z)/14:1(9Z))	C43H74NO8P	M-H	763.515205345	2	-2	-2	N/A	N/A	HMDB0114550	http://www.hmdb.ca/metabolites/HMDB0114550	N/A	N/A	N/A	N/A	131821657	https://pubchem.ncbi.nlm.nih.gov/compound/131821657	NKTKKXURJSCGEW-FUJSRDAWSA-N	[]	N/A	155
90801	762.50662	PE-NMe2(18:2(9Z,12Z)/18:4(6Z,9Z,12Z,15Z))	C43H74NO8P	M-H	763.515205345	2	-2	-2	N/A	N/A	HMDB0114076	http://www.hmdb.ca/metabolites/HMDB0114076	N/A	N/A	N/A	N/A	131821184	https://pubchem.ncbi.nlm.nih.gov/compound/131821184	CXUFVBVUOBMTIK-FFUZSSOESA-N	[]	N/A	156
129717	762.50662	PE-NMe2(20:5(5Z,8Z,11Z,14Z,17Z)/16:1(9Z))	C43H74NO8P	M-H	763.515205345	2	-2	-2	N/A	N/A	HMDB0114385	http://www.hmdb.ca/metabolites/HMDB0114385	N/A	N/A	N/A	N/A	131821492	https://pubchem.ncbi.nlm.nih.gov/compound/131821492	TWLZOUOANNYOHH-BSDWWRPESA-N	[]	N/A	157
75471	762.50662	PE-NMe2(18:3(6Z,9Z,12Z)/18:3(6Z,9Z,12Z))	C43H74NO8P	M-H	763.515205345	2	-2	-2	N/A	N/A	HMDB0114103	http://www.hmdb.ca/metabolites/HMDB0114103	N/A	N/A	N/A	N/A	131821211	https://pubchem.ncbi.nlm.nih.gov/compound/131821211	LXKXXCNROZYFKS-UEADRGIISA-N	[]	N/A	158
92135	762.50662	PE-NMe2(16:1(9Z)/20:5(5Z,8Z,11Z,14Z,17Z))	C43H74NO8P	M-H	763.515205345	2	-2	-2	N/A	N/A	HMDB0113975	http://www.hmdb.ca/metabolites/HMDB0113975	N/A	N/A	N/A	N/A	131821084	https://pubchem.ncbi.nlm.nih.gov/compound/131821084	AEFMEMQYTMAHBW-UEGHZOIKSA-N	[]	N/A	159
98797	762.50662	PE-NMe2(18:3(6Z,9Z,12Z)/18:3(9Z,12Z,15Z))	C43H74NO8P	M-H	763.515205345	2	-2	-2	N/A	N/A	HMDB0114104	http://www.hmdb.ca/metabolites/HMDB0114104	N/A	N/A	N/A	N/A	131821212	https://pubchem.ncbi.nlm.nih.gov/compound/131821212	SUGMHMQDDHFARF-PINVPHSTSA-N	[]	N/A	160
59894	762.50662	PE-NMe2(18:4(6Z,9Z,12Z,15Z)/18:2(9Z,12Z))	C43H74NO8P	M-H	763.515205345	2	-2	-2	N/A	N/A	HMDB0114160	http://www.hmdb.ca/metabolites/HMDB0114160	N/A	N/A	N/A	N/A	131821268	https://pubchem.ncbi.nlm.nih.gov/compound/131821268	FGANHKUAAWBFLA-QXRLJUKISA-N	[]	N/A	161
2306	762.50662	PC(20:5(5Z,8Z,11Z,14Z,17Z)/15:1(9Z))	C43H74NO8P	M-H	763.515208	2	-2	-2	N/A	N/A	N/A	N/A	LMGP01011931	http://www.lipidmaps.org/data/LMSDRecord.php?LMID=LMGP01011931	76211.0	https://metlin.scripps.edu/metabo_info.php?molid=76211	0	https://pubchem.ncbi.nlm.nih.gov/compound/0	MDUPXGLQFXOXAC-AVXHREABSA-N	[]	N/A	162
2085	762.50662	PC(18:4(6Z,9Z,12Z,15Z)/17:2(9Z,12Z))	C43H74NO8P	M-H	763.515208	2	-2	-2	N/A	N/A	N/A	N/A	LMGP01011710	http://www.lipidmaps.org/data/LMSDRecord.php?LMID=LMGP01011710	75990.0	https://metlin.scripps.edu/metabo_info.php?molid=75990	0	https://pubchem.ncbi.nlm.nih.gov/compound/0	XCPMIPMQGSWTOF-VCKCOXFYSA-N	[]	N/A	163
1830	762.50662	PC(15:1(9Z)/20:5(5Z,8Z,11Z,14Z,17Z))	C43H74NO8P	M-H	763.515208	2	-2	-2	N/A	N/A	N/A	N/A	LMGP01011455	http://www.lipidmaps.org/data/LMSDRecord.php?LMID=LMGP01011455	75735.0	https://metlin.scripps.edu/metabo_info.php?molid=75735	0	https://pubchem.ncbi.nlm.nih.gov/compound/0	JMDPPRZTSAKSPB-DQOQQWJLSA-N	[]	N/A	164
10876	762.50662	PE(P-16:0/22:6(4Z,7Z,10Z,12E,16Z,19Z)(14OH))	C43H74NO8P	M-H	763.515208	2	-2	-2	N/A	N/A	N/A	N/A	LMGP20020014	http://www.lipidmaps.org/data/LMSDRecord.php?LMID=LMGP20020014	82395.0	https://metlin.scripps.edu/metabo_info.php?molid=82395	0	https://pubchem.ncbi.nlm.nih.gov/compound/0	QHFOWXSGAYXXMA-GBCDHVKLSA-N	[]	N/A	165
1941	762.50662	PC(17:2(9Z,12Z)/18:4(6Z,9Z,12Z,15Z))	C43H74NO8P	M-H	763.515208	2	-2	-2	N/A	N/A	N/A	N/A	LMGP01011566	http://www.lipidmaps.org/data/LMSDRecord.php?LMID=LMGP01011566	75846.0	https://metlin.scripps.edu/metabo_info.php?molid=75846	0	https://pubchem.ncbi.nlm.nih.gov/compound/0	VRRBNIYSTZBWNF-PSYSMSQMSA-N	[]	N/A	166
2473	762.50662	PC(22:6(4Z,7Z,10Z,13Z,16Z,19Z)/13:0)	C43H74NO8P	M-H	763.515208	2	-2	-2	N/A	N/A	N/A	N/A	LMGP01012098	http://www.lipidmaps.org/data/LMSDRecord.php?LMID=LMGP01012098	76378.0	https://metlin.scripps.edu/metabo_info.php?molid=76378	0	https://pubchem.ncbi.nlm.nih.gov/compound/0	CZYPIOIKFBKANU-TXYJZGSBSA-N	[]	N/A	167
1737	762.50662	PC(13:0/22:6(4Z,7Z,10Z,13Z,16Z,19Z))	C43H74NO8P	M-H	763.515208	2	-2	-2	N/A	N/A	N/A	N/A	LMGP01011362	http://www.lipidmaps.org/data/LMSDRecord.php?LMID=LMGP01011362	75642.0	https://metlin.scripps.edu/metabo_info.php?molid=75642	0	https://pubchem.ncbi.nlm.nih.gov/compound/0	IGTWLVVZXUGYBZ-DBVOCACYSA-N	[]	N/A	168
164750	762.50662	PE(18:0/18:3(9Z,12Z,15Z))[U]	C41H76NO8P	M+Na-2H	741.53086	1	-2	-2	N/A	N/A	N/A	N/A	N/A	N/A	40444.0	https://metlin.scripps.edu/metabo_info.php?molid=40444	0	https://pubchem.ncbi.nlm.nih.gov/compound/0	N/A	[]	N/A	169
3598	762.50662	PE(19:1(9Z)/17:2(9Z,12Z))	C41H76NO8P	M+Na-2H	741.530858	1	-2	-2	N/A	N/A	N/A	N/A	LMGP02010803	http://www.lipidmaps.org/data/LMSDRecord.php?LMID=LMGP02010803	77038.0	https://metlin.scripps.edu/metabo_info.php?molid=77038	0	https://pubchem.ncbi.nlm.nih.gov/compound/0	AXERZYQPNNLNDI-BKRJBHFCSA-N	[]	N/A	170
1819	762.50662	PC(15:1(9Z)/18:2(9Z,12Z))	C41H76NO8P	M+Na-2H	741.530858	1	-2	-2	N/A	N/A	N/A	N/A	LMGP01011444	http://www.lipidmaps.org/data/LMSDRecord.php?LMID=LMGP01011444	75724.0	https://metlin.scripps.edu/metabo_info.php?molid=75724	0	https://pubchem.ncbi.nlm.nih.gov/compound/0	AZXQLWBKLPGTHN-MRSVQOSDSA-N	[]	N/A	171
1857	762.50662	PC(16:1(9Z)/17:2(9Z,12Z))	C41H76NO8P	M+Na-2H	741.530858	1	-2	-2	N/A	N/A	N/A	N/A	LMGP01011482	http://www.lipidmaps.org/data/LMSDRecord.php?LMID=LMGP01011482	75762.0	https://metlin.scripps.edu/metabo_info.php?molid=75762	0	https://pubchem.ncbi.nlm.nih.gov/compound/0	WAUPEHZSCBIDDU-RJXNKANHSA-N	[]	N/A	172
3403	762.50662	PE(17:2(9Z,12Z)/19:1(9Z))	C41H76NO8P	M+Na-2H	741.530858	1	-2	-2	N/A	N/A	N/A	N/A	LMGP02010608	http://www.lipidmaps.org/data/LMSDRecord.php?LMID=LMGP02010608	76843.0	https://metlin.scripps.edu/metabo_info.php?molid=76843	0	https://pubchem.ncbi.nlm.nih.gov/compound/0	ZNQCBKQTKUJCLJ-BKRJBHFCSA-N	[]	N/A	173
1933	762.50662	PC(17:2(9Z,12Z)/16:1(9Z))	C41H76NO8P	M+Na-2H	741.530858	1	-2	-2	N/A	N/A	N/A	N/A	LMGP01011558	http://www.lipidmaps.org/data/LMSDRecord.php?LMID=LMGP01011558	75838.0	https://metlin.scripps.edu/metabo_info.php?molid=75838	0	https://pubchem.ncbi.nlm.nih.gov/compound/0	KNAKJZFGEHXKLF-RJXNKANHSA-N	[]	N/A	174
1730	762.50662	PC(13:0/20:3(8Z,11Z,14Z))	C41H76NO8P	M+Na-2H	741.530858	1	-2	-2	N/A	N/A	N/A	N/A	LMGP01011355	http://www.lipidmaps.org/data/LMSDRecord.php?LMID=LMGP01011355	75635.0	https://metlin.scripps.edu/metabo_info.php?molid=75635	0	https://pubchem.ncbi.nlm.nih.gov/compound/0	ZWPOINKEZAPNIC-YGQCGPNASA-N	[]	N/A	175
2242	762.50662	PC(20:3(8Z,11Z,14Z)/13:0)	C41H76NO8P	M+Na-2H	741.530858	1	-2	-2	N/A	N/A	N/A	N/A	LMGP01011867	http://www.lipidmaps.org/data/LMSDRecord.php?LMID=LMGP01011867	76147.0	https://metlin.scripps.edu/metabo_info.php?molid=76147	0	https://pubchem.ncbi.nlm.nih.gov/compound/0	WLUWRRQQJBYBOT-YGQCGPNASA-N	[]	N/A	176
1994	762.50662	PC(18:2(9Z,12Z)/15:1(9Z))	C41H76NO8P	M+Na-2H	741.530858	1	-2	-2	N/A	N/A	N/A	N/A	LMGP01011619	http://www.lipidmaps.org/data/LMSDRecord.php?LMID=LMGP01011619	75899.0	https://metlin.scripps.edu/metabo_info.php?molid=75899	0	https://pubchem.ncbi.nlm.nih.gov/compound/0	ZYBWQUCADKYVFY-MRSVQOSDSA-N	[]	N/A	177
145942	762.50662	PE-NMe2(14:0/20:3(5Z,8Z,11Z))	C41H76NO8P	M+Na-2H	741.530855409	1	-2	-2	N/A	N/A	HMDB0113885	http://www.hmdb.ca/metabolites/HMDB0113885	N/A	N/A	N/A	N/A	131820995	https://pubchem.ncbi.nlm.nih.gov/compound/131820995	OOSWDCCXCOQLSC-DOGWQJDQSA-N	[]	N/A	178
148809	762.50662	PE-NMe2(18:2(9Z,12Z)/16:1(9Z))	C41H76NO8P	M+Na-2H	741.530855409	1	-2	-2	N/A	N/A	HMDB0114069	http://www.hmdb.ca/metabolites/HMDB0114069	N/A	N/A	N/A	N/A	131821177	https://pubchem.ncbi.nlm.nih.gov/compound/131821177	XYNHQXFDUYHSGW-FKDBMLBBSA-N	[]	N/A	179
79434	762.50662	PE-NMe2(16:0/18:3(9Z,12Z,15Z))	C41H76NO8P	M+Na-2H	741.530855409	1	-2	-2	N/A	N/A	HMDB0113945	http://www.hmdb.ca/metabolites/HMDB0113945	N/A	N/A	N/A	N/A	131821055	https://pubchem.ncbi.nlm.nih.gov/compound/131821055	LMMAZMAPLASHKV-WBEIKAEVSA-N	[]	N/A	180
83286	762.50662	PE-NMe2(20:2(11Z,14Z)/14:1(9Z))	C41H76NO8P	M+Na-2H	741.530855409	1	-2	-2	N/A	N/A	HMDB0114240	http://www.hmdb.ca/metabolites/HMDB0114240	N/A	N/A	N/A	N/A	131821347	https://pubchem.ncbi.nlm.nih.gov/compound/131821347	VZWAZALUZALAJQ-LXUIFYRWSA-N	[]	N/A	181
115037	762.50662	PE-NMe2(18:3(6Z,9Z,12Z)/16:0)	C41H76NO8P	M+Na-2H	741.530855409	1	-2	-2	N/A	N/A	HMDB0114097	http://www.hmdb.ca/metabolites/HMDB0114097	N/A	N/A	N/A	N/A	131821205	https://pubchem.ncbi.nlm.nih.gov/compound/131821205	BFGDERIFDUPBIG-FPYAUJESSA-N	[]	N/A	182
82270	762.50662	PE-NMe2(16:0/18:3(6Z,9Z,12Z))	C41H76NO8P	M+Na-2H	741.530855409	1	-2	-2	N/A	N/A	HMDB0113944	http://www.hmdb.ca/metabolites/HMDB0113944	N/A	N/A	N/A	N/A	131821054	https://pubchem.ncbi.nlm.nih.gov/compound/131821054	FULATAIFBFZMAL-UQYKGCKYSA-N	[]	N/A	183
116595	762.50662	PE-NMe(15:0/20:3(8Z,11Z,14Z))	C41H76NO8P	M+Na-2H	741.530855409	1	-2	-2	N/A	N/A	HMDB0113027	http://www.hmdb.ca/metabolites/HMDB0113027	N/A	N/A	N/A	N/A	131820142	https://pubchem.ncbi.nlm.nih.gov/compound/131820142	MLFMFPZFBBPZET-SPWRLXACSA-N	[]	N/A	184
107132	762.50662	PE-NMe2(16:1(9Z)/18:2(9Z,12Z))	C41H76NO8P	M+Na-2H	741.530855409	1	-2	-2	N/A	N/A	HMDB0113966	http://www.hmdb.ca/metabolites/HMDB0113966	N/A	N/A	N/A	N/A	131821075	https://pubchem.ncbi.nlm.nih.gov/compound/131821075	FSIJUHLMXMISMX-FKDBMLBBSA-N	[]	N/A	185
99987	762.50662	PE-NMe2(20:3(5Z,8Z,11Z)/14:0)	C41H76NO8P	M+Na-2H	741.530855409	1	-2	-2	N/A	N/A	HMDB0114268	http://www.hmdb.ca/metabolites/HMDB0114268	N/A	N/A	N/A	N/A	131821375	https://pubchem.ncbi.nlm.nih.gov/compound/131821375	JOZAUJGXDGMDIR-OZCDVCNUSA-N	[]	N/A	186
65973	762.50662	PE-NMe(15:0/20:3(5Z,8Z,11Z))	C41H76NO8P	M+Na-2H	741.530855409	1	-2	-2	N/A	N/A	HMDB0113026	http://www.hmdb.ca/metabolites/HMDB0113026	N/A	N/A	N/A	N/A	131820141	https://pubchem.ncbi.nlm.nih.gov/compound/131820141	PFYLFSHAOHFIFM-DOGWQJDQSA-N	[]	N/A	187
135610	762.50662	PE-NMe(20:3(5Z,8Z,11Z)/15:0)	C41H76NO8P	M+Na-2H	741.530855409	1	-2	-2	N/A	N/A	HMDB0113368	http://www.hmdb.ca/metabolites/HMDB0113368	N/A	N/A	N/A	N/A	131820480	https://pubchem.ncbi.nlm.nih.gov/compound/131820480	YFWUUCWYSASKJU-OZCDVCNUSA-N	[]	N/A	188
81084	762.50662	PE-NMe2(14:0/20:3(8Z,11Z,14Z))	C41H76NO8P	M+Na-2H	741.530855409	1	-2	-2	N/A	N/A	HMDB0113886	http://www.hmdb.ca/metabolites/HMDB0113886	N/A	N/A	N/A	N/A	131820996	https://pubchem.ncbi.nlm.nih.gov/compound/131820996	KPDWZHSCMMOZGL-KGDVCNTESA-N	[]	N/A	189
55740	762.50662	PE-NMe2(20:3(8Z,11Z,14Z)/14:0)	C41H76NO8P	M+Na-2H	741.530855409	1	-2	-2	N/A	N/A	HMDB0114296	http://www.hmdb.ca/metabolites/HMDB0114296	N/A	N/A	N/A	N/A	131821403	https://pubchem.ncbi.nlm.nih.gov/compound/131821403	VFDVUPMFCLXFFR-KGDVCNTESA-N	[]	N/A	190
139710	762.50662	PE-NMe2(18:3(9Z,12Z,15Z)/16:0)	C41H76NO8P	M+Na-2H	741.530855409	1	-2	-2	N/A	N/A	HMDB0114126	http://www.hmdb.ca/metabolites/HMDB0114126	N/A	N/A	N/A	N/A	131821234	https://pubchem.ncbi.nlm.nih.gov/compound/131821234	RXTBACWZVYBLJO-WBEIKAEVSA-N	[]	N/A	191
42693	762.50662	PE-NMe2(14:1(9Z)/20:2(11Z,14Z))	C41H76NO8P	M+Na-2H	741.530855409	1	-2	-2	N/A	N/A	HMDB0113904	http://www.hmdb.ca/metabolites/HMDB0113904	N/A	N/A	N/A	N/A	131821014	https://pubchem.ncbi.nlm.nih.gov/compound/131821014	CMALJLJUPOAGCE-LXUIFYRWSA-N	[]	N/A	192
45558	762.50662	PE-NMe(20:3(8Z,11Z,14Z)/15:0)	C41H76NO8P	M+Na-2H	741.530855409	1	-2	-2	N/A	N/A	HMDB0113396	http://www.hmdb.ca/metabolites/HMDB0113396	N/A	N/A	N/A	N/A	131820508	https://pubchem.ncbi.nlm.nih.gov/compound/131820508	LOQYKUZKYVOZIF-SPWRLXACSA-N	[]	N/A	193
1792	762.50662	PC(15:0/18:3(9Z,12Z,15Z))	C41H76NO8P	M+Na-2H	741.530854925	1	-2	-2	N/A	N/A	HMDB0007942	http://www.hmdb.ca/metabolites/HMDB0007942	LMGP01011417	http://www.lipidmaps.org/data/LMSDRecord.php?LMID=LMGP01011417	59392.0	https://metlin.scripps.edu/metabo_info.php?molid=59392	52922316	https://pubchem.ncbi.nlm.nih.gov/compound/52922316	FHTHYAKSWVNHHC-GZVVHSCDSA-N	[]	N/A	194
2050	762.50662	PC(18:3(9Z,12Z,15Z)/15:0)	C41H76NO8P	M+Na-2H	741.530854925	1	-2	-2	N/A	N/A	HMDB0008198	http://www.hmdb.ca/metabolites/HMDB0008198	LMGP01011675	http://www.lipidmaps.org/data/LMSDRecord.php?LMID=LMGP01011675	59644.0	https://metlin.scripps.edu/metabo_info.php?molid=59644	52922829	https://pubchem.ncbi.nlm.nih.gov/compound/52922829	DVZYZHDJKHILNT-GZVVHSCDSA-N	[]	N/A	195
82716	762.50662	PE(18:1(11Z)/18:2(9Z,12Z))	C41H76NO8P	M+Na-2H	741.530854925	1	-2	-2	N/A	N/A	HMDB0009027	http://www.hmdb.ca/metabolites/HMDB0009027	N/A	N/A	60445.0	https://metlin.scripps.edu/metabo_info.php?molid=60445	53479626	https://pubchem.ncbi.nlm.nih.gov/compound/53479626	SUGLKZVXTGKYMP-AVRWMSRUSA-N	[]	N/A	196
63004	762.50662	PE(20:3(5Z,8Z,11Z)/16:0)	C41H76NO8P	M+Na-2H	741.530854925	1	-2	-2	N/A	N/A	HMDB0009319	http://www.hmdb.ca/metabolites/HMDB0009319	N/A	N/A	60715.0	https://metlin.scripps.edu/metabo_info.php?molid=60715	53479745	https://pubchem.ncbi.nlm.nih.gov/compound/53479745	OKKOTEXYXPSGMF-VDRIIYAVSA-N	[]	N/A	197
3869	762.50662	PE(22:2(13Z,16Z)/14:1(9Z))	C41H76NO8P	M+Na-2H	741.530854925	1	-2	-2	N/A	N/A	HMDB0009548	http://www.hmdb.ca/metabolites/HMDB0009548	LMGP02011074	http://www.lipidmaps.org/data/LMSDRecord.php?LMID=LMGP02011074	60937.0	https://metlin.scripps.edu/metabo_info.php?molid=60937	52924775	https://pubchem.ncbi.nlm.nih.gov/compound/52924775	NDFYJHAUVLKSLS-UUYHJMQVSA-N	[]	N/A	198
3673	762.50662	PE(20:2(11Z,14Z)/16:1(9Z))	C41H76NO8P	M+Na-2H	741.530854925	1	-2	-2	N/A	N/A	HMDB0009287	http://www.hmdb.ca/metabolites/HMDB0009287	LMGP02010878	http://www.lipidmaps.org/data/LMSDRecord.php?LMID=LMGP02010878	60683.0	https://metlin.scripps.edu/metabo_info.php?molid=60683	52924579	https://pubchem.ncbi.nlm.nih.gov/compound/52924579	CBFBPWNKOMZXKO-XKDWLADFSA-N	[]	N/A	199
3423	762.50662	PE(18:0/18:3(6Z,9Z,12Z))	C41H76NO8P	M+Na-2H	741.530854925	1	-2	-2	N/A	N/A	HMDB0008995	http://www.hmdb.ca/metabolites/HMDB0008995	LMGP02010628	http://www.lipidmaps.org/data/LMSDRecord.php?LMID=LMGP02010628	60421.0	https://metlin.scripps.edu/metabo_info.php?molid=60421	52924329	https://pubchem.ncbi.nlm.nih.gov/compound/52924329	QTRPWCPOCGJHHW-QEVGDWJSSA-N	[]	N/A	200
3424	762.50662	PE(18:0/18:3(9Z,12Z,15Z))	C41H76NO8P	M+Na-2H	741.530854925	1	-2	-2	N/A	N/A	HMDB0008996	http://www.hmdb.ca/metabolites/HMDB0008996	LMGP02010629	http://www.lipidmaps.org/data/LMSDRecord.php?LMID=LMGP02010629	60422.0	https://metlin.scripps.edu/metabo_info.php?molid=60422	102515439	https://pubchem.ncbi.nlm.nih.gov/compound/102515439	DCPDPBCUPLKQNQ-HPSODUDCSA-N	[]	N/A	201
61551	762.50662	PE(18:2(9Z,12Z)/18:1(11Z))	C41H76NO8P	M+Na-2H	741.530854925	1	-2	-2	N/A	N/A	HMDB0009091	http://www.hmdb.ca/metabolites/HMDB0009091	N/A	N/A	60499.0	https://metlin.scripps.edu/metabo_info.php?molid=60499	53479661	https://pubchem.ncbi.nlm.nih.gov/compound/53479661	ADKNUXINKGBJMY-CPLBAJMFSA-N	[]	N/A	202
3703	762.50662	PE(20:3(8Z,11Z,14Z)/16:0)	C41H76NO8P	M+Na-2H	741.530854925	1	-2	-2	N/A	N/A	HMDB0009352	http://www.hmdb.ca/metabolites/HMDB0009352	LMGP02010908	http://www.lipidmaps.org/data/LMSDRecord.php?LMID=LMGP02010908	60748.0	https://metlin.scripps.edu/metabo_info.php?molid=60748	52924609	https://pubchem.ncbi.nlm.nih.gov/compound/52924609	UMJNPEIBPLXICQ-CISNCOODSA-N	[]	N/A	203
3458	762.50662	PE(18:2(9Z,12Z)/18:1(9Z))	C41H76NO8P	M+Na-2H	741.530854925	1	-2	-2	N/A	N/A	HMDB0009092	http://www.hmdb.ca/metabolites/HMDB0009092	LMGP02010663	http://www.lipidmaps.org/data/LMSDRecord.php?LMID=LMGP02010663	60500.0	https://metlin.scripps.edu/metabo_info.php?molid=60500	52924364	https://pubchem.ncbi.nlm.nih.gov/compound/52924364	DOILLFCKSSPXMF-ZKZIFNJMSA-N	[]	N/A	204
3485	762.50662	PE(18:3(6Z,9Z,12Z)/18:0)	C41H76NO8P	M+Na-2H	741.530854925	1	-2	-2	N/A	N/A	HMDB0009123	http://www.hmdb.ca/metabolites/HMDB0009123	LMGP02010690	http://www.lipidmaps.org/data/LMSDRecord.php?LMID=LMGP02010690	60530.0	https://metlin.scripps.edu/metabo_info.php?molid=60530	52924391	https://pubchem.ncbi.nlm.nih.gov/compound/52924391	HVDYTORIBLUETE-AFCCUTSCSA-N	[]	N/A	205
91303	762.50662	PE(16:0/20:3(5Z,8Z,11Z))	C41H76NO8P	M+Na-2H	741.530854925	1	-2	-2	N/A	N/A	HMDB0008935	http://www.hmdb.ca/metabolites/HMDB0008935	N/A	N/A	60370.0	https://metlin.scripps.edu/metabo_info.php?molid=60370	53479587	https://pubchem.ncbi.nlm.nih.gov/compound/53479587	RJWWKQFULAKKGJ-JIYOJZDXSA-N	[]	N/A	206
3244	762.50662	PE(14:1(9Z)/22:2(13Z,16Z))	C41H76NO8P	M+Na-2H	741.530854925	1	-2	-2	N/A	N/A	HMDB0008876	http://www.hmdb.ca/metabolites/HMDB0008876	LMGP02010449	http://www.lipidmaps.org/data/LMSDRecord.php?LMID=LMGP02010449	60320.0	https://metlin.scripps.edu/metabo_info.php?molid=60320	52924154	https://pubchem.ncbi.nlm.nih.gov/compound/52924154	XQEKQVXPNUSEMG-UUYHJMQVSA-N	[]	N/A	207
4017	762.50662	PE(16:0/20:3(8Z,11Z,14Z))	C41H76NO8P	M+Na-2H	741.530854925	1	-2	-2	N/A	N/A	HMDB0008936	http://www.hmdb.ca/metabolites/HMDB0008936	LMGP02011222	http://www.lipidmaps.org/data/LMSDRecord.php?LMID=LMGP02011222	60371.0	https://metlin.scripps.edu/metabo_info.php?molid=60371	122198212	https://pubchem.ncbi.nlm.nih.gov/compound/122198212	LMWFNZUKABEGHS-CISNCOODSA-N	[]	N/A	208
3515	762.50662	PE(18:3(9Z,12Z,15Z)/18:0)	C41H76NO8P	M+Na-2H	741.530854925	1	-2	-2	N/A	N/A	HMDB0009156	http://www.hmdb.ca/metabolites/HMDB0009156	LMGP02010720	http://www.lipidmaps.org/data/LMSDRecord.php?LMID=LMGP02010720	60562.0	https://metlin.scripps.edu/metabo_info.php?molid=60562	52924421	https://pubchem.ncbi.nlm.nih.gov/compound/52924421	NTINXHSINBZQGH-OLWDQJIWSA-N	[]	N/A	209
2019	762.50662	PC(18:3(6Z,9Z,12Z)/15:0)	C41H76NO8P	M+Na-2H	741.530854925	1	-2	-2	N/A	N/A	HMDB0008165	http://www.hmdb.ca/metabolites/HMDB0008165	LMGP01011644	http://www.lipidmaps.org/data/LMSDRecord.php?LMID=LMGP01011644	59611.0	https://metlin.scripps.edu/metabo_info.php?molid=59611	52922767	https://pubchem.ncbi.nlm.nih.gov/compound/52922767	XECLFWWDBRCRPK-XRHIYUNWSA-N	[]	N/A	210
3052	762.50662	PE(18:1(9Z)/18:2(9Z,12Z))	C41H76NO8P	M+Na-2H	741.530854925	1	-2	-2	N/A	N/A	HMDB0009060	http://www.hmdb.ca/metabolites/HMDB0009060	LMGP02010048	http://www.lipidmaps.org/data/LMSDRecord.php?LMID=LMGP02010048	40447.0	https://metlin.scripps.edu/metabo_info.php?molid=40447	71728379	https://pubchem.ncbi.nlm.nih.gov/compound/71728379	GKAFCSRKMWFPSJ-RJXNKANHSA-N	[]	N/A	211
3326	762.50662	PE(16:1(9Z)/20:2(11Z,14Z))	C41H76NO8P	M+Na-2H	741.530854925	1	-2	-2	N/A	N/A	HMDB0008967	http://www.hmdb.ca/metabolites/HMDB0008967	LMGP02010531	http://www.lipidmaps.org/data/LMSDRecord.php?LMID=LMGP02010531	60396.0	https://metlin.scripps.edu/metabo_info.php?molid=60396	52924234	https://pubchem.ncbi.nlm.nih.gov/compound/52924234	FRZXKSQGAKPAPK-XKDWLADFSA-N	[]	N/A	212
1791	762.50662	PC(15:0/18:3(6Z,9Z,12Z))	C41H76NO8P	M+Na-2H	741.530854925	1	-2	-2	N/A	N/A	HMDB0007941	http://www.hmdb.ca/metabolites/HMDB0007941	LMGP01011416	http://www.lipidmaps.org/data/LMSDRecord.php?LMID=LMGP01011416	59391.0	https://metlin.scripps.edu/metabo_info.php?molid=59391	52922314	https://pubchem.ncbi.nlm.nih.gov/compound/52922314	VZPPRGZNTVUBLP-UKNPSHDRSA-N	[]	N/A	213
10858	762.50662	PE(18:0/20:4(5Z,8Z,11Z,13E)(15Ke))	C43H76NO9P	M-H-H2O	781.525772	1	-2	-2	N/A	N/A	N/A	N/A	LMGP20020052	http://www.lipidmaps.org/data/LMSDRecord.php?LMID=LMGP20020052	82377.0	https://metlin.scripps.edu/metabo_info.php?molid=82377	0	https://pubchem.ncbi.nlm.nih.gov/compound/0	YPSYMUMQRVUERI-CVXAVEKGSA-N	[]	N/A	214
