Identifier	Experimental mass	Name	Peptide	Halogenated	Plant	NaturalProduct	MDM	Drug	Food	Formula	Adduct	Molecular Weight	mz Error (ppm)	ionizationScore	finalScore	kegg_compound	kegg_uri	hmdb_compound	hmdb_uri	lipidmaps_compound	lipidmaps_uri	metlin_compound	metlin_uri	pubchem_compound	pubchem_uri	inChiKey	pathways	cas	_TPIDX
125696 ; 137238 ; 144721 ; 48216 ; 68208 ; 108991 ; 99275 ; 142540 ; 124364 ; 126946 ; 84463 ; 101372	762.50662	PE 38:6								C43H74NO8P	M-H	763.515204861	2	-2	-2	N/A	N/A	HMDB0008978 ; HMDB0009423 ; HMDB0009326 ; HMDB0009617 ; HMDB0009650 ; HMDB0009166 ; HMDB0009133 ; HMDB0009454 ; HMDB0009103 ; HMDB0008977 ; HMDB0009038 ; HMDB0009325	http://www.hmdb.ca/metabolites/HMDB0008978 ; http://www.hmdb.ca/metabolites/HMDB0009423 ; http://www.hmdb.ca/metabolites/HMDB0009326 ; http://www.hmdb.ca/metabolites/HMDB0009617 ; http://www.hmdb.ca/metabolites/HMDB0009650 ; http://www.hmdb.ca/metabolites/HMDB0009166 ; http://www.hmdb.ca/metabolites/HMDB0009133 ; http://www.hmdb.ca/metabolites/HMDB0009454 ; http://www.hmdb.ca/metabolites/HMDB0009103 ; http://www.hmdb.ca/metabolites/HMDB0008977 ; http://www.hmdb.ca/metabolites/HMDB0009038 ; http://www.hmdb.ca/metabolites/HMDB0009325	N/A	N/A	60407.0 ; 60819.0 ; 60722.0 ; 61006.0 ; 61039.0 ; 60572.0 ; 60540.0 ; 60850.0 ; 60510.0 ; 60406.0 ; 60456.0 ; 60721.0	https://metlin.scripps.edu/metabo_info.php?molid=60407 ; https://metlin.scripps.edu/metabo_info.php?molid=60819 ; https://metlin.scripps.edu/metabo_info.php?molid=60722 ; https://metlin.scripps.edu/metabo_info.php?molid=61006 ; https://metlin.scripps.edu/metabo_info.php?molid=61039 ; https://metlin.scripps.edu/metabo_info.php?molid=60572 ; https://metlin.scripps.edu/metabo_info.php?molid=60540 ; https://metlin.scripps.edu/metabo_info.php?molid=60850 ; https://metlin.scripps.edu/metabo_info.php?molid=60510 ; https://metlin.scripps.edu/metabo_info.php?molid=60406 ; https://metlin.scripps.edu/metabo_info.php?molid=60456 ; https://metlin.scripps.edu/metabo_info.php?molid=60721	53479602 ; 53479807 ; 53479752 ; 53479913 ; 53479946 ; 53479686 ; 53479674 ; 53479832 ; 53479663 ; 53479601 ; 53479637 ; 53479751	https://pubchem.ncbi.nlm.nih.gov/compound/53479602 ; https://pubchem.ncbi.nlm.nih.gov/compound/53479807 ; https://pubchem.ncbi.nlm.nih.gov/compound/53479752 ; https://pubchem.ncbi.nlm.nih.gov/compound/53479913 ; https://pubchem.ncbi.nlm.nih.gov/compound/53479946 ; https://pubchem.ncbi.nlm.nih.gov/compound/53479686 ; https://pubchem.ncbi.nlm.nih.gov/compound/53479674 ; https://pubchem.ncbi.nlm.nih.gov/compound/53479832 ; https://pubchem.ncbi.nlm.nih.gov/compound/53479663 ; https://pubchem.ncbi.nlm.nih.gov/compound/53479601 ; https://pubchem.ncbi.nlm.nih.gov/compound/53479637 ; https://pubchem.ncbi.nlm.nih.gov/compound/53479751	VHHWPJFJXPSEDR-DWSJJDFISA-N ; HLXQUKRDCPSIEH-NOFDWUEQSA-N ; FMIUPKYSDNZHTA-BEBRAUHWSA-N ; CJTLVAFISCQEQS-ZJLVUGKFSA-N ; BXQLRXVJZRHFMU-KONFTKGISA-N ; MBCBOKOMCWGBKJ-QTXVIUPLSA-N ; QSJGADMTQPUJBO-APHLYRGTSA-N ; SSOGDYNSOWUGNO-GFWFKNDTSA-N ; VFHZIDQZQBGNBH-ARMVGAAKSA-N ; CGGKIILOLKTYHS-LJGQSTEHSA-N ; BAGSXXSEDGUGEW-GFSMOMPXSA-N ; NPCBFYGJTIPFKS-XRINCNGYSA-N	[]	N/A	122 ; 123 ; 124 ; 125 ; 127 ; 136 ; 138 ; 139 ; 140 ; 142 ; 143 ; 145
3682 ; 3956 ; 3711 ; 3967 ; 3712 ; 3987 ; 3990 ; 3740 ; 3496 ; 3524 ; 3554 ; 3061	762.50662	PE 38:6; LMSD{ PE 38:6 }								C43H74NO8P	M-H	763.515204861	2	-2	-2	N/A	N/A	HMDB0009294 ; HMDB0009682 ; HMDB0009358 ; HMDB0009455 ; HMDB0009359 ; HMDB0009102 ; HMDB0009071 ; HMDB0009390 ; HMDB0009134 ; HMDB0009167 ; HMDB0009198 ; HMDB0008946	http://www.hmdb.ca/metabolites/HMDB0009294 ; http://www.hmdb.ca/metabolites/HMDB0009682 ; http://www.hmdb.ca/metabolites/HMDB0009358 ; http://www.hmdb.ca/metabolites/HMDB0009455 ; http://www.hmdb.ca/metabolites/HMDB0009359 ; http://www.hmdb.ca/metabolites/HMDB0009102 ; http://www.hmdb.ca/metabolites/HMDB0009071 ; http://www.hmdb.ca/metabolites/HMDB0009390 ; http://www.hmdb.ca/metabolites/HMDB0009134 ; http://www.hmdb.ca/metabolites/HMDB0009167 ; http://www.hmdb.ca/metabolites/HMDB0009198 ; http://www.hmdb.ca/metabolites/HMDB0008946	LMGP02010887 ; LMGP02011161 ; LMGP02010916 ; LMGP02011172 ; LMGP02010917 ; LMGP02011192 ; LMGP02011195 ; LMGP02010945 ; LMGP02010701 ; LMGP02010729 ; LMGP02010759 ; LMGP02010095	http://www.lipidmaps.org/data/LMSDRecord.php?LMID=LMGP02010887 ; http://www.lipidmaps.org/data/LMSDRecord.php?LMID=LMGP02011161 ; http://www.lipidmaps.org/data/LMSDRecord.php?LMID=LMGP02010916 ; http://www.lipidmaps.org/data/LMSDRecord.php?LMID=LMGP02011172 ; http://www.lipidmaps.org/data/LMSDRecord.php?LMID=LMGP02010917 ; http://www.lipidmaps.org/data/LMSDRecord.php?LMID=LMGP02011192 ; http://www.lipidmaps.org/data/LMSDRecord.php?LMID=LMGP02011195 ; http://www.lipidmaps.org/data/LMSDRecord.php?LMID=LMGP02010945 ; http://www.lipidmaps.org/data/LMSDRecord.php?LMID=LMGP02010701 ; http://www.lipidmaps.org/data/LMSDRecord.php?LMID=LMGP02010729 ; http://www.lipidmaps.org/data/LMSDRecord.php?LMID=LMGP02010759 ; http://www.lipidmaps.org/data/LMSDRecord.php?LMID=LMGP02010095	60690.0 ; 61071.0 ; 60754.0 ; 60851.0 ; 60755.0 ; 60509.0 ; 60481.0 ; 60786.0 ; 60541.0 ; 60573.0 ; 60604.0 ; 40494.0	https://metlin.scripps.edu/metabo_info.php?molid=60690 ; https://metlin.scripps.edu/metabo_info.php?molid=61071 ; https://metlin.scripps.edu/metabo_info.php?molid=60754 ; https://metlin.scripps.edu/metabo_info.php?molid=60851 ; https://metlin.scripps.edu/metabo_info.php?molid=60755 ; https://metlin.scripps.edu/metabo_info.php?molid=60509 ; https://metlin.scripps.edu/metabo_info.php?molid=60481 ; https://metlin.scripps.edu/metabo_info.php?molid=60786 ; https://metlin.scripps.edu/metabo_info.php?molid=60541 ; https://metlin.scripps.edu/metabo_info.php?molid=60573 ; https://metlin.scripps.edu/metabo_info.php?molid=60604 ; https://metlin.scripps.edu/metabo_info.php?molid=40494	52924588 ; 52924862 ; 52924617 ; 52924873 ; 52924618 ; 52924893 ; 52924896 ; 52924646 ; 52924402 ; 52924430 ; 52924460 ; 86289492	https://pubchem.ncbi.nlm.nih.gov/compound/52924588 ; https://pubchem.ncbi.nlm.nih.gov/compound/52924862 ; https://pubchem.ncbi.nlm.nih.gov/compound/52924617 ; https://pubchem.ncbi.nlm.nih.gov/compound/52924873 ; https://pubchem.ncbi.nlm.nih.gov/compound/52924618 ; https://pubchem.ncbi.nlm.nih.gov/compound/52924893 ; https://pubchem.ncbi.nlm.nih.gov/compound/52924896 ; https://pubchem.ncbi.nlm.nih.gov/compound/52924646 ; https://pubchem.ncbi.nlm.nih.gov/compound/52924402 ; https://pubchem.ncbi.nlm.nih.gov/compound/52924430 ; https://pubchem.ncbi.nlm.nih.gov/compound/52924460 ; https://pubchem.ncbi.nlm.nih.gov/compound/86289492	BXGABXGDBKOHDO-PNHOVDMKSA-N ; CNFOLWFURRWWGX-HHXXILGKSA-N ; ZQNFRTKEBTVTHP-RXYYQAQXSA-N ; IFUXMIFACJBCIO-ASRSURRLSA-N ; HHFGUIMMEZWSMH-DBMNPRCESA-N ; LFGBKOUQHCWBQI-BZGLIJSBSA-N ; AMKOUQLHUASJMB-LKGUXPQCSA-N ; VRBJSZDBPQLNEM-PFTGJCAASA-N ; MJTXLOUNFZEVMD-WBDYGFGLSA-N ; RNNCXRLOUVGPBJ-FYUMQEHNSA-N ; LUYFBLCIIVMULN-CRWZBHAMSA-N ; MPWUZHVZZKSTPV-MADBQMNMSA-N	[]	N/A	126 ; 128 ; 129 ; 130 ; 131 ; 132 ; 133 ; 134 ; 135 ; 137 ; 141 ; 144
63762 ; 117810 ; 93547 ; 108164 ; 67462 ; 43680 ; 97966 ; 142001 ; 90801 ; 129717 ; 75471 ; 92135 ; 98797 ; 59894	762.50662	PE-NMe2 36:6								C43H74NO8P	M-H	763.515205345	2	-2	-2	N/A	N/A	HMDB0114132 ; HMDB0113913 ; HMDB0113896 ; HMDB0113914 ; HMDB0114524 ; HMDB0114576 ; HMDB0114133 ; HMDB0114550 ; HMDB0114076 ; HMDB0114385 ; HMDB0114103 ; HMDB0113975 ; HMDB0114104 ; HMDB0114160	http://www.hmdb.ca/metabolites/HMDB0114132 ; http://www.hmdb.ca/metabolites/HMDB0113913 ; http://www.hmdb.ca/metabolites/HMDB0113896 ; http://www.hmdb.ca/metabolites/HMDB0113914 ; http://www.hmdb.ca/metabolites/HMDB0114524 ; http://www.hmdb.ca/metabolites/HMDB0114576 ; http://www.hmdb.ca/metabolites/HMDB0114133 ; http://www.hmdb.ca/metabolites/HMDB0114550 ; http://www.hmdb.ca/metabolites/HMDB0114076 ; http://www.hmdb.ca/metabolites/HMDB0114385 ; http://www.hmdb.ca/metabolites/HMDB0114103 ; http://www.hmdb.ca/metabolites/HMDB0113975 ; http://www.hmdb.ca/metabolites/HMDB0114104 ; http://www.hmdb.ca/metabolites/HMDB0114160	N/A	N/A	N/A	N/A	131821240 ; 131821023 ; 131821006 ; 131821024 ; 131821631 ; 131821683 ; 131821241 ; 131821657 ; 131821184 ; 131821492 ; 131821211 ; 131821084 ; 131821212 ; 131821268	https://pubchem.ncbi.nlm.nih.gov/compound/131821240 ; https://pubchem.ncbi.nlm.nih.gov/compound/131821023 ; https://pubchem.ncbi.nlm.nih.gov/compound/131821006 ; https://pubchem.ncbi.nlm.nih.gov/compound/131821024 ; https://pubchem.ncbi.nlm.nih.gov/compound/131821631 ; https://pubchem.ncbi.nlm.nih.gov/compound/131821683 ; https://pubchem.ncbi.nlm.nih.gov/compound/131821241 ; https://pubchem.ncbi.nlm.nih.gov/compound/131821657 ; https://pubchem.ncbi.nlm.nih.gov/compound/131821184 ; https://pubchem.ncbi.nlm.nih.gov/compound/131821492 ; https://pubchem.ncbi.nlm.nih.gov/compound/131821211 ; https://pubchem.ncbi.nlm.nih.gov/compound/131821084 ; https://pubchem.ncbi.nlm.nih.gov/compound/131821212 ; https://pubchem.ncbi.nlm.nih.gov/compound/131821268	LYRNTSZHLBTADV-PXXNEHEDSA-N ; OZIYUAVCANQRPY-RTPGSKHDSA-N ; DVHPTGNGKIIIDX-DZJQDHATSA-N ; NGSWBLPYWNRZHV-FUJSRDAWSA-N ; AZECQIBBTSSNNT-WWONIRTHSA-N ; RTCUAIFRJLFMOI-OTOZHURUSA-N ; NHTLNXKTYAMULV-HKTUAWPASA-N ; NKTKKXURJSCGEW-FUJSRDAWSA-N ; CXUFVBVUOBMTIK-FFUZSSOESA-N ; TWLZOUOANNYOHH-BSDWWRPESA-N ; LXKXXCNROZYFKS-UEADRGIISA-N ; AEFMEMQYTMAHBW-UEGHZOIKSA-N ; SUGMHMQDDHFARF-PINVPHSTSA-N ; FGANHKUAAWBFLA-QXRLJUKISA-N	[]	N/A	146 ; 149 ; 150 ; 151 ; 152 ; 153 ; 154 ; 155 ; 156 ; 157 ; 158 ; 159 ; 160 ; 161
120852 ; 93222	762.50662	PE-NMe 37:6								C43H74NO8P	M-H	763.515205345	2	-2	-2	N/A	N/A	HMDB0113036 ; HMDB0113675	http://www.hmdb.ca/metabolites/HMDB0113036 ; http://www.hmdb.ca/metabolites/HMDB0113675	N/A	N/A	N/A	N/A	131820151 ; 131820787	https://pubchem.ncbi.nlm.nih.gov/compound/131820151 ; https://pubchem.ncbi.nlm.nih.gov/compound/131820787	CSOIXXBOUKQVKH-KCXZDQOBSA-N ; CLPMFZLTACEARJ-YCMZWWCJSA-N	[]	N/A	147 ; 148
2306 ; 2085 ; 1830 ; 1941 ; 2473 ; 1737	762.50662	PC 35:6; LMSD{ PC 35:6 }								C43H74NO8P	M-H	763.515208	2	-2	-2	N/A	N/A	N/A	N/A	LMGP01011931 ; LMGP01011710 ; LMGP01011455 ; LMGP01011566 ; LMGP01012098 ; LMGP01011362	http://www.lipidmaps.org/data/LMSDRecord.php?LMID=LMGP01011931 ; http://www.lipidmaps.org/data/LMSDRecord.php?LMID=LMGP01011710 ; http://www.lipidmaps.org/data/LMSDRecord.php?LMID=LMGP01011455 ; http://www.lipidmaps.org/data/LMSDRecord.php?LMID=LMGP01011566 ; http://www.lipidmaps.org/data/LMSDRecord.php?LMID=LMGP01012098 ; http://www.lipidmaps.org/data/LMSDRecord.php?LMID=LMGP01011362	76211.0 ; 75990.0 ; 75735.0 ; 75846.0 ; 76378.0 ; 75642.0	https://metlin.scripps.edu/metabo_info.php?molid=76211 ; https://metlin.scripps.edu/metabo_info.php?molid=75990 ; https://metlin.scripps.edu/metabo_info.php?molid=75735 ; https://metlin.scripps.edu/metabo_info.php?molid=75846 ; https://metlin.scripps.edu/metabo_info.php?molid=76378 ; https://metlin.scripps.edu/metabo_info.php?molid=75642	0	https://pubchem.ncbi.nlm.nih.gov/compound/0	MDUPXGLQFXOXAC-AVXHREABSA-N ; XCPMIPMQGSWTOF-VCKCOXFYSA-N ; JMDPPRZTSAKSPB-DQOQQWJLSA-N ; VRRBNIYSTZBWNF-PSYSMSQMSA-N ; CZYPIOIKFBKANU-TXYJZGSBSA-N ; IGTWLVVZXUGYBZ-DBVOCACYSA-N	[]	N/A	162 ; 163 ; 164 ; 166 ; 167 ; 168
10876	762.50662	PE P-38:6(OH); LMSD{ PE O-38:7;O }								C43H74NO8P	M-H	763.515208	2	-2	-2	N/A	N/A	N/A	N/A	LMGP20020014	http://www.lipidmaps.org/data/LMSDRecord.php?LMID=LMGP20020014	82395.0	https://metlin.scripps.edu/metabo_info.php?molid=82395	0	https://pubchem.ncbi.nlm.nih.gov/compound/0	QHFOWXSGAYXXMA-GBCDHVKLSA-N	[]	N/A	165
164750 ; 82716 ; 63004 ; 61551 ; 91303	762.50662	PE 36:3								C41H76NO8P	M+Na-2H	741.53086 ; 741.530854925	1	-2	-2	N/A	N/A	HMDB0009027 ; HMDB0009319 ; HMDB0009091 ; HMDB0008935	http://www.hmdb.ca/metabolites/HMDB0009027 ; http://www.hmdb.ca/metabolites/HMDB0009319 ; http://www.hmdb.ca/metabolites/HMDB0009091 ; http://www.hmdb.ca/metabolites/HMDB0008935	N/A	N/A	40444.0 ; 60445.0 ; 60715.0 ; 60499.0 ; 60370.0	https://metlin.scripps.edu/metabo_info.php?molid=40444 ; https://metlin.scripps.edu/metabo_info.php?molid=60445 ; https://metlin.scripps.edu/metabo_info.php?molid=60715 ; https://metlin.scripps.edu/metabo_info.php?molid=60499 ; https://metlin.scripps.edu/metabo_info.php?molid=60370	0 ; 53479626 ; 53479745 ; 53479661 ; 53479587	https://pubchem.ncbi.nlm.nih.gov/compound/0 ; https://pubchem.ncbi.nlm.nih.gov/compound/53479626 ; https://pubchem.ncbi.nlm.nih.gov/compound/53479745 ; https://pubchem.ncbi.nlm.nih.gov/compound/53479661 ; https://pubchem.ncbi.nlm.nih.gov/compound/53479587	SUGLKZVXTGKYMP-AVRWMSRUSA-N ; OKKOTEXYXPSGMF-VDRIIYAVSA-N ; ADKNUXINKGBJMY-CPLBAJMFSA-N ; RJWWKQFULAKKGJ-JIYOJZDXSA-N	[]	N/A	169 ; 196 ; 197 ; 202 ; 206
3598 ; 3403 ; 3869 ; 3673 ; 3423 ; 3424 ; 3703 ; 3458 ; 3485 ; 3244 ; 4017 ; 3515 ; 3052 ; 3326	762.50662	PE 36:3; LMSD{ PE 36:3 }								C41H76NO8P	M+Na-2H	741.530858 ; 741.530854925	1	-2	-2	N/A	N/A	HMDB0009548 ; HMDB0009287 ; HMDB0008995 ; HMDB0008996 ; HMDB0009352 ; HMDB0009092 ; HMDB0009123 ; HMDB0008876 ; HMDB0008936 ; HMDB0009156 ; HMDB0009060 ; HMDB0008967	http://www.hmdb.ca/metabolites/HMDB0009548 ; http://www.hmdb.ca/metabolites/HMDB0009287 ; http://www.hmdb.ca/metabolites/HMDB0008995 ; http://www.hmdb.ca/metabolites/HMDB0008996 ; http://www.hmdb.ca/metabolites/HMDB0009352 ; http://www.hmdb.ca/metabolites/HMDB0009092 ; http://www.hmdb.ca/metabolites/HMDB0009123 ; http://www.hmdb.ca/metabolites/HMDB0008876 ; http://www.hmdb.ca/metabolites/HMDB0008936 ; http://www.hmdb.ca/metabolites/HMDB0009156 ; http://www.hmdb.ca/metabolites/HMDB0009060 ; http://www.hmdb.ca/metabolites/HMDB0008967	LMGP02010803 ; LMGP02010608 ; LMGP02011074 ; LMGP02010878 ; LMGP02010628 ; LMGP02010629 ; LMGP02010908 ; LMGP02010663 ; LMGP02010690 ; LMGP02010449 ; LMGP02011222 ; LMGP02010720 ; LMGP02010048 ; LMGP02010531	http://www.lipidmaps.org/data/LMSDRecord.php?LMID=LMGP02010803 ; http://www.lipidmaps.org/data/LMSDRecord.php?LMID=LMGP02010608 ; http://www.lipidmaps.org/data/LMSDRecord.php?LMID=LMGP02011074 ; http://www.lipidmaps.org/data/LMSDRecord.php?LMID=LMGP02010878 ; http://www.lipidmaps.org/data/LMSDRecord.php?LMID=LMGP02010628 ; http://www.lipidmaps.org/data/LMSDRecord.php?LMID=LMGP02010629 ; http://www.lipidmaps.org/data/LMSDRecord.php?LMID=LMGP02010908 ; http://www.lipidmaps.org/data/LMSDRecord.php?LMID=LMGP02010663 ; http://www.lipidmaps.org/data/LMSDRecord.php?LMID=LMGP02010690 ; http://www.lipidmaps.org/data/LMSDRecord.php?LMID=LMGP02010449 ; http://www.lipidmaps.org/data/LMSDRecord.php?LMID=LMGP02011222 ; http://www.lipidmaps.org/data/LMSDRecord.php?LMID=LMGP02010720 ; http://www.lipidmaps.org/data/LMSDRecord.php?LMID=LMGP02010048 ; http://www.lipidmaps.org/data/LMSDRecord.php?LMID=LMGP02010531	77038.0 ; 76843.0 ; 60937.0 ; 60683.0 ; 60421.0 ; 60422.0 ; 60748.0 ; 60500.0 ; 60530.0 ; 60320.0 ; 60371.0 ; 60562.0 ; 40447.0 ; 60396.0	https://metlin.scripps.edu/metabo_info.php?molid=77038 ; https://metlin.scripps.edu/metabo_info.php?molid=76843 ; https://metlin.scripps.edu/metabo_info.php?molid=60937 ; https://metlin.scripps.edu/metabo_info.php?molid=60683 ; https://metlin.scripps.edu/metabo_info.php?molid=60421 ; https://metlin.scripps.edu/metabo_info.php?molid=60422 ; https://metlin.scripps.edu/metabo_info.php?molid=60748 ; https://metlin.scripps.edu/metabo_info.php?molid=60500 ; https://metlin.scripps.edu/metabo_info.php?molid=60530 ; https://metlin.scripps.edu/metabo_info.php?molid=60320 ; https://metlin.scripps.edu/metabo_info.php?molid=60371 ; https://metlin.scripps.edu/metabo_info.php?molid=60562 ; https://metlin.scripps.edu/metabo_info.php?molid=40447 ; https://metlin.scripps.edu/metabo_info.php?molid=60396	0 ; 52924775 ; 52924579 ; 52924329 ; 102515439 ; 52924609 ; 52924364 ; 52924391 ; 52924154 ; 122198212 ; 52924421 ; 71728379 ; 52924234	https://pubchem.ncbi.nlm.nih.gov/compound/0 ; https://pubchem.ncbi.nlm.nih.gov/compound/52924775 ; https://pubchem.ncbi.nlm.nih.gov/compound/52924579 ; https://pubchem.ncbi.nlm.nih.gov/compound/52924329 ; https://pubchem.ncbi.nlm.nih.gov/compound/102515439 ; https://pubchem.ncbi.nlm.nih.gov/compound/52924609 ; https://pubchem.ncbi.nlm.nih.gov/compound/52924364 ; https://pubchem.ncbi.nlm.nih.gov/compound/52924391 ; https://pubchem.ncbi.nlm.nih.gov/compound/52924154 ; https://pubchem.ncbi.nlm.nih.gov/compound/122198212 ; https://pubchem.ncbi.nlm.nih.gov/compound/52924421 ; https://pubchem.ncbi.nlm.nih.gov/compound/71728379 ; https://pubchem.ncbi.nlm.nih.gov/compound/52924234	AXERZYQPNNLNDI-BKRJBHFCSA-N ; ZNQCBKQTKUJCLJ-BKRJBHFCSA-N ; NDFYJHAUVLKSLS-UUYHJMQVSA-N ; CBFBPWNKOMZXKO-XKDWLADFSA-N ; QTRPWCPOCGJHHW-QEVGDWJSSA-N ; DCPDPBCUPLKQNQ-HPSODUDCSA-N ; UMJNPEIBPLXICQ-CISNCOODSA-N ; DOILLFCKSSPXMF-ZKZIFNJMSA-N ; HVDYTORIBLUETE-AFCCUTSCSA-N ; XQEKQVXPNUSEMG-UUYHJMQVSA-N ; LMWFNZUKABEGHS-CISNCOODSA-N ; NTINXHSINBZQGH-OLWDQJIWSA-N ; GKAFCSRKMWFPSJ-RJXNKANHSA-N ; FRZXKSQGAKPAPK-XKDWLADFSA-N	[]	N/A	170 ; 173 ; 198 ; 199 ; 200 ; 201 ; 203 ; 204 ; 205 ; 207 ; 208 ; 209 ; 211 ; 212
1819 ; 1857 ; 1933 ; 1730 ; 2242 ; 1994 ; 1792 ; 2050 ; 2019 ; 1791	762.50662	PC 33:3; LMSD{ PC 33:3 }								C41H76NO8P	M+Na-2H	741.530858 ; 741.530854925	1	-2	-2	N/A	N/A	HMDB0007942 ; HMDB0008198 ; HMDB0008165 ; HMDB0007941	http://www.hmdb.ca/metabolites/HMDB0007942 ; http://www.hmdb.ca/metabolites/HMDB0008198 ; http://www.hmdb.ca/metabolites/HMDB0008165 ; http://www.hmdb.ca/metabolites/HMDB0007941	LMGP01011444 ; LMGP01011482 ; LMGP01011558 ; LMGP01011355 ; LMGP01011867 ; LMGP01011619 ; LMGP01011417 ; LMGP01011675 ; LMGP01011644 ; LMGP01011416	http://www.lipidmaps.org/data/LMSDRecord.php?LMID=LMGP01011444 ; http://www.lipidmaps.org/data/LMSDRecord.php?LMID=LMGP01011482 ; http://www.lipidmaps.org/data/LMSDRecord.php?LMID=LMGP01011558 ; http://www.lipidmaps.org/data/LMSDRecord.php?LMID=LMGP01011355 ; http://www.lipidmaps.org/data/LMSDRecord.php?LMID=LMGP01011867 ; http://www.lipidmaps.org/data/LMSDRecord.php?LMID=LMGP01011619 ; http://www.lipidmaps.org/data/LMSDRecord.php?LMID=LMGP01011417 ; http://www.lipidmaps.org/data/LMSDRecord.php?LMID=LMGP01011675 ; http://www.lipidmaps.org/data/LMSDRecord.php?LMID=LMGP01011644 ; http://www.lipidmaps.org/data/LMSDRecord.php?LMID=LMGP01011416	75724.0 ; 75762.0 ; 75838.0 ; 75635.0 ; 76147.0 ; 75899.0 ; 59392.0 ; 59644.0 ; 59611.0 ; 59391.0	https://metlin.scripps.edu/metabo_info.php?molid=75724 ; https://metlin.scripps.edu/metabo_info.php?molid=75762 ; https://metlin.scripps.edu/metabo_info.php?molid=75838 ; https://metlin.scripps.edu/metabo_info.php?molid=75635 ; https://metlin.scripps.edu/metabo_info.php?molid=76147 ; https://metlin.scripps.edu/metabo_info.php?molid=75899 ; https://metlin.scripps.edu/metabo_info.php?molid=59392 ; https://metlin.scripps.edu/metabo_info.php?molid=59644 ; https://metlin.scripps.edu/metabo_info.php?molid=59611 ; https://metlin.scripps.edu/metabo_info.php?molid=59391	0 ; 52922316 ; 52922829 ; 52922767 ; 52922314	https://pubchem.ncbi.nlm.nih.gov/compound/0 ; https://pubchem.ncbi.nlm.nih.gov/compound/52922316 ; https://pubchem.ncbi.nlm.nih.gov/compound/52922829 ; https://pubchem.ncbi.nlm.nih.gov/compound/52922767 ; https://pubchem.ncbi.nlm.nih.gov/compound/52922314	AZXQLWBKLPGTHN-MRSVQOSDSA-N ; WAUPEHZSCBIDDU-RJXNKANHSA-N ; KNAKJZFGEHXKLF-RJXNKANHSA-N ; ZWPOINKEZAPNIC-YGQCGPNASA-N ; WLUWRRQQJBYBOT-YGQCGPNASA-N ; ZYBWQUCADKYVFY-MRSVQOSDSA-N ; FHTHYAKSWVNHHC-GZVVHSCDSA-N ; DVZYZHDJKHILNT-GZVVHSCDSA-N ; XECLFWWDBRCRPK-XRHIYUNWSA-N ; VZPPRGZNTVUBLP-UKNPSHDRSA-N	[]	N/A	171 ; 172 ; 174 ; 175 ; 176 ; 177 ; 194 ; 195 ; 210 ; 213
145942 ; 148809 ; 79434 ; 83286 ; 115037 ; 82270 ; 107132 ; 99987 ; 81084 ; 55740 ; 139710 ; 42693	762.50662	PE-NMe2 34:3								C41H76NO8P	M+Na-2H	741.530855409	1	-2	-2	N/A	N/A	HMDB0113885 ; HMDB0114069 ; HMDB0113945 ; HMDB0114240 ; HMDB0114097 ; HMDB0113944 ; HMDB0113966 ; HMDB0114268 ; HMDB0113886 ; HMDB0114296 ; HMDB0114126 ; HMDB0113904	http://www.hmdb.ca/metabolites/HMDB0113885 ; http://www.hmdb.ca/metabolites/HMDB0114069 ; http://www.hmdb.ca/metabolites/HMDB0113945 ; http://www.hmdb.ca/metabolites/HMDB0114240 ; http://www.hmdb.ca/metabolites/HMDB0114097 ; http://www.hmdb.ca/metabolites/HMDB0113944 ; http://www.hmdb.ca/metabolites/HMDB0113966 ; http://www.hmdb.ca/metabolites/HMDB0114268 ; http://www.hmdb.ca/metabolites/HMDB0113886 ; http://www.hmdb.ca/metabolites/HMDB0114296 ; http://www.hmdb.ca/metabolites/HMDB0114126 ; http://www.hmdb.ca/metabolites/HMDB0113904	N/A	N/A	N/A	N/A	131820995 ; 131821177 ; 131821055 ; 131821347 ; 131821205 ; 131821054 ; 131821075 ; 131821375 ; 131820996 ; 131821403 ; 131821234 ; 131821014	https://pubchem.ncbi.nlm.nih.gov/compound/131820995 ; https://pubchem.ncbi.nlm.nih.gov/compound/131821177 ; https://pubchem.ncbi.nlm.nih.gov/compound/131821055 ; https://pubchem.ncbi.nlm.nih.gov/compound/131821347 ; https://pubchem.ncbi.nlm.nih.gov/compound/131821205 ; https://pubchem.ncbi.nlm.nih.gov/compound/131821054 ; https://pubchem.ncbi.nlm.nih.gov/compound/131821075 ; https://pubchem.ncbi.nlm.nih.gov/compound/131821375 ; https://pubchem.ncbi.nlm.nih.gov/compound/131820996 ; https://pubchem.ncbi.nlm.nih.gov/compound/131821403 ; https://pubchem.ncbi.nlm.nih.gov/compound/131821234 ; https://pubchem.ncbi.nlm.nih.gov/compound/131821014	OOSWDCCXCOQLSC-DOGWQJDQSA-N ; XYNHQXFDUYHSGW-FKDBMLBBSA-N ; LMMAZMAPLASHKV-WBEIKAEVSA-N ; VZWAZALUZALAJQ-LXUIFYRWSA-N ; BFGDERIFDUPBIG-FPYAUJESSA-N ; FULATAIFBFZMAL-UQYKGCKYSA-N ; FSIJUHLMXMISMX-FKDBMLBBSA-N ; JOZAUJGXDGMDIR-OZCDVCNUSA-N ; KPDWZHSCMMOZGL-KGDVCNTESA-N ; VFDVUPMFCLXFFR-KGDVCNTESA-N ; RXTBACWZVYBLJO-WBEIKAEVSA-N ; CMALJLJUPOAGCE-LXUIFYRWSA-N	[]	N/A	178 ; 179 ; 180 ; 181 ; 182 ; 183 ; 185 ; 186 ; 189 ; 190 ; 191 ; 192
116595 ; 65973 ; 135610 ; 45558	762.50662	PE-NMe 35:3								C41H76NO8P	M+Na-2H	741.530855409	1	-2	-2	N/A	N/A	HMDB0113027 ; HMDB0113026 ; HMDB0113368 ; HMDB0113396	http://www.hmdb.ca/metabolites/HMDB0113027 ; http://www.hmdb.ca/metabolites/HMDB0113026 ; http://www.hmdb.ca/metabolites/HMDB0113368 ; http://www.hmdb.ca/metabolites/HMDB0113396	N/A	N/A	N/A	N/A	131820142 ; 131820141 ; 131820480 ; 131820508	https://pubchem.ncbi.nlm.nih.gov/compound/131820142 ; https://pubchem.ncbi.nlm.nih.gov/compound/131820141 ; https://pubchem.ncbi.nlm.nih.gov/compound/131820480 ; https://pubchem.ncbi.nlm.nih.gov/compound/131820508	MLFMFPZFBBPZET-SPWRLXACSA-N ; PFYLFSHAOHFIFM-DOGWQJDQSA-N ; YFWUUCWYSASKJU-OZCDVCNUSA-N ; LOQYKUZKYVOZIF-SPWRLXACSA-N	[]	N/A	184 ; 187 ; 188 ; 193
10858	762.50662	PE 38:4; LMSD{ PE 38:5;O }								C43H76NO9P	M-H-H2O	781.525772	1	-2	-2	N/A	N/A	N/A	N/A	LMGP20020052	http://www.lipidmaps.org/data/LMSDRecord.php?LMID=LMGP20020052	82377.0	https://metlin.scripps.edu/metabo_info.php?molid=82377	0	https://pubchem.ncbi.nlm.nih.gov/compound/0	YPSYMUMQRVUERI-CVXAVEKGSA-N	[]	N/A	214
52535 ; 116298	802.55911	PS 37:1								C43H82NO10P	M-H	803.567634842	2	-2	-2	N/A	N/A	HMDB0112335 ; HMDB0112738	http://www.hmdb.ca/metabolites/HMDB0112335 ; http://www.hmdb.ca/metabolites/HMDB0112738	N/A	N/A	N/A	N/A	131819718 ; 131819908	https://pubchem.ncbi.nlm.nih.gov/compound/131819718 ; https://pubchem.ncbi.nlm.nih.gov/compound/131819908	CMYXIUIAXHLISA-WMWCSSQDSA-N ; HBPRPCACDJRPGG-WMWCSSQDSA-N	[]	N/A	105 ; 106
4872 ; 4654 ; 4668 ; 4493 ; 5017 ; 4523 ; 5040 ; 4798 ; 5065 ; 4557 ; 4827 ; 4575 ; 4852 ; 4602	802.55911	PS 37:1; LMSD{ PS 37:1 }								C43H82NO10P	M-H	803.567638	2	-2	-2	N/A	N/A	N/A	N/A	LMGP03010536 ; LMGP03010318 ; LMGP03010332 ; LMGP03010157 ; LMGP03010681 ; LMGP03010187 ; LMGP03010704 ; LMGP03010462 ; LMGP03010729 ; LMGP03010221 ; LMGP03010491 ; LMGP03010239 ; LMGP03010516 ; LMGP03010266	http://www.lipidmaps.org/data/LMSDRecord.php?LMID=LMGP03010536 ; http://www.lipidmaps.org/data/LMSDRecord.php?LMID=LMGP03010318 ; http://www.lipidmaps.org/data/LMSDRecord.php?LMID=LMGP03010332 ; http://www.lipidmaps.org/data/LMSDRecord.php?LMID=LMGP03010157 ; http://www.lipidmaps.org/data/LMSDRecord.php?LMID=LMGP03010681 ; http://www.lipidmaps.org/data/LMSDRecord.php?LMID=LMGP03010187 ; http://www.lipidmaps.org/data/LMSDRecord.php?LMID=LMGP03010704 ; http://www.lipidmaps.org/data/LMSDRecord.php?LMID=LMGP03010462 ; http://www.lipidmaps.org/data/LMSDRecord.php?LMID=LMGP03010729 ; http://www.lipidmaps.org/data/LMSDRecord.php?LMID=LMGP03010221 ; http://www.lipidmaps.org/data/LMSDRecord.php?LMID=LMGP03010491 ; http://www.lipidmaps.org/data/LMSDRecord.php?LMID=LMGP03010239 ; http://www.lipidmaps.org/data/LMSDRecord.php?LMID=LMGP03010516 ; http://www.lipidmaps.org/data/LMSDRecord.php?LMID=LMGP03010266	78200.0 ; 77982.0 ; 77996.0 ; 77821.0 ; 78345.0 ; 77851.0 ; 78368.0 ; 78126.0 ; 78393.0 ; 77885.0 ; 78155.0 ; 77903.0 ; 78180.0 ; 77930.0	https://metlin.scripps.edu/metabo_info.php?molid=78200 ; https://metlin.scripps.edu/metabo_info.php?molid=77982 ; https://metlin.scripps.edu/metabo_info.php?molid=77996 ; https://metlin.scripps.edu/metabo_info.php?molid=77821 ; https://metlin.scripps.edu/metabo_info.php?molid=78345 ; https://metlin.scripps.edu/metabo_info.php?molid=77851 ; https://metlin.scripps.edu/metabo_info.php?molid=78368 ; https://metlin.scripps.edu/metabo_info.php?molid=78126 ; https://metlin.scripps.edu/metabo_info.php?molid=78393 ; https://metlin.scripps.edu/metabo_info.php?molid=77885 ; https://metlin.scripps.edu/metabo_info.php?molid=78155 ; https://metlin.scripps.edu/metabo_info.php?molid=77903 ; https://metlin.scripps.edu/metabo_info.php?molid=78180 ; https://metlin.scripps.edu/metabo_info.php?molid=77930	0	https://pubchem.ncbi.nlm.nih.gov/compound/0	OWEKSXVKRHOLRR-BFCPHGQOSA-N ; ZNSVOFATEJXAOQ-LIZGRMTQSA-N ; JXWQLAIQPBNJDO-LYQCWXPHSA-N ; HBOIGYILCFAKBY-PDZMGTJJSA-N ; SRVDDQLMNGJSEQ-AQHBKVOKSA-N ; CVCVLFFOVBBCGT-JFFFCQEWSA-N ; WDAYHIGUVDRSGN-JFFFCQEWSA-N ; VLEOZEWBPISGKI-LYQCWXPHSA-N ; UYDPFVMYBWZJHY-PDZMGTJJSA-N ; QEGNYCWJWGQKEG-AQHBKVOKSA-N ; CGQPVMCZEFYEDC-LIZGRMTQSA-N ; GYLWWNFYPXOOMA-BFCPHGQOSA-N ; JJDWLAKFQPRUCJ-AEGGJFQCSA-N ; UEYBQAVURJIJOF-AEGGJFQCSA-N	[]	N/A	107 ; 108 ; 109 ; 110 ; 111 ; 112 ; 113 ; 114 ; 115 ; 116 ; 117 ; 118 ; 120 ; 121
1252	802.55911	PT 36:1								C43H82NO10P	M-H	803.567638	2	-2	-2	N/A	N/A	N/A	N/A	LMGP00000048	http://www.lipidmaps.org/data/LMSDRecord.php?LMID=LMGP00000048	46669.0	https://metlin.scripps.edu/metabo_info.php?molid=46669	0	https://pubchem.ncbi.nlm.nih.gov/compound/0	JCPKXFTVRMCKTE-XSKLXBKRSA-N	[]	N/A	119
164850	804.5751	PS 37:0								C43H84NO10P	M-H	805.58328	1	-2	-2	N/A	N/A	N/A	N/A	N/A	N/A	40822.0	https://metlin.scripps.edu/metabo_info.php?molid=40822	0	https://pubchem.ncbi.nlm.nih.gov/compound/0	N/A	[]	N/A	42
4492 ; 5039 ; 4653 ; 5205 ; 5016 ; 5299 ; 4534 ; 4851	804.5751	PS 37:0; LMSD{ PS 37:0 }								C43H84NO10P	M-H	805.583284907 ; 805.583288	1	-2	-2	N/A	N/A	HMDB0112334 ; HMDB0112709	http://www.hmdb.ca/metabolites/HMDB0112334 ; http://www.hmdb.ca/metabolites/HMDB0112709	LMGP03010156 ; LMGP03010703 ; LMGP03010317 ; LMGP03010869 ; LMGP03010680 ; LMGP03010963 ; LMGP03010198 ; LMGP03010515	http://www.lipidmaps.org/data/LMSDRecord.php?LMID=LMGP03010156 ; http://www.lipidmaps.org/data/LMSDRecord.php?LMID=LMGP03010703 ; http://www.lipidmaps.org/data/LMSDRecord.php?LMID=LMGP03010317 ; http://www.lipidmaps.org/data/LMSDRecord.php?LMID=LMGP03010869 ; http://www.lipidmaps.org/data/LMSDRecord.php?LMID=LMGP03010680 ; http://www.lipidmaps.org/data/LMSDRecord.php?LMID=LMGP03010963 ; http://www.lipidmaps.org/data/LMSDRecord.php?LMID=LMGP03010198 ; http://www.lipidmaps.org/data/LMSDRecord.php?LMID=LMGP03010515	77820.0 ; 78367.0 ; 77981.0 ; 78533.0 ; 78344.0 ; 78627.0 ; 77862.0 ; 78179.0	https://metlin.scripps.edu/metabo_info.php?molid=77820 ; https://metlin.scripps.edu/metabo_info.php?molid=78367 ; https://metlin.scripps.edu/metabo_info.php?molid=77981 ; https://metlin.scripps.edu/metabo_info.php?molid=78533 ; https://metlin.scripps.edu/metabo_info.php?molid=78344 ; https://metlin.scripps.edu/metabo_info.php?molid=78627 ; https://metlin.scripps.edu/metabo_info.php?molid=77862 ; https://metlin.scripps.edu/metabo_info.php?molid=78179	52925266 ; 52925813 ; 0	https://pubchem.ncbi.nlm.nih.gov/compound/52925266 ; https://pubchem.ncbi.nlm.nih.gov/compound/52925813 ; https://pubchem.ncbi.nlm.nih.gov/compound/0	HCJXCECWFHKWJZ-PVXQIPPMSA-N ; YKSMEOYTADDTIC-PVXQIPPMSA-N ; XHYASAVUGBEIOU-PVXQIPPMSA-N ; XNKJFCWEEYOWHE-PVXQIPPMSA-N ; DJJXMDILHODZLW-PVXQIPPMSA-N ; IWWIBOZEVMXFFD-PVXQIPPMSA-N ; FWFWCGXSQDWFGR-PVXQIPPMSA-N ; KAQULNTYJOFZRU-PVXQIPPMSA-N	[]	N/A	43 ; 44 ; 45 ; 46 ; 47 ; 48 ; 49 ; 50
182317 ; 182329 ; 34745 ; 34749 ; 34756	804.5751	GlcCer 38:2(OH); LMSD{ HexCer 38:2;O3 }								C44H83NO9	M+Cl	769.606784 ; 769.606785	1	-2	-2	N/A	N/A	N/A	N/A	LMSP05010052 ; LMSP05010065 ; LMSP0501AA69 ; LMSP0501AA73 ; LMSP0501AA80	http://www.lipidmaps.org/data/LMSDRecord.php?LMID=LMSP05010052 ; http://www.lipidmaps.org/data/LMSDRecord.php?LMID=LMSP05010065 ; http://www.lipidmaps.org/data/LMSDRecord.php?LMID=LMSP0501AA69 ; http://www.lipidmaps.org/data/LMSDRecord.php?LMID=LMSP0501AA73 ; http://www.lipidmaps.org/data/LMSDRecord.php?LMID=LMSP0501AA80	103309.0 ; 103313.0 ; 103320.0	https://metlin.scripps.edu/metabo_info.php?molid=103309 ; https://metlin.scripps.edu/metabo_info.php?molid=103313 ; https://metlin.scripps.edu/metabo_info.php?molid=103320	0	https://pubchem.ncbi.nlm.nih.gov/compound/0	DCBUKXJYPRDHOR-XFWCTONDSA-N ; DCBUKXJYPRDHOR-SAKCDCJCSA-N ; UEHANDKMBLJPCF-FWUIGPBZSA-N ; UFIHAKKLPQIOBJ-YHGWXCCRSA-N ; STIFGZZLSCRRTP-YHGWXCCRSA-N	[]	N/A	51 ; 52 ; 53 ; 54 ; 55
125710 ; 54031 ; 62751 ; 146222 ; 127025 ; 111154 ; 69940 ; 133687 ; 72796 ; 44898 ; 67195 ; 59286 ; 99750 ; 129760	883.53182	PI 38:5								C47H81O13P	M-H	884.54147919	3	-2	-2	N/A	N/A	HMDB0009908 ; HMDB0009832 ; HMDB0009796 ; HMDB0009902 ; HMDB0009833 ; HMDB0009795 ; HMDB0009854 ; HMDB0009916 ; HMDB0009883 ; HMDB0009901 ; HMDB0009895 ; HMDB0009918 ; HMDB0009804 ; HMDB0009845	http://www.hmdb.ca/metabolites/HMDB0009908 ; http://www.hmdb.ca/metabolites/HMDB0009832 ; http://www.hmdb.ca/metabolites/HMDB0009796 ; http://www.hmdb.ca/metabolites/HMDB0009902 ; http://www.hmdb.ca/metabolites/HMDB0009833 ; http://www.hmdb.ca/metabolites/HMDB0009795 ; http://www.hmdb.ca/metabolites/HMDB0009854 ; http://www.hmdb.ca/metabolites/HMDB0009916 ; http://www.hmdb.ca/metabolites/HMDB0009883 ; http://www.hmdb.ca/metabolites/HMDB0009901 ; http://www.hmdb.ca/metabolites/HMDB0009895 ; http://www.hmdb.ca/metabolites/HMDB0009918 ; http://www.hmdb.ca/metabolites/HMDB0009804 ; http://www.hmdb.ca/metabolites/HMDB0009845	N/A	N/A	61293.0 ; 61217.0 ; 61181.0 ; 61287.0 ; 61218.0 ; 61180.0 ; 61239.0 ; 61301.0 ; 61268.0 ; 61286.0 ; 61280.0 ; 61303.0 ; 61189.0 ; 61230.0	https://metlin.scripps.edu/metabo_info.php?molid=61293 ; https://metlin.scripps.edu/metabo_info.php?molid=61217 ; https://metlin.scripps.edu/metabo_info.php?molid=61181 ; https://metlin.scripps.edu/metabo_info.php?molid=61287 ; https://metlin.scripps.edu/metabo_info.php?molid=61218 ; https://metlin.scripps.edu/metabo_info.php?molid=61180 ; https://metlin.scripps.edu/metabo_info.php?molid=61239 ; https://metlin.scripps.edu/metabo_info.php?molid=61301 ; https://metlin.scripps.edu/metabo_info.php?molid=61268 ; https://metlin.scripps.edu/metabo_info.php?molid=61286 ; https://metlin.scripps.edu/metabo_info.php?molid=61280 ; https://metlin.scripps.edu/metabo_info.php?molid=61303 ; https://metlin.scripps.edu/metabo_info.php?molid=61189 ; https://metlin.scripps.edu/metabo_info.php?molid=61230	0	https://pubchem.ncbi.nlm.nih.gov/compound/0	QRJDLXBDGZQKAL-LVRSVQNSSA-N ; SSZPKZKUQCKMKS-YDHZRSOTSA-N ; COCGWLCGPZONJF-DDAFQYKVSA-N ; AQKOQLPXFXZLKF-WNCVJLDNSA-N ; HKZUQGZNSPCSAQ-JRRRANSLSA-N ; HNDKJAKTGIPBNM-YTQFFZBCSA-N ; CQDXWSUINUWFQX-XESSABTASA-N ; RQOVEBMFWCAUPR-RTEDXGKZSA-N ; LFLTUEYGXIOFMJ-UBPNAFHNSA-N ; VIGFKXLWKPBIQI-PJZWFLMOSA-N ; ZNKMZGVZAZCFHT-JAGYCSJCSA-N ; YNZSTCIWFMYXJU-XDOZVXPWSA-N ; DMWGXPQFZLCNSP-LVRSVQNSSA-N ; XGZVRASBCZTHNO-QJXGYZSMSA-N	[]	N/A	56 ; 57 ; 58 ; 59 ; 60 ; 61 ; 62 ; 63 ; 64 ; 65 ; 66 ; 67 ; 69 ; 73
7328 ; 7085 ; 7607 ; 7357 ; 7171 ; 6951 ; 7521 ; 7270 ; 7298 ; 7299 ; 7612 ; 7113 ; 7386 ; 7141	883.53182	PI 38:5; LMSD{ PI 38:5 }								C47H81O13P	M-H	884.54147919 ; 884.541484	3	-2	-2	N/A	N/A	HMDB0009890 ; HMDB0009855 ; HMDB0009844 ; HMDB0009896	http://www.hmdb.ca/metabolites/HMDB0009890 ; http://www.hmdb.ca/metabolites/HMDB0009855 ; http://www.hmdb.ca/metabolites/HMDB0009844 ; http://www.hmdb.ca/metabolites/HMDB0009896	LMGP06010570 ; LMGP06010327 ; LMGP06010849 ; LMGP06010599 ; LMGP06010413 ; LMGP06010193 ; LMGP06010763 ; LMGP06010512 ; LMGP06010540 ; LMGP06010541 ; LMGP06010854 ; LMGP06010355 ; LMGP06010628 ; LMGP06010383	http://www.lipidmaps.org/data/LMSDRecord.php?LMID=LMGP06010570 ; http://www.lipidmaps.org/data/LMSDRecord.php?LMID=LMGP06010327 ; http://www.lipidmaps.org/data/LMSDRecord.php?LMID=LMGP06010849 ; http://www.lipidmaps.org/data/LMSDRecord.php?LMID=LMGP06010599 ; http://www.lipidmaps.org/data/LMSDRecord.php?LMID=LMGP06010413 ; http://www.lipidmaps.org/data/LMSDRecord.php?LMID=LMGP06010193 ; http://www.lipidmaps.org/data/LMSDRecord.php?LMID=LMGP06010763 ; http://www.lipidmaps.org/data/LMSDRecord.php?LMID=LMGP06010512 ; http://www.lipidmaps.org/data/LMSDRecord.php?LMID=LMGP06010540 ; http://www.lipidmaps.org/data/LMSDRecord.php?LMID=LMGP06010541 ; http://www.lipidmaps.org/data/LMSDRecord.php?LMID=LMGP06010854 ; http://www.lipidmaps.org/data/LMSDRecord.php?LMID=LMGP06010355 ; http://www.lipidmaps.org/data/LMSDRecord.php?LMID=LMGP06010628 ; http://www.lipidmaps.org/data/LMSDRecord.php?LMID=LMGP06010383	61275.0 ; 61240.0 ; 61229.0 ; 61281.0 ; 80435.0 ; 80215.0 ; 80785.0 ; 80534.0 ; 80562.0 ; 80563.0 ; 80876.0 ; 80377.0 ; 80650.0 ; 80405.0	https://metlin.scripps.edu/metabo_info.php?molid=61275 ; https://metlin.scripps.edu/metabo_info.php?molid=61240 ; https://metlin.scripps.edu/metabo_info.php?molid=61229 ; https://metlin.scripps.edu/metabo_info.php?molid=61281 ; https://metlin.scripps.edu/metabo_info.php?molid=80435 ; https://metlin.scripps.edu/metabo_info.php?molid=80215 ; https://metlin.scripps.edu/metabo_info.php?molid=80785 ; https://metlin.scripps.edu/metabo_info.php?molid=80534 ; https://metlin.scripps.edu/metabo_info.php?molid=80562 ; https://metlin.scripps.edu/metabo_info.php?molid=80563 ; https://metlin.scripps.edu/metabo_info.php?molid=80876 ; https://metlin.scripps.edu/metabo_info.php?molid=80377 ; https://metlin.scripps.edu/metabo_info.php?molid=80650 ; https://metlin.scripps.edu/metabo_info.php?molid=80405	0	https://pubchem.ncbi.nlm.nih.gov/compound/0	QZQRJBQFCRWEDG-CCTXZGAHSA-N ; WMVAOBOFQHVKTL-VEAQMIGASA-N ; SHIZRFSRTKXRQL-VKUXDMFFSA-N ; WDEXQPPLSHRNLR-ZGNZFFCSSA-N ; DCXCOFFLEASFCG-XPJVANQRSA-N ; MKDJOEIWGGOVAR-UTKITOOOSA-N ; IFASINXLHKIZCL-OOJFYQAOSA-N ; FSYBAKBXFKCEOI-BWWPIDIGSA-N ; PSPQZPIQLHRXPT-WKMGZWHYSA-N ; YGEYCFCNWQCWQW-GTPDIESASA-N ; SUYDNPBYMBTSMM-GZFNSKGSSA-N ; BWTYDNNRTRUOCF-FIJOMQADSA-N ; BVANPAAYQSMPMX-NSROSAODSA-N ; VNHMEESYLWAHOD-GTPDIESASA-N	[]	N/A	68 ; 70 ; 71 ; 72 ; 75 ; 76 ; 77 ; 78 ; 79 ; 80 ; 81 ; 82 ; 83 ; 84
126775	883.53182	oleoyl-arachidonoyl-glycero-phospho-myo-inositol								C47H81O13P	M-H	884.541479666	3	-2	-2	N/A	N/A	HMDB0062586	http://www.hmdb.ca/metabolites/HMDB0062586	N/A	N/A	N/A	N/A	86289647	https://pubchem.ncbi.nlm.nih.gov/compound/86289647	SHIZRFSRTKXRQL-WAEQFISDSA-N	[]	N/A	74
7187 ; 6943 ; 7455 ; 7215 ; 7485 ; 6991 ; 7261 ; 7020 ; 6833 ; 6861 ; 6923 ; 7714 ; 7290 ; 7604	883.53182	PI 36:2; LMSD{ PI 36:2 }								C45H83O13P	M+Na-2H	862.557134 ; 862.557129254	0	-2	-2	N/A	N/A	HMDB0009786 ; HMDB0009809 ; HMDB0009875 ; HMDB0009847	http://www.hmdb.ca/metabolites/HMDB0009786 ; http://www.hmdb.ca/metabolites/HMDB0009809 ; http://www.hmdb.ca/metabolites/HMDB0009875 ; http://www.hmdb.ca/metabolites/HMDB0009847	LMGP06010429 ; LMGP06010185 ; LMGP06010697 ; LMGP06010457 ; LMGP06010727 ; LMGP06010233 ; LMGP06010503 ; LMGP06010262 ; LMGP06010075 ; LMGP06010103 ; LMGP06010165 ; LMGP06010956 ; LMGP06010532 ; LMGP06010846	http://www.lipidmaps.org/data/LMSDRecord.php?LMID=LMGP06010429 ; http://www.lipidmaps.org/data/LMSDRecord.php?LMID=LMGP06010185 ; http://www.lipidmaps.org/data/LMSDRecord.php?LMID=LMGP06010697 ; http://www.lipidmaps.org/data/LMSDRecord.php?LMID=LMGP06010457 ; http://www.lipidmaps.org/data/LMSDRecord.php?LMID=LMGP06010727 ; http://www.lipidmaps.org/data/LMSDRecord.php?LMID=LMGP06010233 ; http://www.lipidmaps.org/data/LMSDRecord.php?LMID=LMGP06010503 ; http://www.lipidmaps.org/data/LMSDRecord.php?LMID=LMGP06010262 ; http://www.lipidmaps.org/data/LMSDRecord.php?LMID=LMGP06010075 ; http://www.lipidmaps.org/data/LMSDRecord.php?LMID=LMGP06010103 ; http://www.lipidmaps.org/data/LMSDRecord.php?LMID=LMGP06010165 ; http://www.lipidmaps.org/data/LMSDRecord.php?LMID=LMGP06010956 ; http://www.lipidmaps.org/data/LMSDRecord.php?LMID=LMGP06010532 ; http://www.lipidmaps.org/data/LMSDRecord.php?LMID=LMGP06010846	80451.0 ; 80207.0 ; 80719.0 ; 80479.0 ; 80749.0 ; 80255.0 ; 80525.0 ; 80284.0 ; 80097.0 ; 80125.0 ; 61171.0 ; 61194.0 ; 61260.0 ; 61232.0	https://metlin.scripps.edu/metabo_info.php?molid=80451 ; https://metlin.scripps.edu/metabo_info.php?molid=80207 ; https://metlin.scripps.edu/metabo_info.php?molid=80719 ; https://metlin.scripps.edu/metabo_info.php?molid=80479 ; https://metlin.scripps.edu/metabo_info.php?molid=80749 ; https://metlin.scripps.edu/metabo_info.php?molid=80255 ; https://metlin.scripps.edu/metabo_info.php?molid=80525 ; https://metlin.scripps.edu/metabo_info.php?molid=80284 ; https://metlin.scripps.edu/metabo_info.php?molid=80097 ; https://metlin.scripps.edu/metabo_info.php?molid=80125 ; https://metlin.scripps.edu/metabo_info.php?molid=61171 ; https://metlin.scripps.edu/metabo_info.php?molid=61194 ; https://metlin.scripps.edu/metabo_info.php?molid=61260 ; https://metlin.scripps.edu/metabo_info.php?molid=61232	0	https://pubchem.ncbi.nlm.nih.gov/compound/0	HMIPIAYJYFUFSY-CAVUZRBDSA-N ; DBPOROAOANZAOJ-IEKUIPRASA-N ; WUGWLIMSKGWWRK-ACGDFGAKSA-N ; ASNYYALGIPYDGD-COXXXYIWSA-N ; UQEQAHFXOFRJTA-KKWXRISTSA-N ; SHYYIEHOAQVTBX-COXXXYIWSA-N ; QQVCJQCAYVBSLB-IEKUIPRASA-N ; ZCNFWTQDZASUAH-CAVUZRBDSA-N ; VAGLDOJXBQJDIF-KKWXRISTSA-N ; ZRFYLIZRKRPOQN-ACGDFGAKSA-N ; UJENRFPZRNBKKL-UWKRNJIGSA-N ; KZVRAFHIKMDULK-PDPKURFXSA-N ; UBIJOILSMSXSSU-UWKRNJIGSA-N ; AXGVJUACAGEWGQ-TYYHIVGOSA-N	[]	N/A	85 ; 86 ; 87 ; 88 ; 89 ; 90 ; 91 ; 92 ; 93 ; 94 ; 97 ; 98 ; 100 ; 102
164890	883.53182	GPIns(18:1/18:1)								C45H83O13P	M+Na-2H	862.55713	0	-2	-2	N/A	N/A	N/A	N/A	N/A	N/A	40885.0	https://metlin.scripps.edu/metabo_info.php?molid=40885	0	https://pubchem.ncbi.nlm.nih.gov/compound/0	N/A	[]	N/A	95
164891 ; 60537 ; 64426 ; 122058 ; 113133	883.53182	PI 36:2								C45H83O13P	M+Na-2H	862.55713 ; 862.557129254	0	-2	-2	N/A	N/A	HMDB0009836 ; HMDB0009837 ; HMDB0009825 ; HMDB0009824	http://www.hmdb.ca/metabolites/HMDB0009836 ; http://www.hmdb.ca/metabolites/HMDB0009837 ; http://www.hmdb.ca/metabolites/HMDB0009825 ; http://www.hmdb.ca/metabolites/HMDB0009824	N/A	N/A	3880.0 ; 61221.0 ; 61210.0 ; 61209.0	https://metlin.scripps.edu/metabo_info.php?molid=3880 ; https://metlin.scripps.edu/metabo_info.php?molid=61221 ; https://metlin.scripps.edu/metabo_info.php?molid=61210 ; https://metlin.scripps.edu/metabo_info.php?molid=61209	0	https://pubchem.ncbi.nlm.nih.gov/compound/0	LORSZBNSYOKZNV-RCVIVVFUSA-N ; LALGUHSIWLNTNW-SHLWDWSJSA-N ; FTAJUMMOKVEZBE-BPSMPOADSA-N ; HJXLLSHIQZPQLZ-BESHNSGQSA-N	[]	N/A	96 ; 99 ; 101 ; 103 ; 104
7697 ; 7520 ; 6768 ; 7297 ; 7061 ; 7327 ; 7084 ; 7356 ; 7170 ; 7268 ; 7269 ; 7112 ; 7140 ; 7679	885.54802	PI 38:4; LMSD{ PI 38:4 }								C47H83O13P	M-H	886.557129254 ; 886.557134	2	-2	-2	N/A	N/A	HMDB0009794 ; HMDB0009914 ; HMDB0009815 ; HMDB0009877 ; HMDB0009843 ; HMDB0009889 ; HMDB0009853 ; HMDB0009894	http://www.hmdb.ca/metabolites/HMDB0009794 ; http://www.hmdb.ca/metabolites/HMDB0009914 ; http://www.hmdb.ca/metabolites/HMDB0009815 ; http://www.hmdb.ca/metabolites/HMDB0009877 ; http://www.hmdb.ca/metabolites/HMDB0009843 ; http://www.hmdb.ca/metabolites/HMDB0009889 ; http://www.hmdb.ca/metabolites/HMDB0009853 ; http://www.hmdb.ca/metabolites/HMDB0009894	LMGP06010939 ; LMGP06010762 ; LMGP06010010 ; LMGP06010539 ; LMGP06010303 ; LMGP06010569 ; LMGP06010326 ; LMGP06010598 ; LMGP06010412 ; LMGP06010510 ; LMGP06010511 ; LMGP06010354 ; LMGP06010382 ; LMGP06010921	http://www.lipidmaps.org/data/LMSDRecord.php?LMID=LMGP06010939 ; http://www.lipidmaps.org/data/LMSDRecord.php?LMID=LMGP06010762 ; http://www.lipidmaps.org/data/LMSDRecord.php?LMID=LMGP06010010 ; http://www.lipidmaps.org/data/LMSDRecord.php?LMID=LMGP06010539 ; http://www.lipidmaps.org/data/LMSDRecord.php?LMID=LMGP06010303 ; http://www.lipidmaps.org/data/LMSDRecord.php?LMID=LMGP06010569 ; http://www.lipidmaps.org/data/LMSDRecord.php?LMID=LMGP06010326 ; http://www.lipidmaps.org/data/LMSDRecord.php?LMID=LMGP06010598 ; http://www.lipidmaps.org/data/LMSDRecord.php?LMID=LMGP06010412 ; http://www.lipidmaps.org/data/LMSDRecord.php?LMID=LMGP06010510 ; http://www.lipidmaps.org/data/LMSDRecord.php?LMID=LMGP06010511 ; http://www.lipidmaps.org/data/LMSDRecord.php?LMID=LMGP06010354 ; http://www.lipidmaps.org/data/LMSDRecord.php?LMID=LMGP06010382 ; http://www.lipidmaps.org/data/LMSDRecord.php?LMID=LMGP06010921	61179.0 ; 61299.0 ; 61200.0 ; 61262.0 ; 61228.0 ; 61274.0 ; 61238.0 ; 61279.0 ; 80434.0 ; 80532.0 ; 80533.0 ; 80376.0 ; 80404.0 ; 80943.0	https://metlin.scripps.edu/metabo_info.php?molid=61179 ; https://metlin.scripps.edu/metabo_info.php?molid=61299 ; https://metlin.scripps.edu/metabo_info.php?molid=61200 ; https://metlin.scripps.edu/metabo_info.php?molid=61262 ; https://metlin.scripps.edu/metabo_info.php?molid=61228 ; https://metlin.scripps.edu/metabo_info.php?molid=61274 ; https://metlin.scripps.edu/metabo_info.php?molid=61238 ; https://metlin.scripps.edu/metabo_info.php?molid=61279 ; https://metlin.scripps.edu/metabo_info.php?molid=80434 ; https://metlin.scripps.edu/metabo_info.php?molid=80532 ; https://metlin.scripps.edu/metabo_info.php?molid=80533 ; https://metlin.scripps.edu/metabo_info.php?molid=80376 ; https://metlin.scripps.edu/metabo_info.php?molid=80404 ; https://metlin.scripps.edu/metabo_info.php?molid=80943	0	https://pubchem.ncbi.nlm.nih.gov/compound/0	QMHVKCZBZGFKNG-YXXNRDSMSA-N ; BRQUDGADXJYXCW-AJBVXFDOSA-N ; KRTOMQDUKGRFDJ-MWZLTEOLSA-N ; DSTZBWQTOOOXEM-BCJFPNFZSA-N ; WTRAJKINRRDLTR-YRUQOAMLSA-N ; QBLBBWQEGJSIHQ-UADNNDMLSA-N ; KWLSOMXGJQDEIE-BCJFPNFZSA-N ; CBYJKEBKBMWPMN-ITNYWZHKSA-N ; BWWMGGIYOREONW-MCRLUDIRSA-N ; RLYNCNKRFISBJR-SFUNQXKYSA-N ; YUFADFRSKQJXCY-SBDZIAIGSA-N ; AWHHSRDYAALUAR-GXVRFCBESA-N ; JINJXVNECLOWQV-SBDZIAIGSA-N ; QJQVYYOQWSJYQP-BSQCNLPLSA-N	[]	N/A	0 ; 5 ; 6 ; 7 ; 9 ; 10 ; 12 ; 13 ; 18 ; 20 ; 21 ; 22 ; 23 ; 24
81465 ; 119882 ; 52566 ; 117591 ; 47239 ; 126112 ; 82893 ; 86245 ; 105191 ; 69370	885.54802	PI 38:4								C47H83O13P	M-H	886.557129254	2	-2	-2	N/A	N/A	HMDB0009882 ; HMDB0009793 ; HMDB0009912 ; HMDB0009888 ; HMDB0009900 ; HMDB0009816 ; HMDB0009881 ; HMDB0009830 ; HMDB0009831 ; HMDB0009842	http://www.hmdb.ca/metabolites/HMDB0009882 ; http://www.hmdb.ca/metabolites/HMDB0009793 ; http://www.hmdb.ca/metabolites/HMDB0009912 ; http://www.hmdb.ca/metabolites/HMDB0009888 ; http://www.hmdb.ca/metabolites/HMDB0009900 ; http://www.hmdb.ca/metabolites/HMDB0009816 ; http://www.hmdb.ca/metabolites/HMDB0009881 ; http://www.hmdb.ca/metabolites/HMDB0009830 ; http://www.hmdb.ca/metabolites/HMDB0009831 ; http://www.hmdb.ca/metabolites/HMDB0009842	N/A	N/A	61267.0 ; 61178.0 ; 61297.0 ; 61273.0 ; 61285.0 ; 61201.0 ; 61266.0 ; 61215.0 ; 61216.0 ; 61227.0	https://metlin.scripps.edu/metabo_info.php?molid=61267 ; https://metlin.scripps.edu/metabo_info.php?molid=61178 ; https://metlin.scripps.edu/metabo_info.php?molid=61297 ; https://metlin.scripps.edu/metabo_info.php?molid=61273 ; https://metlin.scripps.edu/metabo_info.php?molid=61285 ; https://metlin.scripps.edu/metabo_info.php?molid=61201 ; https://metlin.scripps.edu/metabo_info.php?molid=61266 ; https://metlin.scripps.edu/metabo_info.php?molid=61215 ; https://metlin.scripps.edu/metabo_info.php?molid=61216 ; https://metlin.scripps.edu/metabo_info.php?molid=61227	0	https://pubchem.ncbi.nlm.nih.gov/compound/0	UOVCVWSVYQEFSC-UZMCJGOOSA-N ; PSFLOZGKTVHJEH-HACPKTPBSA-N ; LSWFFTVQFBDTAC-HACPKTPBSA-N ; LSIQZINRDDJUGH-CTFKWLJYSA-N ; RMRCTNVEDOWEQF-ZJBJTBMOSA-N ; OJESNYFIPWSOPO-MTPIFTEDSA-N ; SZENBGMCILNJHW-VLFWAYHFSA-N ; LQOUCIOTQDTGNO-FBILJRGDSA-N ; HRIGUEOTNBMWNX-FEWKZSOUSA-N ; UAMKTZVXBAQZPT-UUMWKJOESA-N	[]	N/A	1 ; 2 ; 3 ; 4 ; 8 ; 11 ; 14 ; 15 ; 16 ; 17
10507	885.54802	Glc-GP 38:4; LMSD{ Glc-GP 38:4 }								C47H83O13P	M-H	886.557134	2	-2	-2	N/A	N/A	N/A	N/A	LMGP14010001	http://www.lipidmaps.org/data/LMSDRecord.php?LMID=LMGP14010001	40961.0	https://metlin.scripps.edu/metabo_info.php?molid=40961	0	https://pubchem.ncbi.nlm.nih.gov/compound/0	HWGNYTBXBPFQLI-ATBDVFNVSA-N	[]	N/A	19
155235	885.54802	Staphyloxanthin								C51H78O8	M-H+HCOONa	818.56967	2	-2	-2	C16148	http://www.genome.jp/dbget-bin/www_bget?cpd:C16148	N/A	N/A	N/A	N/A	64108.0	https://metlin.scripps.edu/metabo_info.php?molid=64108	0	https://pubchem.ncbi.nlm.nih.gov/compound/0	PDOUICUKTQRPHO-MENSNCDRSA-N	[]	71869-01-7	25
6912 ; 7429 ; 7690 ; 7186 ; 7699 ; 6942 ; 7454 ; 7715 ; 7214 ; 6964 ; 7240 ; 6990 ; 7260 ; 6832 ; 6860 ; 7406	885.54802	PI 36:1; LMSD{ PI 36:1 }								C45H85O13P	M+Na-2H	864.572784	1	-2	-2	N/A	N/A	N/A	N/A	LMGP06010154 ; LMGP06010671 ; LMGP06010932 ; LMGP06010428 ; LMGP06010941 ; LMGP06010184 ; LMGP06010696 ; LMGP06010957 ; LMGP06010456 ; LMGP06010206 ; LMGP06010482 ; LMGP06010232 ; LMGP06010502 ; LMGP06010074 ; LMGP06010102 ; LMGP06010648	http://www.lipidmaps.org/data/LMSDRecord.php?LMID=LMGP06010154 ; http://www.lipidmaps.org/data/LMSDRecord.php?LMID=LMGP06010671 ; http://www.lipidmaps.org/data/LMSDRecord.php?LMID=LMGP06010932 ; http://www.lipidmaps.org/data/LMSDRecord.php?LMID=LMGP06010428 ; http://www.lipidmaps.org/data/LMSDRecord.php?LMID=LMGP06010941 ; http://www.lipidmaps.org/data/LMSDRecord.php?LMID=LMGP06010184 ; http://www.lipidmaps.org/data/LMSDRecord.php?LMID=LMGP06010696 ; http://www.lipidmaps.org/data/LMSDRecord.php?LMID=LMGP06010957 ; http://www.lipidmaps.org/data/LMSDRecord.php?LMID=LMGP06010456 ; http://www.lipidmaps.org/data/LMSDRecord.php?LMID=LMGP06010206 ; http://www.lipidmaps.org/data/LMSDRecord.php?LMID=LMGP06010482 ; http://www.lipidmaps.org/data/LMSDRecord.php?LMID=LMGP06010232 ; http://www.lipidmaps.org/data/LMSDRecord.php?LMID=LMGP06010502 ; http://www.lipidmaps.org/data/LMSDRecord.php?LMID=LMGP06010074 ; http://www.lipidmaps.org/data/LMSDRecord.php?LMID=LMGP06010102 ; http://www.lipidmaps.org/data/LMSDRecord.php?LMID=LMGP06010648	80176.0 ; 80693.0 ; 80954.0 ; 80450.0 ; 80963.0 ; 80206.0 ; 80718.0 ; 80979.0 ; 80478.0 ; 80228.0 ; 80504.0 ; 80254.0 ; 80524.0 ; 80096.0 ; 80124.0 ; 80670.0	https://metlin.scripps.edu/metabo_info.php?molid=80176 ; https://metlin.scripps.edu/metabo_info.php?molid=80693 ; https://metlin.scripps.edu/metabo_info.php?molid=80954 ; https://metlin.scripps.edu/metabo_info.php?molid=80450 ; https://metlin.scripps.edu/metabo_info.php?molid=80963 ; https://metlin.scripps.edu/metabo_info.php?molid=80206 ; https://metlin.scripps.edu/metabo_info.php?molid=80718 ; https://metlin.scripps.edu/metabo_info.php?molid=80979 ; https://metlin.scripps.edu/metabo_info.php?molid=80478 ; https://metlin.scripps.edu/metabo_info.php?molid=80228 ; https://metlin.scripps.edu/metabo_info.php?molid=80504 ; https://metlin.scripps.edu/metabo_info.php?molid=80254 ; https://metlin.scripps.edu/metabo_info.php?molid=80524 ; https://metlin.scripps.edu/metabo_info.php?molid=80096 ; https://metlin.scripps.edu/metabo_info.php?molid=80124 ; https://metlin.scripps.edu/metabo_info.php?molid=80670	0	https://pubchem.ncbi.nlm.nih.gov/compound/0	HWEJQNGCHORUEU-KHICFBAOSA-N ; BWIMYULWFZSYNY-IXYWEBKVSA-N ; ITZOBBGQBIUNGA-BJEVQEHLSA-N ; QIWNBBCJGSZKEU-DETGOBFUSA-N ; SNFDHIHVIUMZSD-UFLVBXOASA-N ; OGENMODCEDFVRG-SKAPEJODSA-N ; JIKRYCWSERNTLQ-HLQOLDBXSA-N ; YOBFISPJJWPPTK-JUCSSFOXSA-N ; BNEZIZGWUXKYBJ-INLPTSQGSA-N ; APRWNKCXRRIFMT-INLPTSQGSA-N ; ZBKNOKVOQRLHDN-SKAPEJODSA-N ; GOVDPARJWNDETL-DETGOBFUSA-N ; FDILWKJFDMEVNH-UFLVBXOASA-N ; PONHAMBNZIFEKT-HLQOLDBXSA-N ; DLXFIYOHMOCXBX-IXYWEBKVSA-N ; XNTHEDIUZGXXST-KHICFBAOSA-N	[]	N/A	26 ; 27 ; 28 ; 29 ; 30 ; 31 ; 32 ; 33 ; 34 ; 35 ; 36 ; 37 ; 38 ; 39 ; 40 ; 41
