Experimental mass	Identifier	Adduct	mz Error (ppm)	Molecular Weight	Name	Peptide	Halogenated	Plant	NaturalProduct	MDM	Drug	Food	Formula	_TPIDX
117.0555	165908 ; 165911	M-H	2	118.063	Hydroxyisopentanoate								C5H10O3	0 ; 3
117.0555	165909 ; 165910	M-H	2	118.063	Hydroxypentanoate								C5H10O3	1 ; 2
117.0555	165912	M-H	2	118.063	Methyl3-hydroxybutyrate								C5H10O3	4
117.0555	165035	M-H	2	118.063	Ethyl-hydroxypropionate								C5H10O3	5
117.0555	165036	M-H	2	118.063	Hydroxy-methyl-[R-]-butanoate								C5H10O3	6
117.0555	164055 ; 26909 ; 26910 ; 26912 ; 26916 ; 26919 ; 26688 ; 26689 ; 26691 ; 26979 ; 26992 ; 26993 ; 26911 ; 26913 ; 26914 ; 26690	M-H	2	118.063	LMSD{ FA 5:0;O }				NP		Drug	Food	C5H10O3	7 ; 10 ; 11 ; 12 ; 13 ; 14 ; 15 ; 16 ; 17 ; 20 ; 21 ; 22 ; 23 ; 24 ; 25 ; 26
117.0555	100204	M-H	2	118.063	hydroxy-methylbutanoate								C5H10O3	8
117.0555	31664	M-H	2	118.063	LMSD{ WE 5:0;O }								C5H10O3	9
117.0555	136005	M-H	2	118.063	Diethyl carbonate								C5H10O3	18
117.0555	99659	M-H	2	118.063	Ethyl lactate				NP			Food	C5H10O3	19
117.0555	161706	M+HCOOH-H	3	72.0575	Epoxybutane								C4H8O	28
117.0555	94508	M+HCOOH-H	3	72.0575	Dimethyloxirane							Food	C4H8O	29
117.0555	99389 ; 85457	M+HCOOH-H	3	72.0575	Buten-ol							Food	C4H8O	30 ; 34
117.0555	48234	M+HCOOH-H	3	72.0575	Tetrahydrofuran								C4H8O	31
117.0555	137848	M+HCOOH-H	3	72.0575	Methylpropanal								C4H8O	32
117.0555	33733	M+HCOOH-H	3	72.0575	Butan-one								C4H8O	33
117.0555	46579	M+HCOOH-H	3	72.0575	Butanal								C4H8O	35
129.0557	157519	M-H	0	130.063	Hydroxyhexan-olide								C6H10O3	38
129.0557	152179	M-H	0	130.063	Hydroxyethyl methacrylate								C6H10O3	39
129.0557	165050	M-H	0	130.063	Dihydroxyhexanoate lactone								C6H10O3	40
129.0557	156859 ; 50316	M-H	0	130.063	Pantolactone				NP				C6H10O3	41 ; 47
129.0557	164058 ; 149236	M-H	0	130.063	methyl-oxo-Pentanoate								C6H10O3	42 ; 58
129.0557	162267	M-H	0	130.063	Oxa-oxo-hydroxycycloheptane								C6H10O3	43
129.0557	120950	M-H	0	130.063	Methyl levulinate				NP			Food	C6H10O3	44
129.0557	45112	M-H	0	130.063	Ketoleucine								C6H10O3	45
129.0557	94328	M-H	0	130.063	Mevalonolactone								C6H10O3	46
129.0557	27033 ; 27034 ; 27036 ; 27035 ; 32192 ; 25549 ; 25550 ; 25554	M-H	0	130.063	LMSD{ FA 6:1;O }								C6H10O3	48 ; 50 ; 51 ; 59 ; 60 ; 61 ; 62 ; 63
129.0557	100761	M-H	0	130.063	Tetrahydro-hydroxy-methyl-pyran-one				NP			Food	C6H10O3	49
129.0557	118950	M-H	0	130.063	Adipate semialdehyde								C6H10O3	52
129.0557	113591	M-H	0	130.063	Ethoxy-dihydro-2furanone								C6H10O3	53
129.0557	84671	M-H	0	130.063	Ethyl-oxobutanoate								C6H10O3	54
129.0557	110292	M-H	0	130.063	Acetoin acetate							Food	C6H10O3	55
129.0557	148711	M-H	0	130.063	Methyl-ketopentanoate								C6H10O3	56
129.0557	85486	M-H	0	130.063	Sherry lactone				NP			Food	C6H10O3	57
129.0557	165858	M+HCOOH-H	0	84.0575	Pentyn-ol								C5H8O	65
129.0557	80151	M+HCOOH-H	0	84.0575	Cyclopentanone								C5H8O	66
129.0557	42806	M+HCOOH-H	0	84.0575	Tiglic aldehyde								C5H8O	67
129.0557	65595	M+HCOOH-H	0	84.0575	Methyl-butenal								C5H8O	68
129.0557	109461 ; 67274	M+HCOOH-H	0	84.0575	Dihydro-methylfuran							Food	C5H8O	69 ; 73
129.0557	136115 ; 81634	M+HCOOH-H	0	84.0575	Pentenal			Plant					C5H8O	70 ; 76
129.0557	33718	M+HCOOH-H	0	84.0575	pentene-one								C5H8O	71
129.0557	33724 ; 33754	M+HCOOH-H	0	84.0575	penten-one								C5H8O	72 ; 74
129.0557	120796	M+HCOOH-H	0	84.0575	Methyl-buten-one								C5H8O	75
129.0557	159412	M+HCOOH-H	0	84.0575	Epoxy-methylbut-ene								C5H8O	77
129.0557	44627	M-2H	0	260.126	Glycerol tripropanoate								C12H20O6	79
129.0557	189353	M-2H	5	260.1273	Gartryprostatin								C13H16N4O2	80
129.0557	167488	M-2H	5	260.1273	Cardiogenol								C13H16N4O2	81
223.134	189370	M-H	0	224.1412	Nipyrone								C13H20O3	186
223.134	146959 ; 75466	M-H	0	224.1412	Annuionone								C13H20O3	187 ; 192
223.134	27179 ; 28001 ; 28007	M-H	0	224.1412	LMSD{ FA 13:3;O }				NP				C13H20O3	188 ; 190 ; 198
223.134	127821	M-H	0	224.1412	Methylbutyl-furanbutanoate								C13H20O3	189
223.134	147133	M-H	0	224.1412	Hydroxy-dinor-xanthen-olide								C13H20O3	191
223.134	70120	M-H	0	224.1412	Epoxyeremopetasinorol								C13H20O3	193
223.134	140015	M-H	0	224.1412	Octyl-furoate							Food	C13H20O3	194
223.134	31985	M-H	0	224.1412	LMSD{ WE 13:3;O }								C13H20O3	195
223.134	46340	M-H	0	224.1412	Methyl-pentyl-furanpropanoate								C13H20O3	196
223.134	25679	M-H	0	224.1412	FA 12:3(Me)(OH); LMSD{ FA 13:3;O }				NP				C13H20O3	197
223.134	158759	M-H	0	224.1413	Vomifoliol				NP				C13H20O3	199
223.134	158160	M-H	0	224.1413	Hydroxy-oxo-ionol								C13H20O3	200
223.134	150418	M+HCOOH-H	0	178.1358	Hexylphenol								C12H18O	202
223.134	55055	M+HCOOH-H	0	178.1358	Quinceoxepine							Food	C12H18O	203
223.134	128801	M+HCOOH-H	0	178.1358	Ethoxy-methyl-(methylethyl)benzene								C12H18O	204
223.134	84560	M+HCOOH-H	0	178.1358	Isopropyl-methylbicyclooct-en-one								C12H18O	205
223.134	70764	M+HCOOH-H	0	178.1358	Tricycloekasantal								C12H18O	206
223.134	74636	M+HCOOH-H	0	178.1358	Propofol								C12H18O	207
223.134	73924	M+HCOOH-H	0	178.1358	Methyl-oxatetracyclododecane								C12H18O	208
223.134	114383 ; 101095	M+HCOOH-H	0	178.1358	Methyl-phenyl-pentanol								C12H18O	209 ; 211
223.134	49890	M+HCOOH-H	0	178.1358	Diisopropylphenol								C12H18O	210
223.134	121832	M+HCOOH-H	0	178.1358	Geijerone								C12H18O	212
223.134	143316	M-2H	0	448.2825	(ent)-Trihydroxy-oplopen-one-(methylbutanoate)-(methyl-pentenoate)								C26H40O6	214
223.134	181643 ; 181644	M-2H	0	448.2825	LMSD{ FA 26:6;O4 }								C26H40O6	215 ; 216
223.134	161762	M-2H	0	448.2825	Feruloyloxypalmitate			Plant					C26H40O6	217
250.145	153524	M-H	1	251.1521	Furmecyclox								C14H21NO3	241
250.145	88610	M+HCOOH-H	1	205.1467	Desthienylethyl-rotigotine								C13H19NO	243
250.145	62822	M+HCOOH-H	1	205.1467	Diethylpropion						Drug		C13H19NO	244
250.145	161052	M+HCOOH-H	1	205.1467	Heptopargil								C13H19NO	245
250.145	166603 ; 166604 ; 166605	M+HCOOH-H	1	205.1467	Ethylethcathinone								C13H19NO	246 ; 247 ; 248
250.145	166606	M+HCOOH-H	1	205.1467	ethyl-Dimethylcathinone								C13H19NO	249
250.145	166607	M+HCOOH-H	1	205.1467	Dimethylethcathinone								C13H19NO	250
250.145	154327	M-2H	7	502.3083	Kolanone								C33H42O4	252
271.2277	26891 ; 26930 ; 26728 ; 27015 ; 26798 ; 26800 ; 26890 ; 26923 ; 26929 ; 26726 ; 26729 ; 26797 ; 26851 ; 26852 ; 26853 ; 26855 ; 26856 ; 167770 ; 167771 ; 167772 ; 167773 ; 167774 ; 167775 ; 167776	M-H	1	272.2351	FA 16:0(OH); LMSD{ FA 16:0;O }				NP				C16H32O3	591 ; 593 ; 594 ; 596 ; 599 ; 600 ; 603 ; 604 ; 605 ; 607 ; 609 ; 611 ; 612 ; 613 ; 614 ; 616 ; 617 ; 618 ; 619 ; 620 ; 621 ; 622 ; 623 ; 624
271.2277	91691 ; 119933 ; 117895 ; 63145 ; 81593 ; 139471 ; 167777	M-H	1	272.2351	FA 16:0(OH)								C16H32O3	592 ; 595 ; 597 ; 598 ; 601 ; 602 ; 625
271.2277	27219 ; 26727 ; 26730 ; 26854	M-H	1	272.2351	LMSD{ FA 16:0;O }				NP				C16H32O3	606 ; 608 ; 610 ; 615
271.2277	164181 ; 164182 ; 30507	M+HCOOH-H	1	226.2297	LMSD{ FOH 15:1 }								C15H30O	627 ; 628 ; 629
271.2277	33905 ; 33908	M+HCOOH-H	1	226.2297	Ethyltridecan-one								C15H30O	630 ; 631
271.2277	31147	M+HCOOH-H	1	226.2297	LMSD{ FAL 15:0 }								C15H30O	632
271.2277	30979	M+HCOOH-H	1	226.2297	FAL 15:0; LMSD{ FAL 15:0 }								C15H30O	633
271.2277	44660	M+HCOOH-H	1	226.2297	Heptyl ketone				NP				C15H30O	634
271.2277	33746	M+HCOOH-H	1	226.2297	Pentadecan-one								C15H30O	635
299.2588	26986 ; 181443 ; 27775 ; 26941 ; 27220 ; 27884	M-H	1	300.2664	LMSD{ FA 18:0;O }				NP				C18H36O3	436 ; 437 ; 439 ; 449 ; 450 ; 464
299.2588	27774 ; 27777 ; 27778 ; 27843 ; 27767 ; 27770 ; 27771 ; 27772 ; 27773 ; 27776 ; 27768 ; 27769 ; 27779 ; 27780 ; 27781 ; 27782 ; 27783 ; 27842 ; 27844 ; 27845 ; 27879 ; 27880	M-H	1	300.2664	FA 18:0(OH); LMSD{ FA 18:0;O }				NP				C18H36O3	438 ; 440 ; 441 ; 442 ; 443 ; 444 ; 445 ; 446 ; 447 ; 448 ; 451 ; 452 ; 453 ; 454 ; 455 ; 456 ; 457 ; 459 ; 460 ; 461 ; 462 ; 463
299.2588	27832	M-H	1	300.2664	FA 17:0(Me)(OH); LMSD{ FA 18:0;O }								C18H36O3	458
299.2588	164215 ; 164216 ; 164217 ; 164218 ; 30491 ; 30750 ; 30509 ; 30657	M+HCOOH-H	1	254.261	LMSD{ FOH 17:1 }								C17H34O	466 ; 467 ; 468 ; 469 ; 470 ; 471 ; 472 ; 476
299.2588	33848	M+HCOOH-H	1	254.261	Heptadecen-one								C17H34O	473
299.2588	33849 ; 33736	M+HCOOH-H	1	254.261	Heptadecan-one				NP				C17H34O	474 ; 478
299.2588	33913	M+HCOOH-H	1	254.261	Ethylpentadecan-one								C17H34O	475
299.2588	30993	M+HCOOH-H	1	254.261	LMSD{ FAL 17:0 }								C17H34O	477
339.1996	132455	M-H	9	340.2038	Canrenone								C22H28O3	638
339.1996	57328	M-H	9	340.2038	Piperochromenoate								C22H28O3	639
339.1996	153805	M-H	9	340.2038	Hydroxy-oxo-pregna-diene-carboxylate,-lactone								C22H28O3	640
339.1996	171215	M-H	9	340.2038	Hydroxymethylethisterone								C22H28O3	641
339.1996	157669	M-H	9	340.2038	Norethindrone acetate								C22H28O3	642
339.1996	96739	M-H+HCOONa	8	272.2172	Dodecanoate, trimethylsilyl ester								C15H32O2Si	645
339.2536	171221	M-H	1	340.2614	Prostaglandin Alcohol								C20H36O4	349
339.2536	164327	M-H	1	340.2614	Thromboxanoate skeleton								C20H36O4	350
339.2536	26659 ; 28279 ; 28294 ; 28296 ; 28328	M-H	1	340.2614	LMSD{ FA 20:2;O2 }								C20H36O4	351 ; 352 ; 353 ; 354 ; 355
339.2536	31772	M+HCOOH-H	2	294.2559	LMSD{ WE 19:2 }								C19H34O2	357
339.2536	25646 ; 25647	M+HCOOH-H	2	294.2559	FA 18:2(Me); LMSD{ FA 19:2 }								C19H34O2	358 ; 359
339.2536	26160 ; 27457 ; 27950	M+HCOOH-H	2	294.2559	LMSD{ FA 19:2 }				NP				C19H34O2	360 ; 361 ; 367
339.2536	26482 ; 26029 ; 25808 ; 168630 ; 168631	M+HCOOH-H	2	294.2559	FA 19:2; LMSD{ FA 19:2 }								C19H34O2	362 ; 363 ; 364 ; 368 ; 369
339.2536	180669	M+HCOOH-H	2	294.2559	FA 19:2								C19H34O2	365
339.2536	75740	M+HCOOH-H	2	294.2559	Methyl linoleate								C19H34O2	366
339.2536	30525 ; 30792	M-H+HCOONa	7	272.2715	LMSD{ FOH 17:0;O }								C17H36O2	370 ; 372
339.2536	97094	M-H+HCOONa	7	272.2715	Hexanal hexyl isoamyl acetal								C17H36O2	371
353.2116	172279	M-H	6	354.2168	Roscovitine						Drug		C19H26N6O	481
353.2116	1139	M-H	2	354.2195	Etretinate						Drug		C23H30O3	482
353.2116	172280	M-H	2	354.2195	Levonorgestrel acetate								C23H30O3	483
353.2116	150372	M-H+HCOONa	6	286.2297	ent-Cassa-dien-one			Plant				Food	C20H30O	486
353.2116	153190	M-H+HCOONa	6	286.2297	Pimara-dien-al			Plant					C20H30O	487
353.2116	151859	M-H+HCOONa	6	286.2297	Palustradienal			Plant	NP				C20H30O	488
353.2116	152679	M-H+HCOONa	6	286.2297	Kaur-en-al							Food	C20H30O	489
353.2116	168307 ; 550	M-H+HCOONa	6	286.2297	Totarol				NP				C20H30O	490 ; 497
353.2116	160890	M-H+HCOONa	6	286.2297	Ferruginol			Plant	NP				C20H30O	491
353.2116	151526	M-H+HCOONa	6	286.2297	Abietal							Food	C20H30O	492
353.2116	160237	M-H+HCOONa	6	286.2297	Neoabietal				NP				C20H30O	493
353.2116	520	M-H+HCOONa	6	286.2297	Helicallenal								C20H30O	494
353.2116	544	M-H+HCOONa	6	286.2297	levopimaradienal			Plant					C20H30O	495
353.2116	545	M-H+HCOONa	6	286.2297	dehydroabietadienol			Plant	NP				C20H30O	496
353.2116	561	M-H+HCOONa	6	286.2297	isopimara-dienal			Plant	NP				C20H30O	498
353.2116	572	M-H+HCOONa	6	286.2297	Spongiadiene								C20H30O	499
353.2116	579 ; 100682	M-H+HCOONa	6	286.2297	ent-kaur-en-al							Food	C20H30O	500 ; 505
353.2116	582	M-H+HCOONa	6	286.2297	Beyeren-one								C20H30O	501
353.2116	39605	M-H+HCOONa	6	286.2297	pregna-dien-ol								C20H30O	502
353.2116	1095 ; 1098 ; 1102 ; 1104	M-H+HCOONa	6	286.2297	Retinol								C20H30O	503 ; 504 ; 506 ; 507
353.2116	127340	M-H+HCOONa	6	286.2297	ent-Trachylobanal							Food	C20H30O	508
353.2116	42606	M-H+HCOONa	6	286.2297	Abietadien-al							Food	C20H30O	509
353.2116	149390	M-H+HCOONa	6	286.2297	Abietinal							Food	C20H30O	510
353.2116	94095	M-H+HCOONa	6	286.2297	Menth-en-yl-isopropyl-methylphenyl ether								C20H30O	511
369.174	157853	M-H	9	370.178	Linalyl-dimethylflaviolin								C22H26O5	144
369.174	161450	M-H	9	370.178	Geranyl-dimethylflaviolin								C22H26O5	145
369.174	153366	M-H	9	370.178	Diacetoxyestra-trien-one								C22H26O5	146
369.174	151421	M-H	9	370.178	Calanolide				NP		Drug		C22H26O5	147
369.174	173561	M-H	9	370.178	Estrone Hemisuccinate								C22H26O5	148
369.174	173562	M-H	9	370.178	phenoxy tetranor Prostaglandin								C22H26O5	149
369.174	133895	M-H	9	370.178	Licarin							Food	C22H26O5	150
369.174	149619	M-H	9	370.178	Kanzonol							Food	C22H26O5	151
369.174	12515	M-H	9	370.178	Unanisoflavan				NP				C22H26O5	152
369.174	74170	M-H	0	370.1812	Lorcainide		x				Drug		C22H27ClN2O	153
369.174	41136 ; 41173	M-H	0	370.1814	LMSD{ ST 19:1;O2;S }								C19H30O5S	154 ; 156
369.174	41171 ; 41153	M-H	0	370.1814	Dihydrotestosterone sulfate								C19H30O5S	155 ; 158
369.174	78459	M-H	0	370.1814	Epiandrosterone sulfate								C19H30O5S	157
369.174	173563	M-H	0	370.1814	Androstan-ol-one sulfate								C19H30O5S	159
369.174	173564	M-H	0	370.1814	Hydroxy-androstan-one sulfate								C19H30O5S	160
369.174	170858 ; 170859	M+Cl	5	334.2063	JWH								C23H14D7NO	161 ; 162
369.174	76008	M+Cl	0	334.2045	Carnocin U							Food	C22H26N2O	163
369.174	152479	M+HCOOH-H	0	324.1759	Piperonyl sulfoxide								C18H28O3S	164
369.174	168960 ; 168961 ; 168962 ; 168963 ; 168964 ; 168959	M-H+HCOONa	5	302.1954	Gly Lys Val	Pep							C13H26N4O4	165 ; 166 ; 167 ; 168 ; 169 ; 170
378.2413	174456	M-H	4	379.2471	Celiprolol						Drug		C20H33N3O4	253
378.2413	34081	M-H	0	379.2488	LMSD{ SPBP 18:1;O2 }								C18H38NO5P	254
378.2413	140919	M-H	0	379.2488	palmitoyl-phosphoethanolamine								C18H38NO5P	255
378.2413	152414 ; 161015	M-H	7	379.2511	Aurachin				NP				C25H33NO2	256 ; 257
378.2413	32819	M+Cl	1	343.2723	LMSD{ NA 19:1;O3 }								C19H37NO4	258
378.2413	32686	M+Cl	1	343.2723	LMSD{ CAR 12:0 }								C19H37NO4	259
378.2413	32658	M+Cl	1	343.2723	Dodecanoyl-carnitine								C19H37NO4	260
378.2413	165782	M+Cl	1	343.2723	Octanoylcarnitine butyl ester								C19H37NO4	261
383.1534	180978	M-H	9	384.1573	Versicone								C22H24O6	82
383.1534	117039	M-H	9	384.1573	Dehydroporson							Food	C22H24O6	83
383.1534	17231	M-H	9	384.1573	Dihydroxy-dimethoxy-prenylflavanone							Food	C22H24O6	84
383.1534	107928	M-H	9	384.1573	Ethylcubebin							Food	C22H24O6	85
383.1534	51915	M-H	9	384.1573	Glicoisoflavanone							Food	C22H24O6	86
383.1534	120307	M-H	9	384.1573	Kanzonol							Food	C22H24O6	87
383.1534	152250	M-H	9	384.1573	Schizandrin								C22H24O6	88
383.1534	17357	M-H	9	384.1573	Eriodictyol dimethyl ether prenyl ether								C22H24O6	89
383.1534	12245	M-H	9	384.1573	Echinoisosophoranone				NP				C22H24O6	90
383.1534	44190 ; 41152	M-H	0	384.1607	LMSD{ ST 19:2;O3;S }								C19H28O6S	91 ; 92
383.1534	165412	M-H	0	384.1607	Dihydroxyandrostenone sulfate								C19H28O6S	93
383.1534	174778	M-H	0	384.1607	Hydroxy-oxoandrost-en-yl sulfate								C19H28O6S	94
383.1534	54566	M-H	6	384.1632	Butanediol apiosylglucoside							Food	C15H28O11	95
383.1534	154578	M+Cl	5	348.1856	Chloroprogesterone		x						C21H29ClO2	96
383.1534	52059	M+Cl	1	348.1838	Acrivastine						Drug		C22H24N2O2	97
383.1534	171869 ; 171872 ; 171873 ; 171876 ; 171877 ; 171880	M+Cl	2	348.1831	Ala Lys Met	Pep							C14H28N4O4S	98 ; 101 ; 102 ; 105 ; 106 ; 109
383.1534	171870 ; 171871 ; 171874 ; 171875 ; 171878 ; 171879	M+Cl	2	348.1831	Cys Lys Val	Pep							C14H28N4O4S	99 ; 100 ; 103 ; 104 ; 107 ; 108
383.1534	182728	M+HCOOH-H	1	338.155	Hapalindole		x						C21H23ClN2	110
383.1534	182998	M+HCOOH-H	1	338.155	epi-Fischerindole		x						C21H23ClN2	111
383.1534	169603 ; 169611 ; 169617 ; 169626 ; 169627 ; 169629	M-H+HCOONa	5	316.1747	Ala Gln Val	Pep							C13H24N4O5	112 ; 120 ; 126 ; 135 ; 136 ; 138
383.1534	169604 ; 169615 ; 169622 ; 169628	M-H+HCOONa	5	316.1747	Ala Asn Leu	Pep							C13H24N4O5	113 ; 124 ; 131 ; 137
383.1534	169605 ; 169607 ; 169609 ; 169619 ; 169624 ; 169631	M-H+HCOONa	5	316.1747	Gln Gly Ile	Pep							C13H24N4O5	114 ; 116 ; 118 ; 128 ; 133 ; 140
383.1534	169606 ; 169608 ; 169616 ; 169632	M-H+HCOONa	5	316.1747	Ala Asn Ile	Pep							C13H24N4O5	115 ; 117 ; 125 ; 141
383.1534	169610 ; 169613 ; 169620 ; 169623 ; 169625 ; 169630	M-H+HCOONa	5	316.1747	Gln Gly Leu	Pep							C13H24N4O5	119 ; 122 ; 129 ; 132 ; 134 ; 139
383.1534	169612	M-H+HCOONa	5	316.1747	Leu-Ala	Pep							C13H24N4O5	121
383.1534	169614	M-H+HCOONa	5	316.1747	Ala-Leu	Pep							C13H24N4O5	123
383.1534	169618	M-H+HCOONa	5	316.1747	Ala-Ile	Pep							C13H24N4O5	127
383.1534	169621	M-H+HCOONa	5	316.1747	Ile-Ala	Pep							C13H24N4O5	130
383.1534	151236	M-H+HCOONa	8	316.1706	Imipramine hydrochloride		x				Drug		C19H24N2.HCl	142
399.3264	152615 ; 155125 ; 176134 ; 165433	M-H	1	400.3341	Hydroxycholest-en-one								C27H44O2	719 ; 720 ; 722 ; 726
399.3264	176133	M-H	1	400.3341	Alfacalcidol						Drug	Food	C27H44O2	721
399.3264	176135 ; 38716 ; 38725 ; 40925 ; 38420 ; 38684 ; 38429 ; 38685 ; 38686 ; 38717 ; 38472 ; 38482 ; 38587 ; 38600 ; 38615 ; 40926 ; 40928 ; 38629 ; 38631	M-H	1	400.3341	LMSD{ ST 27:2;O2 }				NP				C27H44O2	723 ; 727 ; 728 ; 740 ; 743 ; 744 ; 745 ; 746 ; 747 ; 748 ; 749 ; 750 ; 759 ; 760 ; 762 ; 763 ; 765 ; 770 ; 773
399.3264	17673	M-H	1	400.3341	(henicosa-dien-yl)resorcinol								C27H44O2	724
399.3264	164404	M-H	1	400.3341	Furopirostane skeleton								C27H44O2	725
399.3264	155730	M-H	1	400.3341	Spirostan								C27H44O2	729
399.3264	180773	M-H	1	400.3341	FA 27:5								C27H44O2	730
399.3264	109610	M-H	1	400.3341	Phenyl-heneicosanedione							Food	C27H44O2	731
399.3264	56622	M-H	1	400.3341	Methyl-bis(methyl-butenyl)-(methyl-oxopropyl)-(methyl-pentenyl)cyclohexanone								C27H44O2	732
399.3264	90954	M-H	1	400.3341	Hydroxy-cholestenal								C27H44O2	733
399.3264	49490	M-H	1	400.3341	Hydroxy-dehydrocholesterol								C27H44O2	734
399.3264	110178 ; 39903 ; 39918 ; 40318 ; 40332 ; 40341 ; 39905 ; 39907 ; 39909 ; 39911 ; 39912 ; 39915 ; 39916 ; 39917	M-H	1	400.3341	Hydroxyvitamin D3						Drug	Food	C27H44O2	735 ; 741 ; 742 ; 752 ; 755 ; 757 ; 766 ; 768 ; 771 ; 774 ; 775 ; 778 ; 779 ; 780
399.3264	93829	M-H	1	400.3341	Ketocholesterol								C27H44O2	736
399.3264	95145	M-H	1	400.3341	Hydroxytachysterol3								C27H44O2	737
399.3264	94384	M-H	1	400.3341	(Heneicosadienyl)-benzenediol							Food	C27H44O2	738
399.3264	79035	M-H	1	400.3341	Cholesta-diene-diol								C27H44O2	739
399.3264	40309 ; 39904 ; 39906 ; 39908 ; 39910 ; 39919	M-H	1	400.3341	Hydroxy-epivitamin D3								C27H44O2	751 ; 764 ; 767 ; 769 ; 772 ; 781
399.3264	40320	M-H	1	400.3341	Hydroxyprevitamin D3								C27H44O2	753
399.3264	40324	M-H	1	400.3341	Hydroxypregnacalciferol								C27H44O2	754
399.3264	40335	M-H	1	400.3341	Dehydrocholesterol-oxide								C27H44O2	756
399.3264	40356	M-H	1	400.3341	epi-Hydroxyvitamin D3								C27H44O2	758
399.3264	38602	M-H	1	400.3341	oxo-hydroxycholesterol								C27H44O2	761
399.3264	39913	M-H	1	400.3341	dihydroxy-deoxyvitamin D3								C27H44O2	776
399.3264	39914	M-H	1	400.3341	astrogorgiadiol				NP				C27H44O2	777
452.2777	163367	M-H	1	453.2855	LPC 13:0								C21H44NO7P	337
452.2777	4265	M-H	1	453.2855	LPE 16:0; LMSD{ LPE 16:0 }								C21H44NO7P	338
452.2777	4298	M-H	1	453.2855	LysoPE(0:0/16:0)								C21H44NO7P	339
452.2777	178930	M-H	1	453.2855	Glycerophospho-Palmitoyl Ethanolamine								C21H44NO7P	340
452.2777	2930	M-H	1	453.2855	LPC 13:0; LMSD{ LPC 13:0 }								C21H44NO7P	341
452.2777	181993 ; 181995	M-H	1	453.2855	LMSD{ LPE O-16:1;O }								C21H44NO7P	342 ; 343
452.2777	57627	M-H	6	453.2879	Sambutoxin								C28H39NO4	344
452.2777	188053	M+HCOOH-H	7	407.2824	Radarin								C27H37NO2	346
452.2777	151146	M-H+HCOONa	2	385.2981	(Pyrrolidinyl)-pregnane-dione								C25H39NO2	347
453.3577	27140 ; 32251 ; 27183	M+HCOOH-H	2	408.3603	LMSD{ FA 26:2;O }				NP				C26H48O3	714 ; 715 ; 716
456.1999	160507	M-H	0	457.2074	Demethylpuromycin								C21H27N7O5	324
456.1999	177537 ; 177538 ; 177539 ; 177540 ; 177541 ; 177542	M+Cl	5	421.2325	Gln Lys Phe	Pep							C20H31N5O5	325 ; 326 ; 327 ; 328 ; 329 ; 330
456.1999	3068	M+HCOOH-H	1	411.2022	PE 12:0; LMSD{ PE 12:0 }								C17H34NO8P	331
456.1999	164426	M+HCOOH-H	1	411.2022	PE 12:0								C17H34NO8P	332
456.1999	85885	M+HCOOH-H	9	411.198	Acetophenazine						Drug		C23H29N3O2S	333
456.1999	107502	M+HCOOH-H	9	411.198	Carphenazine						Drug		C23H29N3O2S	334
464.3138	3022	M-H	2	465.3219	LPC P-15:0; LMSD{ LPC O-15:1 }								C23H48NO6P	663
464.3138	4340	M-H	2	465.3219	LPE O-18:1; LMSD{ LPE O-18:1 }								C23H48NO6P	664
464.3138	4345	M-H	2	465.3219	LPE P-18:0; LMSD{ LPE O-18:1 }								C23H48NO6P	665
464.3138	115446	M-H	2	465.3222	TetraHCA								C27H45O6	666
464.3138	32851	M+HCOOH-H	2	419.3148	oleoyl histidine								C24H41N3O3	668
464.3138	39350	M-H+HCOONa	2	397.3345	Solanidine								C27H43NO	669
464.3138	39349	M-H+HCOONa	2	397.3345	Verazine				NP				C27H43NO	670
478.2933	4267	M-H	1	479.3012	LPE 18:1; LMSD{ LPE 18:1 }								C23H46NO7P	513
478.2933	4301 ; 4302	M-H	1	479.3012	LysoPE(0:0/18:1)								C23H46NO7P	514 ; 515
478.2933	4326	M-H	1	479.3012	LysoPE(18:1/0:0)								C23H46NO7P	516
478.2933	179537	M-H	1	479.3012	Glycerophospho-Oleoyl Ethanolamine								C23H46NO7P	517
478.2933	164511	M-H	1	479.3012	LPE 18:1								C23H46NO7P	518
478.2933	2985	M-H	1	479.3012	LPC 15:1; LMSD{ LPC 15:1 }								C23H46NO7P	519
478.2933	153322	M-H+HCOONa	2	411.3137	Cyclopamine				NP				C27H41NO2	522
480.2835	7513 ; 7543 ; 7571	M-2H	7	962.5884	PI 44:8; LMSD{ PI 44:8 }								C53H87O13P	433 ; 434 ; 435
480.3091	163389 ; 163390	M-H	1	481.3168	LPC 15:0								C23H48NO7P	396 ; 397
480.3091	163391 ; 163392	M-H	1	481.3168	PC O-15:0								C23H48NO7P	398 ; 399
480.3091	2939	M-H	1	481.3168	LPC 15:0; LMSD{ LPC 15:0 }								C23H48NO7P	400
480.3091	4264	M-H	1	481.3168	LPE 18:0; LMSD{ LPE 18:0 }								C23H48NO7P	401
480.3091	4300	M-H	1	481.3168	LysoPE(0:0/18:0)								C23H48NO7P	402
480.3091	182002	M-H	1	481.3168	LMSD{ LPE O-18:1;O }								C23H48NO7P	403
480.3091	158756	M+HCOOH-H	1	435.3115	Pahutoxin		x						C23H46NO4.Cl	405
480.3091	152868 ; 102224 ; 39347	M-H+HCOONa	1	413.3294	Solasodine								C27H43NO2	406 ; 407 ; 409
480.3091	72387	M-H+HCOONa	1	413.3294	Tomatidan-one								C27H43NO2	408
480.3091	39348	M-H+HCOONa	1	413.3294	tomatidinol								C27H43NO2	410
480.3091	39351	M-H+HCOONa	1	413.3294	Etioline				NP				C27H43NO2	411
480.3091	39352	M-H+HCOONa	1	413.3294	Leptinidine				NP				C27H43NO2	412
480.3091	39354	M-H+HCOONa	1	413.3294	iso-etioline				NP				C27H43NO2	413
483.3681	181934	M-H+HCOONa	3	416.3866	LMSD{ MG O-22:0;O }								C25H52O4	680
500.2776	4271	M-H	1	501.2855	LPE 20:4; LMSD{ LPE 20:4 }								C25H44NO7P	293
500.2776	4313 ; 4314	M-H	1	501.2855	LysoPE(0:0/20:4)								C25H44NO7P	294 ; 295
500.2776	4329	M-H	1	501.2855	LysoPE(20:4/0:0)								C25H44NO7P	296
500.2776	179816	M-H	1	501.2855	Glycerophospho-Arachidonoyl Ethanolamine								C25H44NO7P	297
500.2776	188543	M-H	6	501.2879	isopentenylpaxilline								C32H39NO4	298
500.2776	161410 ; 187553	M-H	6	501.2879	Aflatrem				NP				C32H39NO4	299 ; 300
500.2776	52472	M-H	6	501.2879	Fexofenadine								C32H39NO4	301
500.2776	41174 ; 55938 ; 41179	M+Cl	2	465.309	GCA; LMSD{ ST 24:1;O5;G }								C26H43NO6	302 ; 304 ; 305
500.2776	45124	M+Cl	2	465.309	GCA								C26H43NO6	303
504.3091	4283	M-H	1	505.3168	LPE 20:2; LMSD{ LPE 20:2 }								C25H48NO7P	317
504.3091	4309	M-H	1	505.3168	LysoPE(0:0/20:2)								C25H48NO7P	318
504.3091	2987	M-H	1	505.3168	LPC 17:2; LMSD{ LPC 17:2 }								C25H48NO7P	319
504.3091	32761	M-H+HCOONa	1	437.3294	LMSD{ NA 29:8;O }								C29H43NO2	322
506.3247	4282	M-H	1	507.3325	LPE 20:1; LMSD{ LPE 20:1 }								C25H50NO7P	544
506.3247	4308	M-H	1	507.3325	LysoPE(0:0/20:1)								C25H50NO7P	545
506.3247	2931 ; 2986	M-H	1	507.3325	LPC 17:1; LMSD{ LPC 17:1 }								C25H50NO7P	546 ; 547
506.3247	83264 ; 154511	M-H	6	507.3349	Gymnodimine								C32H45NO4	548 ; 549
508.3402	165812	M-H	1	509.3481	LMSD{ LPC 17:0 }								C25H52NO7P	647
508.3402	163415 ; 163416 ; 163418	M-H	1	509.3481	PC O-17:0								C25H52NO7P	648 ; 649 ; 651
508.3402	163417	M-H	1	509.3481	LPC 17:0								C25H52NO7P	650
508.3402	2943	M-H	1	509.3481	LPC 17:0; LMSD{ LPC 17:0 }								C25H52NO7P	652
508.3402	4274	M-H	1	509.3481	LPE 20:0; LMSD{ LPE 20:0 }								C25H52NO7P	653
508.3402	4307	M-H	1	509.3481	LysoPE(0:0/20:0)								C25H52NO7P	654
508.3402	2618 ; 2631 ; 2633	M-H	1	509.3481	PC O-17:0; LMSD{ PC O-17:0 }								C25H52NO7P	655 ; 656 ; 657
508.3402	181989	M-H	1	509.3481	LMSD{ LPC O-17:1;O }								C25H52NO7P	658
508.3402	36849	M-2H	3	1018.6916	LMSD{ NeuAcHexCer 36:1;O2 }								C53H98N2O16	662
512.2682	189037	M-H	1	513.2758	prenyl-dihydrovariecolorin		x						C29H40ClN3O3	231
512.2682	164529 ; 45370 ; 41187	M-H	1	513.276	S-GLCA; LMSD{ ST }								C26H43NO7S	232 ; 233 ; 234
512.2682	180955	M+Cl	1	477.2991	Arestrictin								C29H39N3O3	235
512.2682	179309 ; 179310 ; 179311	M+HCOOH-H	4	467.2717	Arg Arg His	Pep							C18H33N11O4	236 ; 237 ; 238
512.2682	123517	M-H+HCOONa	5	445.29	Dynorphin-(13)								C20H39N5O6	239
512.2987	182025 ; 182026 ; 182030	M-H	1	513.3067	LMSD{ LPS O-17:0;O }								C23H48NO9P	265 ; 266 ; 267
512.2987	32794 ; 131297	M+HCOOH-H	7	467.3036	LMSD{ NA 29:9;O3 }								C29H41NO4	269 ; 270
512.2987	79595	M+HCOOH-H	7	467.3036	Buprenorphine				NP		Drug		C29H41NO4	271
512.2987	2620	M+HCOOH-H	1	467.3012	PC O-14:0; LMSD{ PC O-14:0 }								C22H46NO7P	272
512.2987	2968 ; 2937	M+HCOOH-H	1	467.3012	LPC 14:0; LMSD{ LPC 14:0 }								C22H46NO7P	273 ; 278
512.2987	182000 ; 182001	M+HCOOH-H	1	467.3012	LMSD{ LPE O-17:1;O }								C22H46NO7P	274 ; 275
512.2987	163376	M+HCOOH-H	1	467.3012	PC O-14:0								C22H46NO7P	276
512.2987	163377	M+HCOOH-H	1	467.3012	LPC 14:0								C22H46NO7P	277
512.2987	4292	M+HCOOH-H	1	467.3012	LPE 17:0; LMSD{ LPE 17:0 }								C22H46NO7P	279
512.2987	181807	M-H+HCOONa	9	445.3226	LMSD{ NAT 22:1 }								C24H47NO4S	280
512.2987	39623	M-H+HCOONa	2	445.3192	dihydroxy-oxo-azavitamin D2								C27H43NO4	281
512.2987	32817	M-H+HCOONa	2	445.3192	LMSD{ NA 27:6;O3 }								C27H43NO4	282
524.3351	3014 ; 3015 ; 3016	M+HCOOH-H	1	479.3376	LPC O-16:1; LMSD{ LPC O-16:1 }								C24H50NO6P	581 ; 582 ; 583
524.3351	3023 ; 163382 ; 163383 ; 163384	M+HCOOH-H	1	479.3376	LPC O-16:1								C24H50NO6P	584 ; 585 ; 586 ; 587
524.3351	3024	M+HCOOH-H	1	479.3376	LPC P-16:0; LMSD{ LPC O-16:1 }								C24H50NO6P	588
530.3024	2628	M+Cl	1	495.3325	PC O-16:0; LMSD{ PC O-16:0 }								C24H50NO7P	416
530.3024	2981 ; 2969 ; 2940	M+Cl	1	495.3325	LPC 16:0; LMSD{ LPC 16:0 }								C24H50NO7P	417 ; 420 ; 425
530.3024	4290	M+Cl	1	495.3325	LPE 19:0; LMSD{ LPE 19:0 }								C24H50NO7P	418
530.3024	182003	M+Cl	1	495.3325	LMSD{ LPE O-19:1;O }								C24H50NO7P	419
530.3024	163400	M+Cl	1	495.3325	PC O-16:0								C24H50NO7P	421
530.3024	163401 ; 163402 ; 163403	M+Cl	1	495.3325	LPC 16:0								C24H50NO7P	422 ; 423 ; 424
535.3992	39302	M+HCOOH-H	2	490.4022	LMSD{ ST 31:1;O4 }								C31H54O4	684
535.3992	183344 ; 183345 ; 183346 ; 183347 ; 183348 ; 183349 ; 183350 ; 183351 ; 183096 ; 183352 ; 183097 ; 183353 ; 183098 ; 183354 ; 183099 ; 183355 ; 183100 ; 183101 ; 183102 ; 183103 ; 183104 ; 183105 ; 183106 ; 183107 ; 183108	M-H+HCOONa	2	468.4179	FAHFA 29:0								C29H56O4	685 ; 686 ; 687 ; 688 ; 689 ; 690 ; 691 ; 692 ; 693 ; 694 ; 695 ; 696 ; 697 ; 698 ; 699 ; 700 ; 701 ; 702 ; 703 ; 704 ; 706 ; 707 ; 708 ; 709 ; 710
535.3992	25664	M-H+HCOONa	2	468.4179	LMSD{ FA 29:1;O2 }								C29H56O4	705
538.3141	182032	M-H	2	539.3223	LMSD{ LPS O-19:1;O }								C25H50NO9P	284
538.3141	5531	M-H	2	539.3223	LPS 19:0; LMSD{ LPS 19:0 }								C25H50NO9P	285
538.3141	2941 ; 2942	M+HCOOH-H	2	493.3168	LPC 16:1; LMSD{ LPC 16:1 }								C24H48NO7P	287 ; 290
538.3141	4281	M+HCOOH-H	2	493.3168	LPE 19:1; LMSD{ LPE 19:1 }								C24H48NO7P	288
538.3141	163397	M+HCOOH-H	2	493.3168	LPC 16:1								C24H48NO7P	289
538.3141	32651	M-H+HCOONa	2	471.3349	LMSD{ CAR 22:6 }								C29H45NO4	291
540.33	182033	M-H	1	541.338	LMSD{ LPS O-19:0;O }								C25H52NO9P	374
540.33	188238 ; 188759 ; 188814 ; 188636	M+Cl	10	505.3556	Anthcolorin								C33H47NO3	375 ; 376 ; 377 ; 378
540.33	2628	M+HCOOH-H	1	495.3325	PC O-16:0; LMSD{ PC O-16:0 }								C24H50NO7P	379
540.33	2981 ; 2969 ; 2940	M+HCOOH-H	1	495.3325	LPC 16:0; LMSD{ LPC 16:0 }								C24H50NO7P	380 ; 383 ; 388
540.33	4290	M+HCOOH-H	1	495.3325	LPE 19:0; LMSD{ LPE 19:0 }								C24H50NO7P	381
540.33	182003	M+HCOOH-H	1	495.3325	LMSD{ LPE O-19:1;O }								C24H50NO7P	382
540.33	163400	M+HCOOH-H	1	495.3325	PC O-16:0								C24H50NO7P	384
540.33	163401 ; 163402 ; 163403	M+HCOOH-H	1	495.3325	LPC 16:0								C24H50NO7P	385 ; 386 ; 387
540.33	181806	M-H+HCOONa	9	473.3539	LMSD{ NAT 24:1 }								C26H51NO4S	389
540.33	179447	M-H+HCOONa	9	473.3539	Tetracos-enamidoethanesulfonate								C26H51NO4S	390
540.33	123788	M-H+HCOONa	1	473.3505	Acetoxysoladulcidine								C29H47NO4	391
540.33	32654 ; 32657 ; 32619	M-H+HCOONa	1	473.3505	LMSD{ CAR 22:5 }								C29H47NO4	392 ; 393 ; 394
556.3175	2688	M+Cl	0	521.3481	PC O-18:1; LMSD{ PC O-18:1 }								C26H52NO7P	555
556.3175	2945 ; 2946 ; 2971 ; 2972 ; 2982 ; 2973 ; 2947	M+Cl	0	521.3481	LPC 18:1; LMSD{ LPC 18:1 }								C26H52NO7P	556 ; 557 ; 558 ; 559 ; 560 ; 562 ; 567
556.3175	2798	M+Cl	0	521.3481	PC P-18:0; LMSD{ PC O-18:1 }								C26H52NO7P	561
556.3175	163432 ; 163433 ; 163434 ; 163435	M+Cl	0	521.3481	LPC 18:1								C26H52NO7P	563 ; 564 ; 565 ; 566
556.3175	2997	M+Cl	0	521.3481	LysoPC(18:1)								C26H52NO7P	568
556.3175	163430 ; 163431	M+Cl	0	521.3481	PC O-18:1								C26H52NO7P	569 ; 570
564.3299	2948 ; 2949	M+HCOOH-H	2	519.3325	LPC 18:2; LMSD{ LPC 18:2 }								C26H50NO7P	311 ; 314
564.3299	100664	M+HCOOH-H	2	519.3325	linoleoyl-glycero-phosphocholine								C26H50NO7P	312
564.3299	163429	M+HCOOH-H	2	519.3325	LPC 18:2								C26H50NO7P	313
564.3299	182004	M-H+HCOONa	3	497.3481	LMSD{ LPE O-19:0;O }								C24H52NO7P	315
566.3453	5529	M-H	2	567.3536	LPS 21:0; LMSD{ LPS 21:0 }								C27H54NO9P	524
566.3453	2688	M+HCOOH-H	2	521.3481	PC O-18:1; LMSD{ PC O-18:1 }								C26H52NO7P	526
566.3453	2945 ; 2946 ; 2971 ; 2972 ; 2982 ; 2973 ; 2947	M+HCOOH-H	2	521.3481	LPC 18:1; LMSD{ LPC 18:1 }								C26H52NO7P	527 ; 528 ; 529 ; 530 ; 531 ; 533 ; 538
566.3453	2798	M+HCOOH-H	2	521.3481	PC P-18:0; LMSD{ PC O-18:1 }								C26H52NO7P	532
566.3453	163432 ; 163433 ; 163434 ; 163435	M+HCOOH-H	2	521.3481	LPC 18:1								C26H52NO7P	534 ; 535 ; 536 ; 537
566.3453	2997	M+HCOOH-H	2	521.3481	LysoPC(18:1)								C26H52NO7P	539
566.3453	163430 ; 163431	M+HCOOH-H	2	521.3481	PC O-18:1								C26H52NO7P	540 ; 541
583.2549	653	M-H	0	584.2622	Pubescenol								C32H40O10	172
583.2549	107570	M-H	2	584.2635	Bilirubin								C33H36N4O6	173
583.2549	117970 ; 165561	M-H	2	584.2635	Bilirubin IXa								C33H36N4O6	174 ; 176
583.2549	158107	M-H	2	584.2635	Dihydrobiliverdin								C33H36N4O6	175
583.2549	161238	M-H	2	584.2635	Phytochromobilin								C33H36N4O6	177
583.2549	151923	M-H	3	584.2638	Ethyl-propyl-vinylbacteriochlorophyllide								C35H36MgN4O3	178
583.2549	39027	M-H+HCOONa	5	516.2723	LMSD{ ST 29:6;O8 }				NP				C29H40O8	181
583.2549	59419 ; 98267	M-H+HCOONa	5	516.2723	Cavipetin-isomer							Food	C29H40O8	182 ; 184
583.2549	134610	M-H+HCOONa	5	516.2723	Lucidenate								C29H40O8	183
631.2395	143154	M-H	9	632.241	Mulberrofuran							Food	C39H36O8	218
631.2395	155333	M-H	3	632.2485	Hydroxyethylchlorophyllide								C35H36MgN4O6	219
631.2395	152043	M-H	3	632.2485	Bacteriochlorophyllide								C35H36MgN4O6	220
631.2395	73794	M+HCOOH-H	0	586.2414	({[dihydroxy-(methylbut-en-yl)phenyl]-hydroxy-oxopropyl}-(methylbut-en-yl)phenoxy)-trihydroxyoxane-carboxylate								C31H38O11	222
631.2395	136072 ; 106901	M+HCOOH-H	0	586.2414	trihydroxy-(hydroxy-{hydroxy-[hydroxy-(methylbut-en-yl)phenyl]propanoyl}-(methylbut-en-yl)phenoxy)oxane-carboxylate								C31H38O11	223 ; 224
631.2395	158379	M+HCOOH-H	0	586.2414	Baccatin III				NP				C31H38O11	225
631.2395	180148	M+HCOOH-H	0	586.2414	Xylocarpus								C31H38O11	226
631.2395	121779 ; 148428	M+HCOOH-H	5	586.2383	[dihydroxy-pentamethyl-[(methyl-thiazol-yl)prop-en-yl]-oxo-oxa-azabicycloheptadec-en-yl]oxidanesulfonate								C27H42N2O8S2	227 ; 228
631.2395	25243	M-H+HCOONa	6	564.2557	chlorotetracosane-disulfate		x						C24H49ClO8S2	229
634.332	182119	M-H	7	635.3435	LMSD{ PE 25:3;O3 }								C30H54NO11P	574
634.332	5529	M-H+HCOONa	3	567.3536	LPS 21:0; LMSD{ LPS 21:0 }								C27H54NO9P	577
714.5068	3639 ; 3668 ; 3211 ; 3989 ; 3236 ; 3049 ; 3993 ; 4015 ; 3593 ; 3340 ; 3866 ; 3394 ; 3174 ; 4004 ; 3287	M-H	2	715.5152	PE 34:2; LMSD{ PE 34:2 }								C39H74NO8P	981 ; 982 ; 983 ; 984 ; 985 ; 986 ; 992 ; 994 ; 1001 ; 1002 ; 1004 ; 1006 ; 1007 ; 1010 ; 1014
714.5068	64276 ; 67297	M-H	2	715.5152	PE 34:2								C39H74NO8P	987 ; 997
714.5068	70434 ; 44385 ; 81032 ; 117943 ; 77504 ; 88037 ; 89341	M-H	2	715.5152	PE-NMe2 32:2								C39H74NO8P	988 ; 990 ; 991 ; 995 ; 996 ; 998 ; 999
714.5068	99111 ; 54950	M-H	2	715.5152	PE-NMe 33:2								C39H74NO8P	989 ; 993
714.5068	4064	M-H	2	715.5152	PE 34:0; LMSD{ PE 34:2 }								C39H74NO8P	1000
714.5068	1813 ; 1853 ; 1899 ; 1928 ; 1723 ; 1990 ; 1743 ; 1762	M-H	2	715.5152	PC 31:2; LMSD{ PC 31:2 }								C39H74NO8P	1003 ; 1005 ; 1008 ; 1009 ; 1011 ; 1012 ; 1013 ; 1015
714.5068	180330	M-H	2	715.5152	Palmitoyl-linoleoyl								C39H74NO8P	1016
714.5068	75872 ; 141314 ; 148229 ; 137488 ; 125969 ; 81427 ; 94483 ; 83478 ; 96812 ; 138551 ; 47417 ; 48706 ; 124226 ; 144968 ; 100429 ; 115791 ; 140881 ; 143975 ; 132457 ; 64365 ; 95871 ; 98442 ; 43406 ; 83347 ; 71835 ; 109211 ; 86684 ; 99997 ; 105886 ; 96164 ; 142245 ; 59311 ; 53681 ; 144562 ; 113842 ; 56517 ; 122317 ; 116697 ; 71907 ; 50412 ; 117237 ; 126966 ; 82167 ; 57342	M-2H	6	1431.0192	CL 70:3								C79H148O17P2	1020 ; 1021 ; 1022 ; 1023 ; 1024 ; 1025 ; 1026 ; 1027 ; 1029 ; 1030 ; 1031 ; 1032 ; 1033 ; 1034 ; 1035 ; 1036 ; 1037 ; 1038 ; 1039 ; 1040 ; 1041 ; 1042 ; 1043 ; 1045 ; 1046 ; 1047 ; 1048 ; 1049 ; 1050 ; 1051 ; 1052 ; 1053 ; 1054 ; 1055 ; 1056 ; 1057 ; 1059 ; 1061 ; 1062 ; 1063 ; 1064 ; 1065 ; 1066 ; 1067
714.5068	9255 ; 9615 ; 9675 ; 9685 ; 9475 ; 9220 ; 9225 ; 9495 ; 9505 ; 9250 ; 9260 ; 9285 ; 9290 ; 9825 ; 9830 ; 9855 ; 9865 ; 9610 ; 9620 ; 9890 ; 9895 ; 9640 ; 9655 ; 9400 ; 9405 ; 9710 ; 9715 ; 9460	M-2H	6	1431.0192	CL 70:3; LMSD{ CL 70:3 }								C79H148O17P2	1028 ; 1044 ; 1058 ; 1060 ; 1068 ; 1069 ; 1070 ; 1071 ; 1072 ; 1073 ; 1074 ; 1075 ; 1076 ; 1077 ; 1078 ; 1079 ; 1080 ; 1081 ; 1082 ; 1083 ; 1084 ; 1085 ; 1086 ; 1087 ; 1088 ; 1089 ; 1090 ; 1091
720.496	91681 ; 148871 ; 135398 ; 143864 ; 43512	M-H	2	721.5046	PE P-36:5								C41H72NO7P	816 ; 818 ; 819 ; 820 ; 821
720.496	4189	M-H	2	721.5046	PE P-36:5; LMSD{ PE O-36:6 }								C41H72NO7P	817
720.496	47375 ; 104769 ; 60262 ; 104066 ; 149641 ; 146839	M-2H	9	1443.0192	CL 71:4								C80H148O17P2	825 ; 826 ; 827 ; 828 ; 829 ; 830
745.5484	18009	M+Cl	8	710.5849	DG 43:6; LMSD{ DG 43:6 }								C46H78O5	792
745.5484	34372 ; 34373 ; 34421	M+HCOOH-H	2	700.5519	SM 34:2; LMSD{ SM 34:2;O2 }								C39H77N2O6P	793 ; 794 ; 795
745.5484	34466 ; 34470 ; 34482	M+HCOOH-H	2	700.5519	EPC 37:2; LMSD{ EPC 37:2;O2 }								C39H77N2O6P	796 ; 797 ; 798
748.5275	55556 ; 104713 ; 43021 ; 83472 ; 96037 ; 101683 ; 43115 ; 108147 ; 80762 ; 87994 ; 116691 ; 90324 ; 109307	M-H	2	749.5359	PE P-38:5								C43H76NO7P	1307 ; 1308 ; 1309 ; 1310 ; 1311 ; 1312 ; 1313 ; 1314 ; 1316 ; 1317 ; 1318 ; 1319 ; 1320
748.5275	4217	M-H	2	749.5359	PE P-38:5; LMSD{ PE O-38:6 }								C43H76NO7P	1315
748.5275	4078	M-H	2	749.5359	PE O-38:6; LMSD{ PE O-38:6 }								C43H76NO7P	1321
764.5221	3333 ; 3904 ; 3652 ; 3680 ; 3681 ; 3710 ; 3467 ; 3991 ; 3739 ; 3996 ; 3495 ; 3768 ; 3523 ; 3553	M-H	2	765.5309	PE 38:5; LMSD{ PE 38:5 }								C43H76NO8P	1092 ; 1098 ; 1100 ; 1104 ; 1105 ; 1107 ; 1109 ; 1111 ; 1112 ; 1113 ; 1116 ; 1117 ; 1118 ; 1119
764.5221	1800 ; 63272 ; 2305 ; 2056 ; 2084 ; 1829 ; 1911 ; 1939 ; 1940 ; 2277 ; 2025	M-H	2	765.5309	PC 35:5; LMSD{ PC 35:5 }								C43H76NO8P	1093 ; 1095 ; 1144 ; 1145 ; 1146 ; 1147 ; 1149 ; 1152 ; 1153 ; 1154 ; 1155
764.5221	136990 ; 139828 ; 143927 ; 109120 ; 65356 ; 140878 ; 121435 ; 146791 ; 54406 ; 120724 ; 61597 ; 87200	M-H	2	765.5309	PE 38:5								C43H76NO8P	1094 ; 1096 ; 1097 ; 1099 ; 1101 ; 1102 ; 1103 ; 1106 ; 1108 ; 1110 ; 1114 ; 1115
764.5221	77831 ; 67859 ; 103725 ; 140338 ; 129861 ; 58952 ; 51814 ; 139635 ; 82304 ; 124288 ; 58761 ; 85643 ; 130471 ; 123826 ; 148409 ; 103108 ; 146888 ; 149710 ; 49618 ; 117499	M-H	2	765.5309	PE-NMe2 36:5								C43H76NO8P	1120 ; 1121 ; 1123 ; 1124 ; 1125 ; 1126 ; 1127 ; 1128 ; 1131 ; 1132 ; 1133 ; 1134 ; 1136 ; 1137 ; 1138 ; 1139 ; 1140 ; 1141 ; 1142 ; 1143
764.5221	148262 ; 130675 ; 57462 ; 97959	M-H	2	765.5309	PE-NMe 37:5								C43H76NO8P	1122 ; 1129 ; 1130 ; 1135
764.5221	10868 ; 10871 ; 10874	M-H	2	765.5309	PE P-38:5(OH); LMSD{ PE O-38:6;O }								C43H76NO8P	1148 ; 1150 ; 1151
764.5221	135215 ; 132937 ; 128098 ; 114533 ; 76167 ; 87962 ; 86435 ; 149460 ; 71393 ; 137969 ; 121588 ; 142844	M-2H	5	1531.0505	CL 78:9								C87H152O17P2	1159 ; 1160 ; 1161 ; 1162 ; 1163 ; 1164 ; 1165 ; 1166 ; 1167 ; 1168 ; 1169 ; 1170
764.5221	10244 ; 9780 ; 9810 ; 9815 ; 10349 ; 10354 ; 10139 ; 10409 ; 10424 ; 10444 ; 10454 ; 10229	M-2H	5	1531.0505	CL 78:9; LMSD{ CL 78:9 }								C87H152O17P2	1171 ; 1172 ; 1173 ; 1174 ; 1175 ; 1176 ; 1177 ; 1178 ; 1179 ; 1180 ; 1181 ; 1182
773.5792	34380 ; 34381 ; 34382 ; 34383 ; 34363	M+HCOOH-H	3	728.5832	SM 36:2; LMSD{ SM 36:2;O2 }								C41H81N2O6P	803 ; 804 ; 805 ; 806 ; 811
773.5792	34467 ; 34471 ; 34483	M+HCOOH-H	3	728.5832	EPC 39:2; LMSD{ EPC 39:2;O2 }								C41H81N2O6P	807 ; 808 ; 809
773.5792	165840	M+HCOOH-H	3	728.5832	Oleoyl-sphingomyelin								C41H81N2O6P	810
773.5792	102247	M+HCOOH-H	3	728.5832	SM 36:2								C41H81N2O6P	812
773.5792	77748	M+HCOOH-H	9	728.5744	Ubiquinol								C49H76O4	813
778.5591	34742 ; 34752 ; 182324 ; 182333	M+Cl	2	743.5911	GlcCer 36:1(OH); LMSD{ HexCer 36:1;O3 }								C42H81NO9	1420 ; 1421 ; 1422 ; 1423
778.5591	180358	M+Cl	2	743.5911	Hydroxy-cerebroside								C42H81NO9	1424
778.5591	4128	M+Cl	9	743.5829	PE O-37:2; LMSD{ PE O-37:2 }								C42H82NO7P	1425
778.5591	2866 ; 2900 ; 2842 ; 2894 ; 2910 ; 89285 ; 2796	M+Cl	9	743.5829	PC P-34:1; LMSD{ PC O-34:2 }								C42H82NO7P	1426 ; 1427 ; 1431 ; 1438 ; 1439 ; 1442 ; 1444
778.5591	10851	M+Cl	9	743.5829	PnC 34:1								C42H82NO7P	1428
778.5591	4212 ; 4232	M+Cl	9	743.5829	PE P-37:1; LMSD{ PE O-37:2 }								C42H82NO7P	1429 ; 1430
778.5591	106295 ; 50756 ; 163654 ; 99503 ; 144573 ; 125939	M+Cl	9	743.5829	PC P-34:1								C42H82NO7P	1432 ; 1434 ; 1436 ; 1440 ; 1441 ; 1445
778.5591	163652 ; 163653	M+Cl	9	743.5829	PC O-34:2								C42H82NO7P	1433 ; 1435
778.5591	2637	M+Cl	9	743.5829	PC O-34:2; LMSD{ PC O-34:2 }								C42H82NO7P	1437
778.5591	165843	M+Cl	9	743.5829	GPnCho(16:0/18:1)								C42H82NO7P	1443
778.5591	164735 ; 164736 ; 164737 ; 164738 ; 164739 ; 164740 ; 164741	M+HCOOH-H	2	733.5622	PE 35:0								C40H80NO8P	1446 ; 1447 ; 1448 ; 1449 ; 1450 ; 1451 ; 1452
778.5591	164742 ; 145680 ; 114837 ; 148948 ; 107477	M+HCOOH-H	2	733.5622	PE-NMe 34:0								C40H80NO8P	1453 ; 1474 ; 1477 ; 1478 ; 1479
778.5591	1285 ; 1294 ; 1558 ; 1305 ; 1314 ; 1572 ; 1347 ; 1612 ; 1618 ; 1422 ; 1685 ; 1324 ; 1356 ; 1437	M+HCOOH-H	2	733.5622	PC 32:0; LMSD{ PC 32:0 }								C40H80NO8P	1454 ; 1455 ; 1456 ; 1457 ; 1458 ; 1459 ; 1462 ; 1463 ; 1465 ; 1471 ; 1472 ; 1481 ; 1491 ; 1492
778.5591	3110 ; 3111 ; 3420 ; 3959 ; 3963 ; 3196 ; 3213 ; 4007 ; 3620 ; 3258	M+HCOOH-H	2	733.5622	PE 35:0; LMSD{ PE 35:0 }								C40H80NO8P	1460 ; 1461 ; 1466 ; 1467 ; 1468 ; 1469 ; 1470 ; 1473 ; 1480 ; 1493
778.5591	3152	M+HCOOH-H	2	733.5622	LMSD{ PE 35:0 }								C40H80NO8P	1464
778.5591	146968 ; 46137	M+HCOOH-H	2	733.5622	PE-NMe2 33:0								C40H80NO8P	1475 ; 1476
778.5591	163636 ; 163637 ; 163638 ; 163639 ; 163640 ; 163641 ; 163642 ; 163643 ; 163644	M+HCOOH-H	2	733.5622	PC 32:0								C40H80NO8P	1482 ; 1483 ; 1484 ; 1485 ; 1486 ; 1487 ; 1488 ; 1489 ; 1490
778.5591	165842	M+HCOOH-H	2	733.5622	dipalmitoyl-glycero-PC								C40H80NO8P	1494
794.5463	3329 ; 3599 ; 3347 ; 3624 ; 3374 ; 3644 ; 3426 ; 3440 ; 3265 ; 3790 ; 3295 ; 3813 ; 3570 ; 3839	M+Cl	1	759.5778	PE 37:1; LMSD{ PE 37:1 }								C42H82NO8P	1594 ; 1596 ; 1597 ; 1599 ; 1600 ; 1602 ; 1610 ; 1612 ; 1614 ; 1615 ; 1616 ; 1617 ; 1618 ; 1619
794.5463	1794 ; 1823 ; 2107 ; 2379 ; 1362 ; 1364 ; 1365 ; 1366 ; 1878 ; 2135 ; 1904 ; 1710 ; 1858 ; 1363 ; 2162 ; 2182 ; 1439 ; 1747 ; 2520 ; 1516 ; 1772 ; 1273	M+Cl	1	759.5778	PC 34:1; LMSD{ PC 34:1 }								C42H82NO8P	1595 ; 1598 ; 1601 ; 1603 ; 1604 ; 1605 ; 1606 ; 1607 ; 1608 ; 1609 ; 1611 ; 1613 ; 1634 ; 1635 ; 1637 ; 1646 ; 1647 ; 1649 ; 1650 ; 1651 ; 1652 ; 1653
794.5463	112388 ; 88647 ; 108398 ; 140179 ; 63382 ; 47272 ; 55982 ; 103858 ; 120245 ; 73403 ; 72929 ; 55019	M+Cl	1	759.5778	PE-NMe 36:1								C42H82NO8P	1620 ; 1621 ; 1622 ; 1624 ; 1625 ; 1626 ; 1628 ; 1629 ; 1630 ; 1631 ; 1632 ; 1633
794.5463	59274 ; 60073	M+Cl	1	759.5778	PE-NMe2 35:1								C42H82NO8P	1623 ; 1627
794.5463	77146 ; 108496	M+Cl	1	759.5778	PE 37:1								C42H82NO8P	1636 ; 1648
794.5463	163699 ; 163700 ; 163701 ; 163702 ; 163703 ; 163704 ; 163705 ; 163706	M+Cl	1	759.5778	PC 34:1								C42H82NO8P	1638 ; 1639 ; 1640 ; 1641 ; 1642 ; 1643 ; 1644 ; 1645
794.5463	1240	M+HCOOH-H	10	749.5554	bacteriohopane-triol-cyclitolguanine								C42H75N3O8	1654
794.5463	151529	M+HCOOH-H	5	749.5442	Bacteriohopanetetrol-acetylglucosamine								C43H75NO9	1655
794.5463	34750 ; 182314	M-H+HCOONa	9	727.5598	GlcCer 35:2(OH); LMSD{ HexCer 35:2;O3 }								C41H77NO9	1656 ; 1657
794.5463	53997	M-H+HCOONa	9	727.5598	LMSD{ HexCer 35:2;O3 }								C41H77NO9	1658
804.5742	164850	M-H	2	805.5833	PS 37:0								C43H84NO10P	1497
804.5742	4492 ; 5039 ; 4653 ; 5205 ; 5016 ; 5299 ; 4534 ; 4851	M-H	2	805.5833	PS 37:0; LMSD{ PS 37:0 }								C43H84NO10P	1498 ; 1499 ; 1500 ; 1501 ; 1502 ; 1503 ; 1504 ; 1505
804.5742	34745 ; 34749 ; 34756 ; 182317 ; 182329	M+Cl	3	769.6068	GlcCer 38:2(OH); LMSD{ HexCer 38:2;O3 }								C44H83NO9	1506 ; 1507 ; 1508 ; 1509 ; 1510
804.5742	2644 ; 2722 ; 2723 ; 163724 ; 163725 ; 2778 ; 2780	M+Cl	8	769.5985	PC O-36:3; LMSD{ PC O-36:3 }								C44H84NO7P	1511 ; 1512 ; 1513 ; 1523 ; 1524 ; 1528 ; 1529
804.5742	2827 ; 2847 ; 2903	M+Cl	8	769.5985	PC P-36:2; LMSD{ PC O-36:3 }								C44H84NO7P	1514 ; 1516 ; 1520
804.5742	144408 ; 48424 ; 57416 ; 50509 ; 112754 ; 78196 ; 80570 ; 136893 ; 54748	M+Cl	8	769.5985	PC P-36:2								C44H84NO7P	1515 ; 1517 ; 1518 ; 1519 ; 1521 ; 1522 ; 1526 ; 1527 ; 1530
804.5742	62628	M+Cl	8	769.5985	Hexadecyl-dihomogammalinolenoylglycero-phosphocholine								C44H84NO7P	1525
804.5742	3329 ; 3599 ; 3347 ; 3624 ; 3374 ; 3644 ; 3426 ; 3440 ; 3265 ; 3790 ; 3295 ; 3813 ; 3570 ; 3839	M+HCOOH-H	2	759.5778	PE 37:1; LMSD{ PE 37:1 }								C42H82NO8P	1531 ; 1533 ; 1534 ; 1536 ; 1537 ; 1539 ; 1547 ; 1549 ; 1551 ; 1552 ; 1553 ; 1554 ; 1555 ; 1556
804.5742	1794 ; 1823 ; 2107 ; 2379 ; 1362 ; 1364 ; 1365 ; 1366 ; 1878 ; 2135 ; 1904 ; 1710 ; 1858 ; 1363 ; 2162 ; 2182 ; 1439 ; 1747 ; 2520 ; 1516 ; 1772 ; 1273	M+HCOOH-H	2	759.5778	PC 34:1; LMSD{ PC 34:1 }								C42H82NO8P	1532 ; 1535 ; 1538 ; 1540 ; 1541 ; 1542 ; 1543 ; 1544 ; 1545 ; 1546 ; 1548 ; 1550 ; 1571 ; 1572 ; 1574 ; 1583 ; 1584 ; 1586 ; 1587 ; 1588 ; 1589 ; 1590
804.5742	112388 ; 88647 ; 108398 ; 140179 ; 63382 ; 47272 ; 55982 ; 103858 ; 120245 ; 73403 ; 72929 ; 55019	M+HCOOH-H	2	759.5778	PE-NMe 36:1								C42H82NO8P	1557 ; 1558 ; 1559 ; 1561 ; 1562 ; 1563 ; 1565 ; 1566 ; 1567 ; 1568 ; 1569 ; 1570
804.5742	59274 ; 60073	M+HCOOH-H	2	759.5778	PE-NMe2 35:1								C42H82NO8P	1560 ; 1564
804.5742	77146 ; 108496	M+HCOOH-H	2	759.5778	PE 37:1								C42H82NO8P	1573 ; 1585
804.5742	163699 ; 163700 ; 163701 ; 163702 ; 163703 ; 163704 ; 163705 ; 163706	M+HCOOH-H	2	759.5778	PC 34:1								C42H82NO8P	1575 ; 1576 ; 1577 ; 1578 ; 1579 ; 1580 ; 1581 ; 1582
810.5636	2647 ; 2775 ; 163716 ; 79068	M+HCOOH-H	2	765.5672	PC O-36:5; LMSD{ PC O-36:5 }								C44H80NO7P	1328 ; 1329 ; 1339 ; 1345
810.5636	143378 ; 55585 ; 53572 ; 74824 ; 138835 ; 104275 ; 71802 ; 163717 ; 90766 ; 44943 ; 52165 ; 121303 ; 43751	M+HCOOH-H	2	765.5672	PC P-36:4								C44H80NO7P	1330 ; 1331 ; 1334 ; 1335 ; 1336 ; 1337 ; 1338 ; 1340 ; 1341 ; 1342 ; 1343 ; 1344 ; 1346
810.5636	2850 ; 2799	M+HCOOH-H	2	765.5672	PC P-36:4; LMSD{ PC O-36:5 }								C44H80NO7P	1332 ; 1347
810.5636	131114	M+HCOOH-H	2	765.5672	(Eicosapentaenoyl)-hexadecylglycero-phosphocholine								C44H80NO7P	1333
810.5636	4128	M-H+HCOONa	1	743.5829	PE O-37:2; LMSD{ PE O-37:2 }								C42H82NO7P	1348
810.5636	2866 ; 2900 ; 2842 ; 2894 ; 2910 ; 89285 ; 2796	M-H+HCOONa	1	743.5829	PC P-34:1; LMSD{ PC O-34:2 }								C42H82NO7P	1349 ; 1350 ; 1354 ; 1361 ; 1362 ; 1365 ; 1367
810.5636	10851	M-H+HCOONa	1	743.5829	PnC 34:1								C42H82NO7P	1351
810.5636	4212 ; 4232	M-H+HCOONa	1	743.5829	PE P-37:1; LMSD{ PE O-37:2 }								C42H82NO7P	1352 ; 1353
810.5636	106295 ; 50756 ; 163654 ; 99503 ; 144573 ; 125939	M-H+HCOONa	1	743.5829	PC P-34:1								C42H82NO7P	1355 ; 1357 ; 1359 ; 1363 ; 1364 ; 1368
810.5636	163652 ; 163653	M-H+HCOONa	1	743.5829	PC O-34:2								C42H82NO7P	1356 ; 1358
810.5636	2637	M-H+HCOONa	1	743.5829	PC O-34:2; LMSD{ PC O-34:2 }								C42H82NO7P	1360
810.5636	165843	M-H+HCOONa	1	743.5829	GPnCho(16:0/18:1)								C42H82NO7P	1366
812.5794	2828 ; 2849 ; 2895 ; 51982 ; 2848 ; 78113 ; 83519	M+HCOOH-H	2	767.5829	PC P-36:3; LMSD{ PC O-36:4 }								C44H82NO7P	1372 ; 1373 ; 1374 ; 1379 ; 1380 ; 1381 ; 1383
812.5794	2645 ; 2646 ; 2724 ; 163722 ; 2763 ; 2786	M+HCOOH-H	2	767.5829	PC O-36:4; LMSD{ PC O-36:4 }								C44H82NO7P	1375 ; 1376 ; 1377 ; 1390 ; 1392 ; 1393
812.5794	69120 ; 45880 ; 80705 ; 114245 ; 42619 ; 78728 ; 101048 ; 121577	M+HCOOH-H	2	767.5829	PC P-36:3								C44H82NO7P	1378 ; 1382 ; 1384 ; 1385 ; 1386 ; 1387 ; 1391 ; 1394
812.5794	163720 ; 163721	M+HCOOH-H	2	767.5829	PC O-36:4								C44H82NO7P	1388 ; 1389
812.5794	163719	M+HCOOH-H	2	767.5829	Arachidonoyl PAF C								C44H82NO7P	1395
812.5794	4111 ; 4127	M-H+HCOONa	1	745.5985	PE O-37:1; LMSD{ PE O-37:1 }								C42H84NO7P	1396 ; 1398
812.5794	2841 ; 2865 ; 2819 ; 121864	M-H+HCOONa	1	745.5985	PC P-34:0; LMSD{ PC O-34:1 }								C42H84NO7P	1397 ; 1399 ; 1406 ; 1407
812.5794	2617 ; 2664 ; 2737 ; 163660 ; 163661 ; 2690 ; 2772 ; 2777	M-H+HCOONa	1	745.5985	PC O-34:1; LMSD{ PC O-34:1 }								C42H84NO7P	1400 ; 1402 ; 1405 ; 1411 ; 1412 ; 1413 ; 1415 ; 1416
812.5794	4190 ; 4211 ; 4231	M-H+HCOONa	1	745.5985	PE P-37:0; LMSD{ PE O-37:1 }								C42H84NO7P	1401 ; 1403 ; 1404
812.5794	92681 ; 90054	M-H+HCOONa	1	745.5985	PC P-34:0								C42H84NO7P	1408 ; 1414
812.5794	163657 ; 163658 ; 163659	M-H+HCOONa	1	745.5985	PC O-34:1								C42H84NO7P	1409 ; 1410 ; 1417
824.5426	5131 ; 4641 ; 4943 ; 4972 ; 5025 ; 4786 ; 4808 ; 4838 ; 4583 ; 5102	M-H	3	825.552	PS 39:4; LMSD{ PS 39:4 }								C45H80NO10P	831 ; 832 ; 833 ; 834 ; 835 ; 836 ; 837 ; 838 ; 839 ; 840
824.5426	2804 ; 79447	M+Cl	8	789.5672	PC P-38:6; LMSD{ PC O-38:7 }								C46H80NO7P	841 ; 844
824.5426	48175 ; 45385 ; 147553 ; 98697 ; 42676	M+Cl	8	789.5672	PC P-38:6								C46H80NO7P	842 ; 843 ; 845 ; 846 ; 847
824.5426	3611 ; 3384 ; 3906 ; 3745 ; 3773 ; 3581	M+HCOOH-H	3	779.5465	PE 39:5; LMSD{ PE 39:5 }								C44H78NO8P	848 ; 849 ; 850 ; 852 ; 853 ; 854
824.5426	1689 ; 2307 ; 2058 ; 2582 ; 2087 ; 2604 ; 2606 ; 1388 ; 1415 ; 2444 ; 1979 ; 2505 ; 2506 ; 2000 ; 2001 ; 2514 ; 2526 ; 2278 ; 2028 ; 1782 ; 2554	M+HCOOH-H	3	779.5465	PC 36:5; LMSD{ PC 36:5 }								C44H78NO8P	851 ; 885 ; 886 ; 887 ; 888 ; 889 ; 890 ; 891 ; 892 ; 893 ; 898 ; 899 ; 900 ; 901 ; 902 ; 903 ; 904 ; 905 ; 906 ; 907 ; 908
824.5426	68352 ; 115213 ; 86291 ; 138010 ; 58142 ; 146994 ; 43337 ; 62282 ; 83294 ; 70762 ; 111482 ; 124047 ; 56217 ; 49052 ; 105631 ; 84403 ; 72119 ; 44472 ; 65465 ; 129228 ; 72407 ; 83159 ; 106456 ; 74223 ; 137718 ; 105467	M+HCOOH-H	3	779.5465	PE-NMe 38:5								C44H78NO8P	855 ; 856 ; 858 ; 859 ; 860 ; 861 ; 864 ; 865 ; 867 ; 868 ; 869 ; 870 ; 871 ; 872 ; 873 ; 874 ; 875 ; 876 ; 877 ; 878 ; 879 ; 880 ; 881 ; 882 ; 883 ; 884
824.5426	88078 ; 82745 ; 65345 ; 43853	M+HCOOH-H	3	779.5465	PE-NMe2 37:5								C44H78NO8P	857 ; 862 ; 863 ; 866
824.5426	163753 ; 163754 ; 163755 ; 163756	M+HCOOH-H	3	779.5465	PC 36:5								C44H78NO8P	894 ; 895 ; 896 ; 897
824.5426	164773 ; 164774 ; 87829 ; 142632 ; 96307 ; 103230 ; 59468 ; 62816 ; 99173 ; 146800 ; 50815 ; 47774 ; 109215 ; 124579 ; 56793	M-H+HCOONa	0	757.5622	PE-NMe 36:2								C42H80NO8P	909 ; 910 ; 945 ; 946 ; 947 ; 948 ; 949 ; 950 ; 951 ; 952 ; 953 ; 954 ; 955 ; 956 ; 958
824.5426	3840 ; 3600 ; 3348 ; 3625 ; 3375 ; 3645 ; 3404 ; 3674 ; 3441 ; 3462 ; 3296 ; 3571 ; 3870 ; 3266	M-H+HCOONa	0	757.5622	PE 37:2; LMSD{ PE 37:2 }								C42H80NO8P	911 ; 912 ; 913 ; 915 ; 916 ; 917 ; 919 ; 926 ; 932 ; 934 ; 940 ; 941 ; 960 ; 975
824.5426	1824 ; 1367 ; 1879 ; 1368 ; 2136 ; 1369 ; 1370 ; 1371 ; 1372 ; 1373 ; 1374 ; 2410 ; 1407 ; 1934 ; 1431 ; 1432 ; 1440 ; 1711 ; 1532 ; 1535 ; 1539 ; 1375 ; 1410 ; 1411 ; 2183 ; 2212 ; 1748 ; 2521 ; 1517 ; 1773	M-H+HCOONa	0	757.5622	PC 34:2; LMSD{ PC 34:2 }								C42H80NO8P	914 ; 920 ; 921 ; 922 ; 923 ; 924 ; 925 ; 927 ; 928 ; 929 ; 930 ; 931 ; 933 ; 935 ; 936 ; 937 ; 938 ; 939 ; 942 ; 943 ; 959 ; 962 ; 971 ; 972 ; 973 ; 974 ; 976 ; 977 ; 978 ; 979
824.5426	3137 ; 3139	M-H+HCOONa	0	757.5622	PE-NMe 36:2; LMSD{ PE-NMe 36:2 }								C42H80NO8P	918 ; 961
824.5426	55307 ; 72153	M-H+HCOONa	0	757.5622	PE-NMe2 35:2								C42H80NO8P	944 ; 957
824.5426	163687 ; 163688 ; 163689 ; 163690 ; 163691 ; 163692 ; 163693 ; 163694	M-H+HCOONa	0	757.5622	PC 34:2								C42H80NO8P	963 ; 964 ; 965 ; 966 ; 967 ; 968 ; 969 ; 970
835.5312	7691 ; 6937 ; 6761 ; 7615 ; 7183 ; 7452 ; 7210 ; 6957 ; 7237 ; 6982 ; 7256 ; 6791 ; 6828 ; 6853 ; 6875 ; 6904	M-H	4	836.5415	PI 34:1; LMSD{ PI 34:1 }								C43H81O13P	1183 ; 1184 ; 1186 ; 1188 ; 1189 ; 1190 ; 1191 ; 1192 ; 1193 ; 1194 ; 1195 ; 1196 ; 1197 ; 1198 ; 1199 ; 1200
835.5312	66347 ; 114360	M-H	4	836.5415	PI 34:1								C43H81O13P	1185 ; 1187
835.5312	160104	M-H	4	836.5415	Hexadecanoyl-(octadecenoyl)-glycero-phospho-myo-inositol								C43H81O13P	1201
835.5312	5909 ; 5937 ; 5748 ; 6287 ; 6042 ; 6043 ; 6094 ; 5858 ; 6124 ; 5881 ; 6065 ; 6409	M+Cl	6	800.5567	PG 38:3; LMSD{ PG 38:3 }								C44H81O10P	1202 ; 1203 ; 1204 ; 1205 ; 1206 ; 1207 ; 1208 ; 1209 ; 1210 ; 1211 ; 1212 ; 1213
835.5312	64828	M+Cl	6	800.5567	PG 38:3								C44H81O10P	1214
876.5732	4357 ; 5177	M-H	3	877.5833	PS 43:6; LMSD{ PS 43:6 }								C49H84NO10P	1218 ; 1219
876.5732	101909 ; 132699 ; 111230 ; 88468 ; 149415 ; 95655 ; 74682 ; 136384 ; 84419 ; 93143 ; 148452 ; 83697	M+HCOOH-H	3	831.5778	PE-NMe 42:7								C48H82NO8P	1221 ; 1222 ; 1223 ; 1224 ; 1225 ; 1226 ; 1227 ; 1228 ; 1229 ; 1230 ; 1231 ; 1232
876.5732	1544 ; 2321 ; 2073 ; 2455 ; 2456 ; 2483 ; 2234 ; 2264 ; 1498 ; 2293 ; 1529 ; 2044	M+HCOOH-H	3	831.5778	PC 40:7; LMSD{ PC 40:7 }								C48H82NO8P	1233 ; 1234 ; 1235 ; 1242 ; 1243 ; 1245 ; 1246 ; 1248 ; 1249 ; 1252 ; 1253 ; 1254
876.5732	92462 ; 143413 ; 163914 ; 56172 ; 136564 ; 122494 ; 52143 ; 102853 ; 132059 ; 147171 ; 55550	M+HCOOH-H	3	831.5778	PC 40:7								C48H82NO8P	1236 ; 1237 ; 1238 ; 1239 ; 1240 ; 1241 ; 1244 ; 1247 ; 1250 ; 1251 ; 1255
876.5732	3586 ; 3914 ; 3751 ; 3805	M-H+HCOONa	1	809.5935	PE 41:4; LMSD{ PE 41:4 }								C46H84NO8P	1256 ; 1257 ; 1258 ; 1260
876.5732	1473 ; 2569 ; 2570 ; 2064 ; 2578 ; 2094 ; 1391 ; 2171 ; 2447 ; 2194 ; 2195 ; 2223 ; 1472 ; 1984 ; 2253 ; 2518 ; 2007 ; 2528 ; 2529 ; 2282 ; 2035 ; 1525	M-H+HCOONa	1	809.5935	PC 38:4; LMSD{ PC 38:4 }								C46H84NO8P	1259 ; 1280 ; 1281 ; 1282 ; 1283 ; 1287 ; 1289 ; 1290 ; 1291 ; 1292 ; 1293 ; 1294 ; 1295 ; 1296 ; 1297 ; 1298 ; 1299 ; 1301 ; 1302 ; 1303 ; 1304 ; 1305
876.5732	80924 ; 78368 ; 101422 ; 92722 ; 117042 ; 84040 ; 47965 ; 112490 ; 118639 ; 97908 ; 87947 ; 53161 ; 107445 ; 148667 ; 79305 ; 44764 ; 75497 ; 86763 ; 65263	M-H+HCOONa	1	809.5935	PE-NMe 40:4								C46H84NO8P	1261 ; 1262 ; 1263 ; 1264 ; 1265 ; 1266 ; 1267 ; 1268 ; 1269 ; 1270 ; 1271 ; 1272 ; 1273 ; 1274 ; 1275 ; 1276 ; 1277 ; 1278 ; 1279
876.5732	163876 ; 163877 ; 163878 ; 76614	M-H+HCOONa	1	809.5935	PC 38:4								C46H84NO8P	1284 ; 1285 ; 1286 ; 1288
876.5732	165849	M-H+HCOONa	1	809.5935	Stearoyl-Arachidonoyl								C46H84NO8P	1300
