Experimental mass	Identifier	Adduct	mz Error (ppm)	Molecular Weight	Name	Peptide	Halogenated	Plant	NaturalProduct	MDM	Drug	Food	Formula	Score 1	CAS	Kegg	HMDB	LipidMaps	Metlin	PubChem	InChIKey	SMILES	Pathways	Unnamed: 20	Unnamed: 21	_TPIDX
128.0455	157439	M+H	0	127.0382	Amino-imidazole carboxylate								C4H5N3O2	N/A	N/A	C05516	N/A	N/A	63404.0	117.0	PWCLNQLPYQVWAB-UHFFFAOYSA-N	Nc1[nH]cnc1C(=O)O	Purine Metabolism	Metabolic pathways	N/A	166
128.0455	129087	M+H	0	127.0382	Methyl-nitroimidazole								C4H5N3O2	N/A	N/A	C16621	HMDB0060659	N/A	1193.0	18209.0	HSCOLDQJZRZQMV-UHFFFAOYSA-N	CN1C=NC(=C1)[N+]([O-])=O	Drug metabolism - other enzymes	N/A	N/A	167
128.0455	154220	M+2H	6	254.078	Arginine phosphate								C6H15N4O5P	N/A	N/A	C05945	N/A	N/A	N/A	92150.0	CCTIOCVIZPCTGO-BYPYZUCNSA-N	N=C(NCCC[C@H](N)C(=O)O)NP(=O)(O)O	Arginine and Proline Metabolism	N/A	N/A	168
128.0455	44590	M+2H	6	254.078	Phosphoarginine								C6H15N4O5P	N/A	1189-11-3	N/A	HMDB0029438	N/A	63475.0	440551.0	CCTIOCVIZPCTGO-UHFFFAOYSA-N	NC(CCCNC(=N)NP(O)(O)=O)C(O)=O	N/A	N/A	N/A	169
136.0481	104773	M+Na	0	113.0589	Creatinine								C4H7N3O	N/A	60-27-5	C00791	HMDB0000562	N/A	8.0	588.0	DDRJAANPRJIHGJ-UHFFFAOYSA-N	CN1CC(=O)NC1=N	Arginine and Proline Metabolism	Metabolic pathways	N/A	254
136.0481	162236	M+Na	0	113.0589	(Nitrosomethylamino)propionitrile								C4H7N3O	N/A	60153-49-3	C19280	N/A	N/A	72998.0	62163.0	HZDLDFBKYBGNHG-UHFFFAOYSA-N	CN(CCC#N)N=O	N/A	N/A	N/A	255
136.0505	167712	M+2H	5	270.0852	Chloramphenicol alcohol								C11H14N2O6	N/A	23885-72-5	N/A	N/A	N/A	638.0	N/A	N/A	N/A	N/A	N/A	N/A	105
136.0505	157832	M+2H	5	270.0852	Clitidine				NP				C11H14N2O6	N/A	63592-84-7	C19977	N/A	N/A	73464.0	N/A	FYEBWHCXONMZDU-ZYUZMQFOSA-N	N=c1ccn([C@@H]2O[C@H](CO)[C@@H](O)[C@H]2O)cc1C(=O)O	N/A	N/A	N/A	106
136.0505	159999	M+2H	4	270.0877	Cadusafos								C10H23O2PS2	N/A	95465-99-9	C18395	N/A	N/A	72204.0	91752.0	KXRPCFINVWWFHQ-UHFFFAOYSA-N	CCOP(=O)(SC(C)CC)SC(C)CC	N/A	N/A	N/A	107
136.0505	160100	M+2H	7	270.0883	Nitenpyram		x		NP		Drug		C11H15ClN4O2	N/A	150824-47-8	C18511	N/A	N/A	72317.0	3034287.0	CFRPSFYHXJZSBI-DHZHZOJOSA-N	CCN(Cc1ccc(Cl)nc1)/C(=C/[N+](=O)[O-])NC	N/A	N/A	N/A	108
136.0505	188450	M+2H	10	270.0892	Anhydroasperflavin								C16H14O4	N/A	N/A	N/A	N/A	N/A	N/A	53440463.0	LIERHHLUYBZDDS-UHFFFAOYSA-N	CC1=CC(=C2C(=C1)CC3=CC(=CC(=C3C2=O)OC)O)O	N/A	N/A	N/A	109
136.0505	162375 ; 17002	M+2H	10	270.0892	Pinostrobin			Plant	NP				C16H14O4	N/A	480-37-5	C16419	N/A	LMPK12140216	64202.0	73201.0	ORJDDOBAOGKRJV-AWEZNQCLSA-N ; ORJDDOBAOGKRJV-UHFFFAOYSA-N	COc1cc(O)c2c(c1)O[C@H](c1ccccc1)CC2=O ; COc1cc2OC(CC(=O)c2c(O)c1)c1ccccc1	Flavonoid biosynthesis	N/A	N/A	110 ; 138
136.0505	159437 ; 12375	M+2H	10	270.0892	Medicarpin			Plant	NP				C16H14O4	N/A	33983-39-0	C01729 ; C10503	N/A	LMPK12070028	48117.0	73067.0 ; 336327.0	NSRJSISNDPOJOP-CZUORRHYSA-N ; NSRJSISNDPOJOP-BBRMVZONSA-N	COc1ccc2c(c1)O[C@@H]1c3ccc(O)cc3OC[C@H]21 ; COc1cc2O[C@@H]3[C@@H](COc4cc(O)ccc43)c2cc1	Biosynthesis of secondary metabolites	Biosynthesis of phenylpropanoids	Isoflavonoid biosynthesis	111 ; 135
136.0505	59648 ; 144478 ; 133067	M+2H	10	270.0892	hydroxy-(methoxyphenyl)-dihydro-benzopyran-one								C16H14O4	N/A	N/A	N/A	HMDB0130388 ; HMDB0132860 ; HMDB0133301	N/A	N/A	131836532.0 ; 131836889.0 ; 131837234.0	GGQVNWUSOPKTTG-UHFFFAOYSA-N ; GNCWVKDFWQPEOV-UHFFFAOYSA-N ; QLBDCTULFKHTMI-UHFFFAOYSA-N	COC1=CC=CC(=C1)C1COC2=C(C=CC(O)=C2)C1=O ; COC1=C(O)C=C2OCC(C(=O)C2=C1)C1=CC=CC=C1 ; COC1=C(O)C2=C(C=C1)C(=O)CC(O2)C1=CC=CC=C1	N/A	N/A	N/A	112 ; 115 ; 117
136.0505	112657	M+2H	10	270.0892	(dihydroxy-methoxyphenyl)-phenylprop-en-one								C16H14O4	N/A	N/A	N/A	HMDB0133975	N/A	N/A	122463450.0	SYVRRIJAJHSVEI-VQHVLOKHSA-N	[H]\C(=C(\[H])C1=CC=CC=C1)C(=O)C1=C(O)C(O)=C(OC)C=C1	N/A	N/A	N/A	113
136.0505	86323	M+2H	10	270.0892	(hydroxyphenyl)-methoxy-dihydro-benzopyran-one								C16H14O4	N/A	N/A	N/A	HMDB0130377	N/A	N/A	131836527.0	YIESBSIOLOKHNW-UHFFFAOYSA-N	COC1=CC2=C(C=C1)C(=O)C(CO2)C1=CC(O)=CC=C1	N/A	N/A	N/A	114
136.0505	16243	M+2H	10	270.0892	Larrein								C16H14O4	N/A	N/A	N/A	HMDB0133977	LMPK12120145	51949.0	9993268.0	RMVZCGQXCSTLFG-VQHVLOKHSA-N	[H]\C(=C(\[H])C1=CC=CC=C1)C(=O)C1=C(O)C(OC)=C(O)C=C1	N/A	N/A	N/A	116
136.0505	16343	M+2H	10	270.0892	Cardamonin								C16H14O4	N/A	N/A	N/A	HMDB0132913	LMPK12120245	52049.0	641785.0	NYSZJNUIVUBQMM-BQYQJAHWSA-N	[H]C(=C([H])C1=CC=CC=C1)C(=O)C1=C(O)C=C(O)C=C1OC	N/A	N/A	N/A	118
136.0505	16876	M+2H	10	270.0892	Hydroxy-methoxyflavanone								C16H14O4	N/A	N/A	N/A	HMDB0133289	LMPK12140089	52579.0	42607832.0	FYIPCBNZSKNQSP-UHFFFAOYSA-N	COC1=C(O)C=CC2=C1OC(CC2=O)C1=CC=CC=C1	N/A	N/A	N/A	119
136.0505	101654	M+2H	10	270.0892	Imperatorin				NP		Drug	Food	C16H14O4	N/A	482-44-0	C09269	HMDB0034376	N/A	67564.0	10212.0	OLOOJGVNMBJLLR-UHFFFAOYSA-N	CC(C)=CCOC1=C2OC(=O)C=CC2=CC2=C1OC=C2	N/A	N/A	N/A	120
136.0505	145709	M+2H	10	270.0892	Methylpinosylvate							Food	C16H14O4	N/A	N/A	N/A	HMDB0040868	N/A	95323.0	67322417.0	PICDNGANOHNCPT-BQYQJAHWSA-N	COC1=CC(O)=C(C(O)=O)C(\C=C\C2=CC=CC=C2)=C1	N/A	N/A	N/A	121
136.0505	16196	M+2H	10	270.0892	Isoliquiritigenin methy ether			Plant	NP			Food	C16H14O4	N/A	N/A	C15531	HMDB0037319	LMPK12120098	51903.0	5319688.0	PACBGANPVNHGNP-RUDMXATFSA-N	COC1=C(C=CC(O)=C1)C(=O)\C=C\C1=CC=C(O)C=C1	N/A	N/A	N/A	122
136.0505	75095	M+2H	10	270.0892	Dimethoxy-phenanthrenediol								C16H14O4	N/A	N/A	N/A	HMDB0031612	N/A	87807.0	44572330.0	YKFWCNBTQYCJQV-UHFFFAOYSA-N	COC1=C(O)C=C2C=CC3=CC(O)=CC(OC)=C3C2=C1	N/A	N/A	N/A	123
136.0505	12377	M+2H	10	270.0892	Isomedicarpin							Food	C16H14O4	N/A	N/A	N/A	HMDB0033305	LMPK12070030	48119.0	13803637.0	YHZDBBUEVZEOIY-UHFFFAOYSA-N	COC1=CC=C2C3OC4=CC(O)=CC=C4C3COC2=C1	N/A	N/A	N/A	124
136.0505	17511	M+2H	10	270.0892	Vignafuran				NP			Food	C16H14O4	N/A	57800-41-6	C08993	HMDB0033940	LMPK12160036	53209.0	441958.0	YCDZKMJZSGRQML-UHFFFAOYSA-N	COC1=CC2=C(C=C(O2)C2=C(OC)C=C(O)C=C2)C=C1	N/A	N/A	N/A	125
136.0505	12206	M+2H	10	270.0892	Dihydroformononetin							Food	C16H14O4	N/A	N/A	N/A	HMDB0033759	LMPK12050448	47952.0	14730796.0	INYISIYHXQDCPK-UHFFFAOYSA-N	COC1=CC=C(C=C1)C1COC2=C(C=CC(O)=C2)C1=O	N/A	N/A	N/A	126
136.0505	16342 ; 16292	M+2H	10	270.0892	Dihydroxy-methoxychalcone				NP			Food	C16H14O4	N/A	N/A	N/A	HMDB0033702	LMPK12120244 ; LMPK12120194	52048.0 ; 51998.0	5316793.0	CUGDOWNTXKLQMD-BQYQJAHWSA-N ; FUQGIYDZGLORRC-XBXARRHUSA-N	COC1=CC(O)=C(C(=O)\C=C\C2=CC=CC=C2)C(O)=C1 ; COc1ccc(cc1)/C=C/C(=O)c1cc(O)ccc1O	N/A	N/A	N/A	127 ; 142
136.0505	187890	M+2H	10	270.0892	Physcionanthrone				NP				C16H14O4	N/A	N/A	N/A	N/A	N/A	N/A	19132.0	DRQZSQDHMHEDQS-UHFFFAOYSA-N	CC1=CC2=C(C(=C1)O)C(=O)C3=C(C2)C=C(C=C3O)OC	N/A	N/A	N/A	128
136.0505	12569	M+2H	10	270.0892	Haginin				NP				C16H14O4	N/A	N/A	N/A	N/A	LMPK12080063	48307.0	N/A	RMENXIMFGIVCHR-UHFFFAOYSA-N	COc1cc(O)ccc1C1COc2cc(O)ccc2C=1	N/A	N/A	N/A	129
136.0505	167713	M+2H	10	270.0892	Dalbergione,-Methoxy-Hydroxy-								C16H14O4	N/A	N/A	N/A	N/A	N/A	43919.0	N/A	N/A	N/A	N/A	N/A	N/A	130
136.0505	16195 ; 16197	M+2H	10	270.0892	Isoliquiritigenin-methyl ether				NP				C16H14O4	N/A	N/A	N/A	N/A	LMPK12120097 ; LMPK12120099	51902.0 ; 51904.0	N/A	ADRQFDIWPRFKSP-RUDMXATFSA-N ; MOESXQFGHNEYAH-RUDMXATFSA-N	COc1ccc(cc1)/C=C/C(=O)c1ccc(O)cc1O ; COc1cc(O)c(cc1)C(=O)/C=C/c1ccc(O)cc1	N/A	N/A	N/A	131 ; 132
136.0505	16973	M+2H	10	270.0892	Strobopinin				NP				C16H14O4	N/A	N/A	C09939	N/A	LMPK12140187	52676.0	442520.0	INBPQAJYHSJVRY-ZDUSSCGKSA-N	Cc1c(O)c2C(=O)C[C@@H](Oc2cc1O)c1ccccc1	N/A	N/A	N/A	133
136.0505	16976	M+2H	10	270.0892	Cryptostrobin				NP				C16H14O4	N/A	N/A	N/A	N/A	LMPK12140190	52679.0	N/A	QSRIZZQWNHKERT-UHFFFAOYSA-N	Cc1c2OC(CC(=O)c2c(O)cc1O)c1ccccc1	N/A	N/A	N/A	134
136.0505	17001	M+2H	10	270.0892	Alpinetin				NP				C16H14O4	N/A	N/A	N/A	N/A	LMPK12140215	52704.0	N/A	QQQCWVDPMPFUGF-UHFFFAOYSA-N	COc1cc(O)cc2OC(CC(=O)c12)c1ccccc1	N/A	N/A	N/A	136
136.0505	16234	M+2H	10	270.0892	Flemichapparin				NP				C16H14O4	N/A	N/A	N/A	N/A	LMPK12120136	51940.0	N/A	HHKHXCOFQIAPMB-BQYQJAHWSA-N	COc1cc(C(=O)/C=C/c2ccccc2)c(O)cc1O	N/A	N/A	N/A	137
136.0505	16528	M+2H	10	270.0892	Echinatin			Plant	NP				C16H14O4	N/A	N/A	N/A	N/A	LMPK12120431	52234.0	N/A	QJKMIJNRNRLQSS-WEVVVXLNSA-N	COc1cc(O)ccc1/C=C/C(=O)c1ccc(O)cc1	N/A	N/A	N/A	139
136.0505	12697	M+2H	10	270.0892	Hydroxy-methoxydalbergione								C16H14O4	N/A	N/A	N/A	N/A	LMPK12100073	48433.0	N/A	DLCVFIMWFKVRTM-LBPRGKRZSA-N	COC1=CC(=O)C(=CC1=O)[C@@H](C=C)c1ccc(O)cc1	N/A	N/A	N/A	140
136.0505	16537	M+2H	10	270.0892	Methyllucidone								C16H14O4	N/A	N/A	N/A	N/A	LMPK12120440	52243.0	N/A	FITVJPYUOAZKPN-PBMBQWDMSA-N	COC1=CC(=O)/C(=C(\C=C\c2ccccc2)/OC)/C1=O	N/A	N/A	N/A	141
136.0505	158635	M+2H	10	270.0892	Isoimperatorin				NP				C16H14O4	N/A	482-45-1	C16976	N/A	N/A	71477.0	68081.0	IGWDEVSBEKYORK-UHFFFAOYSA-N	CC(C)=CCOc1c2ccoc2cc2oc(=O)ccc12	N/A	N/A	N/A	143
136.0505	11698	M+2H	10	270.0892	Hydroxy-methylenedioxyflavan								C16H14O4	N/A	N/A	N/A	N/A	LMPK12020248	47464.0	N/A	DGOAORIWKTZFLK-ZDUSSCGKSA-N	Oc1ccc2CC[C@@H](Oc2c1)c1cc2OCOc2cc1	N/A	N/A	N/A	144
136.0505	16849 ; 16850	M+2H	10	270.0892	Methyl-liquiritigenin				NP				C16H14O4	N/A	N/A	N/A	N/A	LMPK12140062 ; LMPK12140063	52552.0 ; 52553.0	N/A	OJOSVTQXBSSCMQ-UHFFFAOYSA-N ; NHMVADLYFAEQHW-UHFFFAOYSA-N	COc1cc2OC(CC(=O)c2cc1)c1ccc(O)cc1 ; COc1ccc(cc1)C1CC(=O)c2ccc(O)cc2O1	N/A	N/A	N/A	145 ; 146
136.0505	156371	M+2H	10	270.0892	Alloimperatorin				NP				C16H14O4	N/A	642-05-7	C09053	N/A	N/A	67387.0	69502.0	KDXVVZMYSLWJMA-UHFFFAOYSA-N	CC(C)=CCc1c2ccoc2c(O)c2oc(=O)ccc12	N/A	N/A	N/A	147
136.0505	166064	M+H-H2O	1	153.0538	Nitrophenylhydrazine								C6H7N3O2	N/A	636-95-3	N/A	N/A	N/A	85168.0	N/A	N/A	N/A	N/A	N/A	N/A	150
136.0505	160961 ; 163295	M+H-H2O	1	153.0538	Diamino-nitrobenzene								C6H7N3O2	N/A	99-56-9 ; 5307-14-2	C19384 ; C19385	N/A	N/A	73087.0 ; 73088.0	5111791.0 ; 4338370.0	RAUWPNXIALNKQM-UHFFFAOYSA-N ; HVHNMNGARPCGGD-UHFFFAOYSA-N	Nc1ccc([N+](=O)[O-])cc1N ; Nc1ccc(N)c([N+](=O)[O-])c1	N/A	N/A	N/A	151 ; 152
173.1173	27142 ; 27144 ; 27145 ; 27146 ; 27160 ; 27048 ; 27049 ; 27050 ; 27051 ; 27052 ; 27147	M+H	0	172.1099	LMSD{ FA 9:1;O }				NP				C9H16O3	2.0	N/A	C16322	HMDB0094711	LMFA01060155 ; LMFA01060157 ; LMFA01060158 ; LMFA01060159 ; LMFA01060178 ; LMFA01060022 ; LMFA01060023 ; LMFA01060024 ; LMFA01060025 ; LMFA01060026 ; LMFA01060160	74789.0 ; 74791.0 ; 74792.0 ; 74793.0 ; 45861.0 ; 35717.0 ; 35718.0 ; 35719.0 ; 35720.0 ; 35721.0 ; 74794.0	75704.0	MANRVFOEUWHBMD-UHFFFAOYSA-N ; OCTWQXZMIOXBML-UHFFFAOYSA-N ; KWMWMKVIKIREFA-UHFFFAOYSA-N ; KNPGTJGXMGNBAY-UHFFFAOYSA-N ; HMJVYQBHXHOGRX-UHFFFAOYSA-N ; SHDOPXQMNJDYDK-UHFFFAOYSA-N ; PRDIIROHTWNJDB-UHFFFAOYSA-N ; IOLZRTYKQAFXFB-UHFFFAOYSA-N ; NTQPWIWDPJRIPQ-UHFFFAOYSA-N ; BMDUEIZQNLDNCI-UHFFFAOYSA-N ; WLGDDELKYAWBBL-UHFFFAOYSA-N	C(CCC(=O)CCC(C)C)(=O)O ; C(CCCCC(=O)C(C)C)(=O)O ; C(CC(=O)CCCCCC)(=O)O ; C(CCCCCCC(=O)C)(=O)O ; CC(C)CCCC(=O)CC(O)=O ; C(CCCC)CCC(=O)C(=O)O ; C(CCCC)C(=O)CCC(=O)O ; C(=O)(CCCC)CCCC(=O)O ; C(C(=O)CCC)CCCC(=O)O ; C(CC(=O)CC)CCCC(=O)O ; OC(=O)CCCCCCCC=O	Alpha Linolenic Acid and Linoleic Acid Metabolism	Biosynthesis of secondary metabolites	N/A	271 ; 272 ; 273 ; 274 ; 275 ; 276 ; 277 ; 278 ; 279 ; 280 ; 296
173.1173	26828	M+H	0	172.1099	FA 9:1(OH); LMSD{ FA 9:1;O }								C9H16O3	2.0	N/A	N/A	N/A	LMFA01050232	74606.0	N/A	WPQRIXDVEGLWLV-UPHRSURJSA-N	C(CCC/C=CCCCO)(=O)O	N/A	N/A	N/A	281
173.1173	10961 ; 10962 ; 10963 ; 10964	M+H	0	172.1099	Hydroxy-dioxaspiroundecane								C9H16O3	N/A	N/A	N/A	N/A	LMPK09000005 ; LMPK09000006 ; LMPK09000007 ; LMPK09000008	102844.0 ; 102845.0 ; 102846.0 ; 102847.0	N/A	PSXHJXYOZUWYQY-BDAKNGLRSA-N ; PSXHJXYOZUWYQY-IUCAKERBSA-N ; ITVCIGAVUFJFJY-BDAKNGLRSA-N ; ITVCIGAVUFJFJY-IUCAKERBSA-N	O[C@@H]1CO[C@@]2(CC1)CCCCO2 ; O[C@@H]1CO[C@]2(CC1)CCCCO2 ; O[C@@H]1C[C@@]2(CCCCO2)OCC1 ; O[C@@H]1C[C@]2(CCCCO2)OCC1	N/A	N/A	N/A	282 ; 283 ; 284 ; 285
173.1173	187697 ; 180887	M+H	0	172.1099	Aspinotriol								C9H16O3	N/A	960069-57-2	N/A	N/A	N/A	N/A	24763079.0 ; 24763080.0	KWETYTFGFLMCQO-VLAXTVPNNA-N ; KWETYTFGFLMCQO-KSUZBYAFSA-N	[C@H](/C=C(/C=C/[C@@H](C)O)\CO)(O)C ; CC(C=CC(=CC(C)O)CO)O	N/A	N/A	N/A	286 ; 297
173.1173	57868 ; 70280 ; 165116 ; 103728	M+H ; M+2H	0	172.1099 ; 344.2199	Pentyl-dioxan-one							Food	C9H16O3 ; C18H32O6	N/A	65504-96-3	N/A	HMDB0059936 ; HMDB0059937 ; HMDB0037146	N/A	92114.0	53435896.0 ; 71587348.0 ; 131752160.0	AYJJZBHSZOCJJX-UHFFFAOYSA-N ; XTANXEGVDAOPFW-UHFFFAOYSA-N ; XAHPFDPHEQKYLC-UHFFFAOYSA-N	CCCCCC1COC(=O)CO1 ; CCCCCC1COCC(=O)O1 ; CCCCCC1COC(=O)CO1.CCCCCC1COCC(=O)O1	N/A	N/A	N/A	287 ; 292 ; 299 ; 319
173.1173	86818	M+H	0	172.1099	Methylbutyl-oxobutanoate							Food	C9H16O3	N/A	2308-18-1	N/A	HMDB0036396	N/A	91538.0	61296.0	XHRGPLDMNNGHCX-UHFFFAOYSA-N	CC(C)CCOC(=O)CC(C)=O	N/A	N/A	N/A	288
173.1173	64822	M+H	0	172.1099	Butyl levulinate							Food	C9H16O3	N/A	2052-15-5	N/A	HMDB0040165	N/A	94702.0	16331.0	ISBWNEKJSSLXOD-UHFFFAOYSA-N	CCCCOC(=O)CCC(C)=O	N/A	N/A	N/A	289
173.1173	147784	M+H	0	172.1099	Methylpropyl-hydroxy-methylidenebutanoate				NP			Food	C9H16O3	N/A	N/A	N/A	HMDB0040203	N/A	94737.0	546207.0	YWLLUDSCDSOEDO-UHFFFAOYSA-N	CC(C)COC(=O)C(=C)C(C)O	N/A	N/A	N/A	290
173.1173	79727	M+H	0	172.1099	Butyl-hydroxy-methylidenebutanoate				NP			Food	C9H16O3	N/A	N/A	N/A	HMDB0040202	N/A	94736.0	568158.0	BGBNIHUXOLZWIB-UHFFFAOYSA-N	CCCCOC(=O)C(=C)C(C)O	N/A	N/A	N/A	291
173.1173	31142 ; 166237	M+H	0	172.1099	hydroperoxynonenal								C9H16O3	N/A	7439-43-2	N/A	HMDB0060287	LMFA06000253	75392.0 ; 44823.0	6435432.0	TVNYLRYVAZWBEH-FNORWQNLSA-N	CCCCCC(OO)\C=C\C=O	N/A	N/A	N/A	293 ; 298
173.1173	86748	M+H	0	172.1099	Tetrahydrofurfuryl butyrate								C9H16O3	N/A	92345-48-7	N/A	HMDB0036188	N/A	91337.0	551316.0	DPZVDLFOAZNCBU-UHFFFAOYSA-N	CCCC(=O)OCC1CCCO1	N/A	N/A	N/A	294
173.1173	136958	M+H	0	172.1099	Hexenyl lactate							Food	C9H16O3	N/A	61931-81-5	N/A	HMDB0036213	N/A	91361.0	5364231.0	NNLLMULULOBXBY-PLNGDYQASA-N	CC\C=C/CCOC(=O)C(C)O	N/A	N/A	N/A	295
173.1173	188698	M+H	1	172.1099	Dienetriol								C9H16O3	N/A	N/A	N/A	N/A	N/A	N/A	139586755.0	RRFNHQIEVWBAEI-LHOHZTISSA-N	C/C=C/C=C(/CO)\C(C(C)O)O	N/A	N/A	N/A	300
173.1173	171471 ; 171473 ; 171474 ; 171475 ; 171482 ; 171487	M+2H	8	344.2172	Ala Arg Val	Pep							C14H28N6O4	N/A	N/A	N/A	N/A	N/A	16710.0 ; 17446.0 ; 18201.0 ; 18492.0 ; 21478.0 ; 22549.0	N/A	N/A	N/A	N/A	N/A	N/A	301 ; 303 ; 304 ; 305 ; 312 ; 317
173.1173	171472 ; 171480 ; 171483 ; 171484 ; 171485 ; 171488	M+2H	8	344.2172	Arg Gly Leu	Pep							C14H28N6O4	N/A	N/A	N/A	N/A	N/A	17442.0 ; 20968.0 ; 21989.0 ; 22199.0 ; 22268.0 ; 22586.0	N/A	N/A	N/A	N/A	N/A	N/A	302 ; 310 ; 313 ; 314 ; 315 ; 318
173.1173	171476 ; 171477 ; 171478 ; 171479 ; 171481 ; 171486	M+2H	8	344.2172	Arg Gly Ile	Pep							C14H28N6O4	N/A	N/A	N/A	N/A	N/A	18937.0 ; 19808.0 ; 19906.0 ; 19916.0 ; 21183.0 ; 22466.0	N/A	N/A	N/A	N/A	N/A	N/A	306 ; 307 ; 308 ; 309 ; 311 ; 316
173.1173	28160 ; 28161 ; 28162 ; 28163 ; 28164 ; 28165 ; 28166 ; 28167 ; 28168 ; 28169 ; 28170 ; 28171 ; 28172 ; 28173 ; 28174 ; 28175 ; 28176 ; 28177 ; 28178 ; 28179 ; 28180 ; 28181 ; 28182 ; 28183 ; 28184 ; 28185 ; 28186 ; 28187 ; 28188 ; 28189 ; 28190 ; 28191 ; 28192 ; 28193 ; 28194 ; 28195 ; 28196 ; 28197 ; 28198 ; 28199 ; 28200 ; 28201 ; 28202 ; 28203 ; 28204 ; 28205 ; 28206 ; 28207 ; 28208 ; 28209 ; 28210 ; 28211 ; 28212 ; 28213 ; 28214 ; 28215 ; 28216 ; 28217 ; 28218 ; 28091 ; 28092 ; 28093 ; 28094 ; 28095 ; 28096 ; 28097 ; 28098 ; 28099 ; 28100 ; 28101 ; 28102 ; 28103 ; 28104 ; 28105 ; 28106 ; 28107 ; 28108 ; 28109 ; 28110 ; 28111 ; 28112 ; 28113 ; 28114 ; 28115 ; 28116 ; 28117 ; 28118 ; 28119 ; 28120 ; 28121 ; 28122 ; 28123 ; 28124 ; 28125 ; 28126 ; 28127 ; 28128 ; 28129 ; 28130 ; 28131 ; 28132 ; 28133 ; 28134 ; 28135 ; 28136 ; 28137 ; 28138 ; 28139 ; 28140 ; 28141 ; 28142 ; 28143 ; 28144 ; 28145 ; 28146 ; 28147 ; 28148 ; 28149 ; 28150 ; 28151 ; 28152 ; 28153 ; 28154 ; 28155 ; 28156 ; 28157 ; 28158 ; 28159	M+2H	0	344.2199	PhytoF								C18H32O6	N/A	N/A	N/A	N/A	LMFA02040074 ; LMFA02040075 ; LMFA02040076 ; LMFA02040077 ; LMFA02040078 ; LMFA02040079 ; LMFA02040080 ; LMFA02040081 ; LMFA02040082 ; LMFA02040083 ; LMFA02040084 ; LMFA02040085 ; LMFA02040086 ; LMFA02040087 ; LMFA02040088 ; LMFA02040089 ; LMFA02040090 ; LMFA02040091 ; LMFA02040092 ; LMFA02040093 ; LMFA02040094 ; LMFA02040095 ; LMFA02040096 ; LMFA02040097 ; LMFA02040098 ; LMFA02040099 ; LMFA02040100 ; LMFA02040101 ; LMFA02040102 ; LMFA02040103 ; LMFA02040104 ; LMFA02040105 ; LMFA02040106 ; LMFA02040107 ; LMFA02040108 ; LMFA02040109 ; LMFA02040110 ; LMFA02040111 ; LMFA02040112 ; LMFA02040113 ; LMFA02040114 ; LMFA02040115 ; LMFA02040116 ; LMFA02040117 ; LMFA02040118 ; LMFA02040119 ; LMFA02040120 ; LMFA02040121 ; LMFA02040122 ; LMFA02040123 ; LMFA02040124 ; LMFA02040125 ; LMFA02040126 ; LMFA02040127 ; LMFA02040128 ; LMFA02040129 ; LMFA02040130 ; LMFA02040131 ; LMFA02040132 ; LMFA02040005 ; LMFA02040006 ; LMFA02040007 ; LMFA02040008 ; LMFA02040009 ; LMFA02040010 ; LMFA02040011 ; LMFA02040012 ; LMFA02040013 ; LMFA02040014 ; LMFA02040015 ; LMFA02040016 ; LMFA02040017 ; LMFA02040018 ; LMFA02040019 ; LMFA02040020 ; LMFA02040021 ; LMFA02040022 ; LMFA02040023 ; LMFA02040024 ; LMFA02040025 ; LMFA02040026 ; LMFA02040027 ; LMFA02040028 ; LMFA02040029 ; LMFA02040030 ; LMFA02040031 ; LMFA02040032 ; LMFA02040033 ; LMFA02040034 ; LMFA02040035 ; LMFA02040036 ; LMFA02040037 ; LMFA02040038 ; LMFA02040039 ; LMFA02040040 ; LMFA02040041 ; LMFA02040042 ; LMFA02040043 ; LMFA02040044 ; LMFA02040045 ; LMFA02040046 ; LMFA02040047 ; LMFA02040048 ; LMFA02040049 ; LMFA02040050 ; LMFA02040051 ; LMFA02040052 ; LMFA02040053 ; LMFA02040054 ; LMFA02040055 ; LMFA02040056 ; LMFA02040057 ; LMFA02040058 ; LMFA02040059 ; LMFA02040060 ; LMFA02040061 ; LMFA02040062 ; LMFA02040063 ; LMFA02040064 ; LMFA02040065 ; LMFA02040066 ; LMFA02040067 ; LMFA02040068 ; LMFA02040069 ; LMFA02040070 ; LMFA02040071 ; LMFA02040072 ; LMFA02040073	N/A	N/A	XSSRKBRTVPNAMX-IJKMCFRVSA-N ; XSSRKBRTVPNAMX-GLSSZAEYSA-N ; XSSRKBRTVPNAMX-UGXGUJROSA-N ; XSSRKBRTVPNAMX-DYVZBPGMSA-N ; XSSRKBRTVPNAMX-ZRMZGJFNSA-N ; XSSRKBRTVPNAMX-GQJJRBOXSA-N ; XSSRKBRTVPNAMX-HSWGLUGASA-N ; XSSRKBRTVPNAMX-HURARBKOSA-N ; XSSRKBRTVPNAMX-RLDLTEIJSA-N ; XSSRKBRTVPNAMX-HKTSXOKBSA-N ; XSSRKBRTVPNAMX-HTGZZSSVSA-N ; XSSRKBRTVPNAMX-WBWYXKPPSA-N ; XSSRKBRTVPNAMX-OEPZKWLOSA-N ; XSSRKBRTVPNAMX-DDGADJJWSA-N ; XSSRKBRTVPNAMX-GLGSPFTASA-N ; XSSRKBRTVPNAMX-YEOJZBBXSA-N ; XSSRKBRTVPNAMX-JMADBNKSSA-N ; XSSRKBRTVPNAMX-KYFQLVDCSA-N ; XSSRKBRTVPNAMX-PKITZMDPSA-N ; XSSRKBRTVPNAMX-CXPZKCCLSA-N ; XSSRKBRTVPNAMX-NIIQMBQNSA-N ; XSSRKBRTVPNAMX-XMSWIMNKSA-N ; XSSRKBRTVPNAMX-KUPMKIAMSA-N ; XSSRKBRTVPNAMX-OAEUSZHOSA-N ; XSSRKBRTVPNAMX-UGFFRSGUSA-N ; XSSRKBRTVPNAMX-PBPVBRRBSA-N ; XSSRKBRTVPNAMX-QYLYFVOLSA-N ; ABMOBHDJIUJCNP-PCYDWSPDSA-N ; ABMOBHDJIUJCNP-RQIUYOBUSA-N ; ABMOBHDJIUJCNP-OOMQHELWSA-N ; ABMOBHDJIUJCNP-SDBOAPILSA-N ; ABMOBHDJIUJCNP-UGXGUJROSA-N ; ABMOBHDJIUJCNP-IJKMCFRVSA-N ; ABMOBHDJIUJCNP-GLSSZAEYSA-N ; ABMOBHDJIUJCNP-IEEZOGEBSA-N ; ABMOBHDJIUJCNP-GLGSPFTASA-N ; ABMOBHDJIUJCNP-OEPZKWLOSA-N ; ABMOBHDJIUJCNP-DDGADJJWSA-N ; ABMOBHDJIUJCNP-WBWYXKPPSA-N ; ABMOBHDJIUJCNP-PKITZMDPSA-N ; ABMOBHDJIUJCNP-JMADBNKSSA-N ; ABMOBHDJIUJCNP-KYFQLVDCSA-N ; ABMOBHDJIUJCNP-YEOJZBBXSA-N ; ABMOBHDJIUJCNP-HSWGLUGASA-N ; ABMOBHDJIUJCNP-ZRMZGJFNSA-N ; ABMOBHDJIUJCNP-GQJJRBOXSA-N ; ABMOBHDJIUJCNP-DYVZBPGMSA-N ; ABMOBHDJIUJCNP-HTGZZSSVSA-N ; ABMOBHDJIUJCNP-RLDLTEIJSA-N ; ABMOBHDJIUJCNP-HKTSXOKBSA-N ; ABMOBHDJIUJCNP-HURARBKOSA-N ; ABMOBHDJIUJCNP-KUPMKIAMSA-N ; ABMOBHDJIUJCNP-NIIQMBQNSA-N ; ABMOBHDJIUJCNP-XMSWIMNKSA-N ; ABMOBHDJIUJCNP-CXPZKCCLSA-N ; ABMOBHDJIUJCNP-QYLYFVOLSA-N ; ABMOBHDJIUJCNP-UGFFRSGUSA-N ; ABMOBHDJIUJCNP-PBPVBRRBSA-N ; ABMOBHDJIUJCNP-OAEUSZHOSA-N ; LWIIWULNZCFOCA-PCYDWSPDSA-N ; LWIIWULNZCFOCA-RQIUYOBUSA-N ; LWIIWULNZCFOCA-OOMQHELWSA-N ; LWIIWULNZCFOCA-SDBOAPILSA-N ; LWIIWULNZCFOCA-GLGSPFTASA-N ; LWIIWULNZCFOCA-OEPZKWLOSA-N ; LWIIWULNZCFOCA-DDGADJJWSA-N ; LWIIWULNZCFOCA-WBWYXKPPSA-N ; LWIIWULNZCFOCA-HSWGLUGASA-N ; LWIIWULNZCFOCA-ZRMZGJFNSA-N ; LWIIWULNZCFOCA-GQJJRBOXSA-N ; LWIIWULNZCFOCA-DYVZBPGMSA-N ; LWIIWULNZCFOCA-KUPMKIAMSA-N ; LWIIWULNZCFOCA-NIIQMBQNSA-N ; LWIIWULNZCFOCA-XMSWIMNKSA-N ; LWIIWULNZCFOCA-CXPZKCCLSA-N ; LWIIWULNZCFOCA-UGXGUJROSA-N ; LWIIWULNZCFOCA-IJKMCFRVSA-N ; LWIIWULNZCFOCA-GLSSZAEYSA-N ; LWIIWULNZCFOCA-IEEZOGEBSA-N ; LWIIWULNZCFOCA-PKITZMDPSA-N ; LWIIWULNZCFOCA-JMADBNKSSA-N ; LWIIWULNZCFOCA-KYFQLVDCSA-N ; LWIIWULNZCFOCA-YEOJZBBXSA-N ; LWIIWULNZCFOCA-HTGZZSSVSA-N ; LWIIWULNZCFOCA-RLDLTEIJSA-N ; LWIIWULNZCFOCA-HKTSXOKBSA-N ; LWIIWULNZCFOCA-HURARBKOSA-N ; LWIIWULNZCFOCA-QYLYFVOLSA-N ; LWIIWULNZCFOCA-UGFFRSGUSA-N ; LWIIWULNZCFOCA-PBPVBRRBSA-N ; LWIIWULNZCFOCA-OAEUSZHOSA-N ; BHWUKOCNOLCGLB-SDBOAPILSA-N ; BHWUKOCNOLCGLB-RQIUYOBUSA-N ; BHWUKOCNOLCGLB-OOMQHELWSA-N ; BHWUKOCNOLCGLB-PCYDWSPDSA-N ; BHWUKOCNOLCGLB-DYVZBPGMSA-N ; BHWUKOCNOLCGLB-ZRMZGJFNSA-N ; BHWUKOCNOLCGLB-GQJJRBOXSA-N ; BHWUKOCNOLCGLB-HSWGLUGASA-N ; BHWUKOCNOLCGLB-WBWYXKPPSA-N ; BHWUKOCNOLCGLB-OEPZKWLOSA-N ; BHWUKOCNOLCGLB-DDGADJJWSA-N ; BHWUKOCNOLCGLB-GLGSPFTASA-N ; BHWUKOCNOLCGLB-CXPZKCCLSA-N ; BHWUKOCNOLCGLB-NIIQMBQNSA-N ; BHWUKOCNOLCGLB-XMSWIMNKSA-N ; BHWUKOCNOLCGLB-KUPMKIAMSA-N ; BHWUKOCNOLCGLB-IEEZOGEBSA-N ; BHWUKOCNOLCGLB-IJKMCFRVSA-N ; BHWUKOCNOLCGLB-GLSSZAEYSA-N ; BHWUKOCNOLCGLB-UGXGUJROSA-N ; BHWUKOCNOLCGLB-HURARBKOSA-N ; BHWUKOCNOLCGLB-RLDLTEIJSA-N ; BHWUKOCNOLCGLB-HKTSXOKBSA-N ; BHWUKOCNOLCGLB-HTGZZSSVSA-N ; BHWUKOCNOLCGLB-YEOJZBBXSA-N ; BHWUKOCNOLCGLB-JMADBNKSSA-N ; BHWUKOCNOLCGLB-KYFQLVDCSA-N ; BHWUKOCNOLCGLB-PKITZMDPSA-N ; BHWUKOCNOLCGLB-OAEUSZHOSA-N ; BHWUKOCNOLCGLB-UGFFRSGUSA-N ; BHWUKOCNOLCGLB-PBPVBRRBSA-N ; BHWUKOCNOLCGLB-QYLYFVOLSA-N ; XSSRKBRTVPNAMX-SDBOAPILSA-N ; XSSRKBRTVPNAMX-RQIUYOBUSA-N ; XSSRKBRTVPNAMX-OOMQHELWSA-N ; XSSRKBRTVPNAMX-PCYDWSPDSA-N ; XSSRKBRTVPNAMX-IEEZOGEBSA-N	C(CCCCCCC[C@]1([H])O[C@@]([H])([C@H](O)/C=C/[C@@H](O)CC)C[C@H]1O)(=O)O ; C(CCCCCCC[C@@]1([H])O[C@]([H])([C@H](O)/C=C/[C@@H](O)CC)C[C@H]1O)(=O)O ; C(CCCCCCC[C@@]1([H])O[C@@]([H])([C@H](O)/C=C/[C@@H](O)CC)C[C@H]1O)(=O)O ; C(CCCCCCC[C@]1([H])O[C@]([H])([C@@H](O)/C=C/[C@H](O)CC)C[C@H]1O)(=O)O ; C(CCCCCCC[C@]1([H])O[C@@]([H])([C@@H](O)/C=C/[C@H](O)CC)C[C@H]1O)(=O)O ; C(CCCCCCC[C@@]1([H])O[C@]([H])([C@@H](O)/C=C/[C@H](O)CC)C[C@H]1O)(=O)O ; C(CCCCCCC[C@@]1([H])O[C@@]([H])([C@@H](O)/C=C/[C@H](O)CC)C[C@H]1O)(=O)O ; C(CCCCCCC[C@]1([H])O[C@]([H])([C@@H](O)/C=C/[C@@H](O)CC)C[C@H]1O)(=O)O ; C(CCCCCCC[C@]1([H])O[C@@]([H])([C@@H](O)/C=C/[C@@H](O)CC)C[C@H]1O)(=O)O ; C(CCCCCCC[C@@]1([H])O[C@]([H])([C@@H](O)/C=C/[C@@H](O)CC)C[C@H]1O)(=O)O ; C(CCCCCCC[C@@]1([H])O[C@@]([H])([C@@H](O)/C=C/[C@@H](O)CC)C[C@H]1O)(=O)O ; C(CCCCCCC[C@]1([H])O[C@]([H])([C@H](O)/C=C/[C@H](O)CC)C[C@@H]1O)(=O)O ; C(CCCCCCC[C@]1([H])O[C@@]([H])([C@H](O)/C=C/[C@H](O)CC)C[C@@H]1O)(=O)O ; C(CCCCCCC[C@@]1([H])O[C@]([H])([C@H](O)/C=C/[C@H](O)CC)C[C@@H]1O)(=O)O ; C(CCCCCCC[C@@]1([H])O[C@@]([H])([C@H](O)/C=C/[C@H](O)CC)C[C@@H]1O)(=O)O ; C(CCCCCCC[C@]1([H])O[C@]([H])([C@H](O)/C=C/[C@@H](O)CC)C[C@@H]1O)(=O)O ; C(CCCCCCC[C@]1([H])O[C@@]([H])([C@H](O)/C=C/[C@@H](O)CC)C[C@@H]1O)(=O)O ; C(CCCCCCC[C@@]1([H])O[C@]([H])([C@H](O)/C=C/[C@@H](O)CC)C[C@@H]1O)(=O)O ; C(CCCCCCC[C@@]1([H])O[C@@]([H])([C@H](O)/C=C/[C@@H](O)CC)C[C@@H]1O)(=O)O ; C(CCCCCCC[C@]1([H])O[C@]([H])([C@@H](O)/C=C/[C@H](O)CC)C[C@@H]1O)(=O)O ; C(CCCCCCC[C@]1([H])O[C@@]([H])([C@@H](O)/C=C/[C@H](O)CC)C[C@@H]1O)(=O)O ; C(CCCCCCC[C@@]1([H])O[C@]([H])([C@@H](O)/C=C/[C@H](O)CC)C[C@@H]1O)(=O)O ; C(CCCCCCC[C@@]1([H])O[C@@]([H])([C@@H](O)/C=C/[C@H](O)CC)C[C@@H]1O)(=O)O ; C(CCCCCCC[C@]1([H])O[C@]([H])([C@@H](O)/C=C/[C@@H](O)CC)C[C@@H]1O)(=O)O ; C(CCCCCCC[C@]1([H])O[C@@]([H])([C@@H](O)/C=C/[C@@H](O)CC)C[C@@H]1O)(=O)O ; C(CCCCCCC[C@@]1([H])O[C@]([H])([C@@H](O)/C=C/[C@@H](O)CC)C[C@@H]1O)(=O)O ; C(CCCCCCC[C@@]1([H])O[C@@]([H])([C@@H](O)/C=C/[C@@H](O)CC)C[C@@H]1O)(=O)O ; C(CCCCCCC[C@@H](O)[C@]1([H])O[C@]([H])(/C=C/[C@H](O)CC)[C@H](O)C1)(=O)O ; C(CCCCCCC[C@@H](O)[C@]1([H])O[C@@]([H])(/C=C/[C@H](O)CC)[C@H](O)C1)(=O)O ; C(CCCCCCC[C@@H](O)[C@@]1([H])O[C@]([H])(/C=C/[C@H](O)CC)[C@H](O)C1)(=O)O ; C(CCCCCCC[C@@H](O)[C@@]1([H])O[C@@]([H])(/C=C/[C@H](O)CC)[C@H](O)C1)(=O)O ; C(CCCCCCC[C@@H](O)[C@]1([H])O[C@]([H])(/C=C/[C@@H](O)CC)[C@H](O)C1)(=O)O ; C(CCCCCCC[C@@H](O)[C@]1([H])O[C@@]([H])(/C=C/[C@@H](O)CC)[C@H](O)C1)(=O)O ; C(CCCCCCC[C@@H](O)[C@@]1([H])O[C@]([H])(/C=C/[C@@H](O)CC)[C@H](O)C1)(=O)O ; C(CCCCCCC[C@@H](O)[C@@]1([H])O[C@@]([H])(/C=C/[C@@H](O)CC)[C@H](O)C1)(=O)O ; C(CCCCCCC[C@@H](O)[C@]1([H])O[C@]([H])(/C=C/[C@H](O)CC)[C@@H](O)C1)(=O)O ; C(CCCCCCC[C@@H](O)[C@]1([H])O[C@@]([H])(/C=C/[C@H](O)CC)[C@@H](O)C1)(=O)O ; C(CCCCCCC[C@@H](O)[C@@]1([H])O[C@]([H])(/C=C/[C@H](O)CC)[C@@H](O)C1)(=O)O ; C(CCCCCCC[C@@H](O)[C@@]1([H])O[C@@]([H])(/C=C/[C@H](O)CC)[C@@H](O)C1)(=O)O ; C(CCCCCCC[C@@H](O)[C@]1([H])O[C@]([H])(/C=C/[C@@H](O)CC)[C@@H](O)C1)(=O)O ; C(CCCCCCC[C@@H](O)[C@]1([H])O[C@@]([H])(/C=C/[C@@H](O)CC)[C@@H](O)C1)(=O)O ; C(CCCCCCC[C@@H](O)[C@@]1([H])O[C@]([H])(/C=C/[C@@H](O)CC)[C@@H](O)C1)(=O)O ; C(CCCCCCC[C@@H](O)[C@@]1([H])O[C@@]([H])(/C=C/[C@@H](O)CC)[C@@H](O)C1)(=O)O ; C(CCCCCCC[C@H](O)[C@]1([H])O[C@]([H])(/C=C/[C@H](O)CC)[C@H](O)C1)(=O)O ; C(CCCCCCC[C@H](O)[C@]1([H])O[C@@]([H])(/C=C/[C@H](O)CC)[C@H](O)C1)(=O)O ; C(CCCCCCC[C@H](O)[C@@]1([H])O[C@]([H])(/C=C/[C@H](O)CC)[C@H](O)C1)(=O)O ; C(CCCCCCC[C@H](O)[C@@]1([H])O[C@@]([H])(/C=C/[C@H](O)CC)[C@H](O)C1)(=O)O ; C(CCCCCCC[C@H](O)[C@]1([H])O[C@]([H])(/C=C/[C@@H](O)CC)[C@H](O)C1)(=O)O ; C(CCCCCCC[C@H](O)[C@]1([H])O[C@@]([H])(/C=C/[C@@H](O)CC)[C@H](O)C1)(=O)O ; C(CCCCCCC[C@H](O)[C@@]1([H])O[C@]([H])(/C=C/[C@@H](O)CC)[C@H](O)C1)(=O)O ; C(CCCCCCC[C@H](O)[C@@]1([H])O[C@@]([H])(/C=C/[C@@H](O)CC)[C@H](O)C1)(=O)O ; C(CCCCCCC[C@H](O)[C@]1([H])O[C@]([H])(/C=C/[C@H](O)CC)[C@@H](O)C1)(=O)O ; C(CCCCCCC[C@H](O)[C@]1([H])O[C@@]([H])(/C=C/[C@H](O)CC)[C@@H](O)C1)(=O)O ; C(CCCCCCC[C@H](O)[C@@]1([H])O[C@]([H])(/C=C/[C@H](O)CC)[C@@H](O)C1)(=O)O ; C(CCCCCCC[C@H](O)[C@@]1([H])O[C@@]([H])(/C=C/[C@H](O)CC)[C@@H](O)C1)(=O)O ; C(CCCCCCC[C@H](O)[C@]1([H])O[C@]([H])(/C=C/[C@@H](O)CC)[C@@H](O)C1)(=O)O ; C(CCCCCCC[C@H](O)[C@]1([H])O[C@@]([H])(/C=C/[C@@H](O)CC)[C@@H](O)C1)(=O)O ; C(CCCCCCC[C@H](O)[C@@]1([H])O[C@]([H])(/C=C/[C@@H](O)CC)[C@@H](O)C1)(=O)O ; C(CCCCCCC[C@H](O)[C@@]1([H])O[C@@]([H])(/C=C/[C@@H](O)CC)[C@@H](O)C1)(=O)O ; C(CCCCCCC[C@@H](O)/C=C/[C@@H](O)[C@]1([H])O[C@]([H])(CC)[C@H](O)C1)(=O)O ; C(CCCCCCC[C@@H](O)/C=C/[C@@H](O)[C@]1([H])O[C@@]([H])(CC)[C@H](O)C1)(=O)O ; C(CCCCCCC[C@@H](O)/C=C/[C@@H](O)[C@@]1([H])O[C@]([H])(CC)[C@H](O)C1)(=O)O ; C(CCCCCCC[C@@H](O)/C=C/[C@@H](O)[C@@]1([H])O[C@@]([H])(CC)[C@H](O)C1)(=O)O ; C(CCCCCCC[C@@H](O)/C=C/[C@@H](O)[C@]1([H])O[C@]([H])(CC)[C@@H](O)C1)(=O)O ; C(CCCCCCC[C@@H](O)/C=C/[C@@H](O)[C@]1([H])O[C@@]([H])(CC)[C@@H](O)C1)(=O)O ; C(CCCCCCC[C@@H](O)/C=C/[C@@H](O)[C@@]1([H])O[C@]([H])(CC)[C@@H](O)C1)(=O)O ; C(CCCCCCC[C@@H](O)/C=C/[C@@H](O)[C@@]1([H])O[C@@]([H])(CC)[C@@H](O)C1)(=O)O ; C(CCCCCCC[C@@H](O)/C=C/[C@H](O)[C@]1([H])O[C@]([H])(CC)[C@H](O)C1)(=O)O ; C(CCCCCCC[C@@H](O)/C=C/[C@H](O)[C@]1([H])O[C@@]([H])(CC)[C@H](O)C1)(=O)O ; C(CCCCCCC[C@@H](O)/C=C/[C@H](O)[C@@]1([H])O[C@]([H])(CC)[C@H](O)C1)(=O)O ; C(CCCCCCC[C@@H](O)/C=C/[C@H](O)[C@@]1([H])O[C@@]([H])(CC)[C@H](O)C1)(=O)O ; C(CCCCCCC[C@@H](O)/C=C/[C@H](O)[C@]1([H])O[C@]([H])(CC)[C@@H](O)C1)(=O)O ; C(CCCCCCC[C@@H](O)/C=C/[C@H](O)[C@]1([H])O[C@@]([H])(CC)[C@@H](O)C1)(=O)O ; C(CCCCCCC[C@@H](O)/C=C/[C@H](O)[C@@]1([H])O[C@]([H])(CC)[C@@H](O)C1)(=O)O ; C(CCCCCCC[C@@H](O)/C=C/[C@H](O)[C@@]1([H])O[C@@]([H])(CC)[C@@H](O)C1)(=O)O ; C(CCCCCCC[C@H](O)/C=C/[C@@H](O)[C@]1([H])O[C@]([H])(CC)[C@H](O)C1)(=O)O ; C(CCCCCCC[C@H](O)/C=C/[C@@H](O)[C@]1([H])O[C@@]([H])(CC)[C@H](O)C1)(=O)O ; C(CCCCCCC[C@H](O)/C=C/[C@@H](O)[C@@]1([H])O[C@]([H])(CC)[C@H](O)C1)(=O)O ; C(CCCCCCC[C@H](O)/C=C/[C@@H](O)[C@@]1([H])O[C@@]([H])(CC)[C@H](O)C1)(=O)O ; C(CCCCCCC[C@H](O)/C=C/[C@@H](O)[C@]1([H])O[C@]([H])(CC)[C@@H](O)C1)(=O)O ; C(CCCCCCC[C@H](O)/C=C/[C@@H](O)[C@]1([H])O[C@@]([H])(CC)[C@@H](O)C1)(=O)O ; C(CCCCCCC[C@H](O)/C=C/[C@@H](O)[C@@]1([H])O[C@]([H])(CC)[C@@H](O)C1)(=O)O ; C(CCCCCCC[C@H](O)/C=C/[C@@H](O)[C@@]1([H])O[C@@]([H])(CC)[C@@H](O)C1)(=O)O ; C(CCCCCCC[C@H](O)/C=C/[C@H](O)[C@]1([H])O[C@]([H])(CC)[C@H](O)C1)(=O)O ; C(CCCCCCC[C@H](O)/C=C/[C@H](O)[C@]1([H])O[C@@]([H])(CC)[C@H](O)C1)(=O)O ; C(CCCCCCC[C@H](O)/C=C/[C@H](O)[C@@]1([H])O[C@]([H])(CC)[C@H](O)C1)(=O)O ; C(CCCCCCC[C@H](O)/C=C/[C@H](O)[C@@]1([H])O[C@@]([H])(CC)[C@H](O)C1)(=O)O ; C(CCCCCCC[C@H](O)/C=C/[C@H](O)[C@]1([H])O[C@]([H])(CC)[C@@H](O)C1)(=O)O ; C(CCCCCCC[C@H](O)/C=C/[C@H](O)[C@]1([H])O[C@@]([H])(CC)[C@@H](O)C1)(=O)O ; C(CCCCCCC[C@H](O)/C=C/[C@H](O)[C@@]1([H])O[C@]([H])(CC)[C@@H](O)C1)(=O)O ; C(CCCCCCC[C@H](O)/C=C/[C@H](O)[C@@]1([H])O[C@@]([H])(CC)[C@@H](O)C1)(=O)O ; C(CCCCCCC[C@@H](O)/C=C/[C@]1([H])O[C@]([H])([C@H](O)CC)C[C@H]1O)(=O)O ; C(CCCCCCC[C@@H](O)/C=C/[C@]1([H])O[C@@]([H])([C@H](O)CC)C[C@H]1O)(=O)O ; C(CCCCCCC[C@@H](O)/C=C/[C@@]1([H])O[C@]([H])([C@H](O)CC)C[C@H]1O)(=O)O ; C(CCCCCCC[C@@H](O)/C=C/[C@@]1([H])O[C@@]([H])([C@H](O)CC)C[C@H]1O)(=O)O ; C(CCCCCCC[C@@H](O)/C=C/[C@]1([H])O[C@]([H])([C@@H](O)CC)C[C@H]1O)(=O)O ; C(CCCCCCC[C@@H](O)/C=C/[C@]1([H])O[C@@]([H])([C@@H](O)CC)C[C@H]1O)(=O)O ; C(CCCCCCC[C@@H](O)/C=C/[C@@]1([H])O[C@]([H])([C@@H](O)CC)C[C@H]1O)(=O)O ; C(CCCCCCC[C@@H](O)/C=C/[C@@]1([H])O[C@@]([H])([C@@H](O)CC)C[C@H]1O)(=O)O ; C(CCCCCCC[C@@H](O)/C=C/[C@]1([H])O[C@]([H])([C@H](O)CC)C[C@@H]1O)(=O)O ; C(CCCCCCC[C@@H](O)/C=C/[C@]1([H])O[C@@]([H])([C@H](O)CC)C[C@@H]1O)(=O)O ; C(CCCCCCC[C@@H](O)/C=C/[C@@]1([H])O[C@]([H])([C@H](O)CC)C[C@@H]1O)(=O)O ; C(CCCCCCC[C@@H](O)/C=C/[C@@]1([H])O[C@@]([H])([C@H](O)CC)C[C@@H]1O)(=O)O ; C(CCCCCCC[C@@H](O)/C=C/[C@]1([H])O[C@]([H])([C@@H](O)CC)C[C@@H]1O)(=O)O ; C(CCCCCCC[C@@H](O)/C=C/[C@]1([H])O[C@@]([H])([C@@H](O)CC)C[C@@H]1O)(=O)O ; C(CCCCCCC[C@@H](O)/C=C/[C@@]1([H])O[C@]([H])([C@@H](O)CC)C[C@@H]1O)(=O)O ; C(CCCCCCC[C@@H](O)/C=C/[C@@]1([H])O[C@@]([H])([C@@H](O)CC)C[C@@H]1O)(=O)O ; C(CCCCCCC[C@H](O)/C=C/[C@]1([H])O[C@]([H])([C@H](O)CC)C[C@H]1O)(=O)O ; C(CCCCCCC[C@H](O)/C=C/[C@]1([H])O[C@@]([H])([C@H](O)CC)C[C@H]1O)(=O)O ; C(CCCCCCC[C@H](O)/C=C/[C@@]1([H])O[C@]([H])([C@H](O)CC)C[C@H]1O)(=O)O ; C(CCCCCCC[C@H](O)/C=C/[C@@]1([H])O[C@@]([H])([C@H](O)CC)C[C@H]1O)(=O)O ; C(CCCCCCC[C@H](O)/C=C/[C@]1([H])O[C@]([H])([C@@H](O)CC)C[C@H]1O)(=O)O ; C(CCCCCCC[C@H](O)/C=C/[C@]1([H])O[C@@]([H])([C@@H](O)CC)C[C@H]1O)(=O)O ; C(CCCCCCC[C@H](O)/C=C/[C@@]1([H])O[C@]([H])([C@@H](O)CC)C[C@H]1O)(=O)O ; C(CCCCCCC[C@H](O)/C=C/[C@@]1([H])O[C@@]([H])([C@@H](O)CC)C[C@H]1O)(=O)O ; C(CCCCCCC[C@H](O)/C=C/[C@]1([H])O[C@]([H])([C@H](O)CC)C[C@@H]1O)(=O)O ; C(CCCCCCC[C@H](O)/C=C/[C@]1([H])O[C@@]([H])([C@H](O)CC)C[C@@H]1O)(=O)O ; C(CCCCCCC[C@H](O)/C=C/[C@@]1([H])O[C@]([H])([C@H](O)CC)C[C@@H]1O)(=O)O ; C(CCCCCCC[C@H](O)/C=C/[C@@]1([H])O[C@@]([H])([C@H](O)CC)C[C@@H]1O)(=O)O ; C(CCCCCCC[C@H](O)/C=C/[C@]1([H])O[C@]([H])([C@@H](O)CC)C[C@@H]1O)(=O)O ; C(CCCCCCC[C@H](O)/C=C/[C@]1([H])O[C@@]([H])([C@@H](O)CC)C[C@@H]1O)(=O)O ; C(CCCCCCC[C@H](O)/C=C/[C@@]1([H])O[C@]([H])([C@@H](O)CC)C[C@@H]1O)(=O)O ; C(CCCCCCC[C@H](O)/C=C/[C@@]1([H])O[C@@]([H])([C@@H](O)CC)C[C@@H]1O)(=O)O ; C(CCCCCCC[C@]1([H])O[C@]([H])([C@H](O)/C=C/[C@H](O)CC)C[C@H]1O)(=O)O ; C(CCCCCCC[C@]1([H])O[C@@]([H])([C@H](O)/C=C/[C@H](O)CC)C[C@H]1O)(=O)O ; C(CCCCCCC[C@@]1([H])O[C@]([H])([C@H](O)/C=C/[C@H](O)CC)C[C@H]1O)(=O)O ; C(CCCCCCC[C@@]1([H])O[C@@]([H])([C@H](O)/C=C/[C@H](O)CC)C[C@H]1O)(=O)O ; C(CCCCCCC[C@]1([H])O[C@]([H])([C@H](O)/C=C/[C@@H](O)CC)C[C@H]1O)(=O)O	N/A	N/A	N/A	320 ; 321 ; 322 ; 323 ; 324 ; 325 ; 326 ; 327 ; 328 ; 329 ; 330 ; 331 ; 332 ; 333 ; 334 ; 335 ; 336 ; 337 ; 338 ; 339 ; 340 ; 341 ; 342 ; 343 ; 344 ; 345 ; 346 ; 347 ; 348 ; 349 ; 350 ; 351 ; 352 ; 353 ; 354 ; 355 ; 356 ; 357 ; 358 ; 359 ; 360 ; 361 ; 362 ; 363 ; 364 ; 365 ; 366 ; 367 ; 368 ; 369 ; 370 ; 371 ; 372 ; 373 ; 374 ; 375 ; 376 ; 377 ; 378 ; 383 ; 384 ; 385 ; 386 ; 387 ; 388 ; 389 ; 390 ; 391 ; 392 ; 393 ; 394 ; 395 ; 396 ; 397 ; 398 ; 399 ; 400 ; 401 ; 402 ; 403 ; 404 ; 405 ; 406 ; 407 ; 408 ; 409 ; 410 ; 411 ; 412 ; 413 ; 414 ; 415 ; 416 ; 417 ; 418 ; 419 ; 420 ; 421 ; 423 ; 424 ; 425 ; 426 ; 427 ; 428 ; 429 ; 430 ; 431 ; 432 ; 433 ; 434 ; 435 ; 436 ; 437 ; 438 ; 439 ; 440 ; 441 ; 442 ; 443 ; 444 ; 445 ; 446 ; 447 ; 448 ; 449 ; 450 ; 451 ; 452
173.1173	28087 ; 28088 ; 28089 ; 28090	M+2H	0	344.2199	LMSD{ FA 18:2;O4 }								C18H32O6	N/A	N/A	N/A	N/A	LMFA02040001 ; LMFA02040002 ; LMFA02040003 ; LMFA02040004	N/A	N/A	LWIIWULNZCFOCA-ZHACJKMWSA-N ; BHWUKOCNOLCGLB-ZHACJKMWSA-N ; XSSRKBRTVPNAMX-ZHACJKMWSA-N ; ABMOBHDJIUJCNP-ZHACJKMWSA-N	C(CCCCCCCC(O)/C=C/C(C1CC(O)C(CC)O1)O)(=O)O ; C(CCCCCCCC(O)/C=C/C1C(O)CC(C(O)CC)O1)(=O)O ; OC(=O)CCCCCCCC1C(O)CC(C(O)/C=C/C(O)CC)O1 ; C(CCCCCCCC(C1CC(O)C(/C=C/C(O)CC)O1)O)(=O)O	N/A	N/A	N/A	379 ; 380 ; 381 ; 382
173.1173	171489	M+2H	0	344.2199	dinor Thromboxane								C18H32O6	N/A	N/A	N/A	N/A	N/A	44923.0	N/A	N/A	N/A	N/A	N/A	N/A	422
202.1801	164141 ; 27378	M+H	0	201.1729	amino-undecanoate								C11H23NO2	2.0	N/A	C19325	N/A	LMFA01100004	74857.0 ; 35923.0	17083.0	GUOSQNAUYHMCRU-UHFFFAOYSA-N	C(CCCCCCCCCCN)(=O)O	N/A	N/A	N/A	233 ; 234
203.139	130120 ; 166558	M+H	0	202.1317	Leucyl-Alanine								C9H18N2O3	N/A	7298-84-2	N/A	HMDB0028922	N/A	23819.0	259321.0	HSQGMTRYSIHDAC-UHFFFAOYSA-N	CC(C)CC(N)C(=O)NC(C)C(O)=O	N/A	N/A	N/A	186 ; 191
203.139	141742 ; 166562	M+H	0	202.1317	Alanyl-Leucine								C9H18N2O3	N/A	1999-42-4	N/A	HMDB0028691	N/A	85607.0 ; 44268.0	259583.0	RDIKFPRVLJLMER-UHFFFAOYSA-N	CC(C)CC(NC(=O)C(C)N)C(O)=O	N/A	N/A	N/A	187 ; 195
203.139	115427	M+H	0	202.1317	Alanyl-Isoleucine								C9H18N2O3	N/A	N/A	N/A	HMDB0028690	N/A	85606.0	417358.0	ZSOICJZJSRWNHX-UHFFFAOYSA-N	CCC(C)C(NC(=O)C(C)N)C(O)=O	N/A	N/A	N/A	188
203.139	44791	M+H	0	202.1317	Isoleucyl-Alanine								C9H18N2O3	N/A	N/A	N/A	HMDB0028900	N/A	85806.0	5246009.0	RCFDOSNHHZGBOY-UHFFFAOYSA-N	CCC(C)C(N)C(=O)NC(C)C(O)=O	N/A	N/A	N/A	189
203.139	124639	M+H	0	202.1317	Acetylisoputreanine								C9H18N2O3	N/A	N/A	N/A	HMDB0094713	N/A	N/A	131802901.0	YGIAGXACEXFIDU-UHFFFAOYSA-N	CC(O)=NCCCNCCCC(O)=O	N/A	N/A	N/A	190
203.139	166559 ; 166560	M+H	0	202.1317	Ala Ile	Pep							C9H18N2O3	N/A	N/A	N/A	N/A	N/A	23844.0 ; 23864.0	N/A	N/A	N/A	N/A	N/A	N/A	192 ; 193
203.139	166561 ; 166563	M+H	0	202.1317	Ala Leu	Pep							C9H18N2O3	N/A	N/A	N/A	N/A	N/A	23945.0 ; 44685.0	N/A	N/A	N/A	N/A	N/A	N/A	194 ; 196
203.139	164109 ; 164110 ; 30515 ; 30551 ; 30616 ; 30620	M+Na	9	180.1514	LMSD{ FOH 12:3 }								C12H20O	N/A	N/A	C08375	N/A	LMFA05000058 ; LMFA05000097 ; LMFA05000162 ; LMFA05000166	75281.0 ; 36515.0 ; 46052.0 ; 46113.0 ; 46117.0	5281129.0	KWVQYNPBWXUHHT-ZYXMWXIMSA-N ; OFAUAWIRDOCHFP-PDBXOOCHSA-N ; KWVQYNPBWXUHHT-QSOMBXJKSA-N ; KWVQYNPBWXUHHT-LGRDCDGLSA-N	C(CC)/C=C/C=C/C/C=C/CCO ; C(/C/C=CCCO)=C/C/C=CCC ; OCC/C=CC/C=C/C=C/CCC ; OCC/C=CC/C=CC=CCCC	N/A	N/A	N/A	198 ; 199 ; 205 ; 215 ; 216 ; 217
203.139	76631 ; 94578	M+Na	9	180.1514	Dodecadienal								C12H20O	N/A	21662-13-5 ; 21662-16-8	N/A	HMDB0032531 ; HMDB0039590	N/A	88509.0 ; 94148.0	6430759.0 ; 5367530.0	VPEGROOEBNSCCL-JFEAUALZSA-N ; QKTZBZWNADPFOL-BNFZFUHLSA-N	CCCCC\C=C/CC\C=C\C=O ; CCCCCCC\C=C\C=C\C=O	N/A	N/A	N/A	200 ; 202
203.139	50796	M+Na	9	180.1514	Homodihydrojasmone								C12H20O	N/A	N/A	N/A	HMDB0031181	N/A	87473.0	11137732.0	JAPZZAUIIPKQJW-UHFFFAOYSA-N	CCCCCCC1=C(C)CCC1=O	N/A	N/A	N/A	201
203.139	99198	M+Na	9	180.1514	Tricycloekasantalol								C12H20O	N/A	N/A	N/A	HMDB0039339	N/A	93921.0	130142141.0	PICWCIWTSQRPHV-UHFFFAOYSA-N	CC12C3CC(CC13)C2(C)CCCO	N/A	N/A	N/A	203
203.139	48526	M+Na	9	180.1514	Quinceoxepane							Food	C12H20O	N/A	N/A	N/A	HMDB0038108	N/A	92864.0	131752305.0	RLBHQLPVVYXAQJ-SREVYHEPSA-N	CC1CCCOC(C1)\C=C/C(C)=C	N/A	N/A	N/A	204
203.139	31045 ; 31047 ; 31049 ; 31050 ; 31051 ; 31055 ; 31057 ; 31058 ; 31059	M+Na	9	180.1514	LMSD{ FAL 12:2 }								C12H20O	N/A	N/A	N/A	N/A	LMFA06000153 ; LMFA06000155 ; LMFA06000157 ; LMFA06000158 ; LMFA06000159 ; LMFA06000163 ; LMFA06000165 ; LMFA06000166 ; LMFA06000167	46443.0 ; 46445.0 ; 46447.0 ; 46448.0 ; 46449.0 ; 46453.0 ; 46455.0 ; 46456.0 ; 46457.0	N/A	QQGSJQOOBIWRBK-ONEGZZNKSA-N ; TYICDYOLAPJHGA-MQQKCMAXSA-N ; LDQDYNHCLZNOFB-IGTJQSIKSA-N ; QMHYWEQZQADRCD-DNVGVPOPSA-N ; TYICDYOLAPJHGA-AWYLAFAOSA-N ; QQGSJQOOBIWRBK-ARJAWSKDSA-N ; LDQDYNHCLZNOFB-MDAAKZFYSA-N ; TYICDYOLAPJHGA-IAROGAJJSA-N ; LDQDYNHCLZNOFB-ISTTXYCBSA-N	C(CCCCCCC/C=C/C=C)(=O)[H] ; C(CCCCCC/C=C/C=C/C)(=O)[H] ; C(CCC/C=C/C=CCCCC)(=O)[H] ; C(CCCCC/C=C/C=CCC)(=O)[H] ; C(CCCCCC/C=C/C=CC)(=O)[H] ; C(CCCCCCC/C=CC=C)(=O)[H] ; C(CCC/C=CC=CCCCC)(=O)[H] ; C(CCCCCC/C=CC=CC)(=O)[H] ; C(CCC/C=CC=C/CCCC)(=O)[H]	N/A	N/A	N/A	206 ; 207 ; 208 ; 209 ; 210 ; 211 ; 212 ; 213 ; 214
221.0847	144082	M+2H	4	440.153	Propylene glycol alginate							Food	C17H28O13	N/A	N/A	N/A	HMDB0039860	N/A	94406.0	131752735.0	HDSBZMRLPLPFLQ-UHFFFAOYSA-N	COC1OC(C(OC2OC(C(C)C(O)C2O)C(=O)OCC(C)O)C(O)C1O)C(O)=O	N/A	N/A	N/A	488
221.0847	73418	M+2H	2	440.1557	Aminopterin						Drug		C19H20N8O5	N/A	54-62-6	N/A	HMDB0001833	N/A	6341.0	2154.0	TVZGACDUOSZQKY-UHFFFAOYSA-N	NC1=NC2=C(N=C(CNC3=CC=C(C=C3)C(=O)NC(CCC(O)=O)C(O)=O)C=N2)C(N)=N1	N/A	N/A	N/A	489
221.0847	178459	M+2H	2	440.1558	JGB1741								C27H24N2O2S	N/A	1256375-38-8	N/A	N/A	N/A	96436.0	N/A	N/A	N/A	N/A	N/A	N/A	490
221.0847	152016	M+Na	8	198.0939	SK&F								C8H14N4S	N/A	34970-65-5	C11799	N/A	N/A	69228.0	3082406.0	RGIDMSNTKAZSFO-UHFFFAOYSA-N	CNC(=S)NCCCc1c[nH]cn1	N/A	N/A	N/A	491
221.0847	167044	M+H-H2O	2	238.0875	Isopropyl-ThiogalactoPyranoside						Drug		C9H18O5S	N/A	367-93-1	N/A	N/A	N/A	44762.0	N/A	N/A	N/A	N/A	N/A	N/A	493
344.2218	65925	M+H	1	343.2147	Piperolein								C21H29NO3	N/A	N/A	N/A	HMDB0030340	N/A	86902.0	21580213.0	FAXXHNWVMKTOFF-UXBLZVDNSA-N	O=C(CCCCCC\C=C\C1=CC2=C(OCO2)C=C1)N1CCCCC1	N/A	N/A	N/A	65
344.2218	85677	M+H	1	343.2147	Isopiperolein				NP			Food	C21H29NO3	N/A	N/A	N/A	HMDB0033959	N/A	89641.0	16041826.0	HRMXETZEKQCWBC-UXBLZVDNSA-N	O=C(CCCCCCC\C=C\C1=CC2=C(OCO2)C=C1)N1CCCC1	N/A	N/A	N/A	66
344.2218	180896 ; 187759	M+Na	7	321.2304	Methylviriditin								C19H31NO3	N/A	287102-34-5	N/A	N/A	N/A	N/A	10591878.0	XSMAAHDDIFGBIA-UEGIDPSHSA-N ; XSMAAHDDIFGBIA-UEGIDPSHNA-N	CCCCC(C=C(C)C=CC=CC(=O)N1CCCC1CO)OC ; C1CC[C@@H](N1C(=O)/C=C/C=C/C(=C/[C@H](CCCC)OC)/C)CO	N/A	N/A	N/A	68 ; 70
344.2218	47385	M+Na	7	321.2304	Homodihydrocapsaicin								C19H31NO3	N/A	20279-06-5	N/A	HMDB0036330	N/A	91474.0	3084336.0	AKDLSISGGARWFP-UHFFFAOYSA-N	COC1=CC(CNC(=O)CCCCCCCC(C)C)=CC=C1O	N/A	N/A	N/A	69
344.2218	189455	M+H+HCOONa	9	275.2249	Asperidine								C18H29NO	N/A	N/A	N/A	N/A	N/A	N/A	146684014.0	ZWOWUVBTGMGXFA-SQNIBIBYSA-N	CCCCCCC[C@@H]1C[C@H](O)[C@H](CC2=CC=CC=C2)N1	N/A	N/A	N/A	73
367.1546	16400	M+H	2	366.1467	Glychalcone				NP				C22H22O5	N/A	N/A	N/A	N/A	LMPK12120302	52105.0	N/A	QPRYWSHCBHNFJL-JXMROGBWSA-N	COc1ccc(cc1)/C=C/C(=O)c1c(O)c2C=CC(C)(C)Oc2cc1OC	N/A	N/A	N/A	6
367.1546	16408	M+H	2	366.1467	Dimethylpyrano[2'',3'':6',5']-hydroxy-dimethoxychalcone								C22H22O5	N/A	N/A	N/A	N/A	LMPK12120310	52113.0	N/A	VETSXWXDHHAXNB-JXMROGBWSA-N	COc1ccc(cc1)/C=C/C(=O)c1c(O)cc(OC)c2C=CC(C)(C)Oc21	N/A	N/A	N/A	7
367.1546	16155	M+H	2	366.1467	Xanthoangelol				NP				C22H22O5	N/A	N/A	N/A	N/A	LMPK12120056	51862.0	N/A	SXDGLCCGJJGJRY-FEUCYYSJSA-N	C/C(/CCC=O)=C\Cc1c(O)c(ccc1O)C(=O)/C=C/c1ccc(O)cc1	N/A	N/A	N/A	8
367.1546	11810	M+H	2	366.1467	Prenyloxy-dimethoxyisoflavone								C22H22O5	N/A	N/A	N/A	N/A	LMPK12050051	47571.0	N/A	HSZOZDPOYZAYTH-UHFFFAOYSA-N	CC(C)=CCOc1cc2OC=C(C(=O)c2cc1)c1ccc(OC)c(c1)OC	N/A	N/A	N/A	9
367.1546	12873 ; 12874	M+H	2	366.1467	Tephrostachin				NP				C22H22O5	N/A	N/A	N/A	N/A	LMPK12110167 ; LMPK12110168	48600.0 ; 48601.0	N/A	CYPXFTCVCNFZNY-KHPPLWFESA-N ; CYPXFTCVCNFZNY-ZHACJKMWSA-N	COc1cc(OC)c(/C=C\C(C)(C)O)c2OC(=CC(=O)c12)c1ccccc1 ; COc1cc(OC)c(/C=C/C(C)(C)O)c2OC(=CC(=O)c12)c1ccccc1	N/A	N/A	N/A	10 ; 11
367.1546	16208	M+H	2	366.1467	Dimethoxylonchocarpin				NP				C22H22O5	N/A	N/A	N/A	N/A	LMPK12120110	51915.0	N/A	NPDBZFZFFJSOFA-VMPITWQZSA-N	CC1(C)C=Cc2c(O)c(ccc2O1)C(=O)/C=C/c1cc(OC)c(cc1)OC	N/A	N/A	N/A	12
367.1546	16487	M+H	2	366.1467	Praecansone				NP				C22H22O5	N/A	N/A	N/A	N/A	LMPK12120390	52193.0	N/A	TUJSKSRZFNAELN-VBKFSLOCSA-N	COc1c(C(=O)/C=C(\O)/c2ccccc2)c(cc2OC(C)(C)C=Cc21)OC	N/A	N/A	N/A	13
367.1546	12448	M+H	2	366.1467	Edulenane				NP				C22H22O5	N/A	N/A	N/A	N/A	LMPK12070101	48189.0	N/A	NURXAZUGLCCIRI-UHFFFAOYSA-N	CC1(C)C=Cc2c(cc3OCC4C(Oc5cc(ccc54)OC)c3c2OC)O1	N/A	N/A	N/A	14
367.1546	17329	M+H	2	366.1467	Glyflavanone				NP				C22H22O5	N/A	N/A	N/A	N/A	LMPK12140556	53033.0	N/A	BIVJHZMNOBBBLR-KRWDZBQOSA-N	COc1ccc(cc1)[C@@H]1CC(=O)c2c(O1)c1C=CC(C)(C)Oc1cc2OC	N/A	N/A	N/A	15
367.1546	16858	M+H	2	366.1467	Methylovaliflavanone								C22H22O5	N/A	N/A	N/A	N/A	LMPK12140071	52561.0	N/A	NNVYSMQXBRNCKE-UHFFFAOYSA-N	CC(C)=CCc1c2OC(CC(=O)c2ccc1OC)c1cc2OCOc2cc1	N/A	N/A	N/A	16
367.1546	16861	M+H	2	366.1467	Ponganone III				NP				C22H22O5	N/A	N/A	N/A	N/A	LMPK12140074	52564.0	N/A	WBKMMUGBIOVPMR-IBGZPJMESA-N	CC1(C)C=Cc2c3O[C@@H](CC(=O)c3ccc2O1)c1cc(OC)c(cc1)OC	N/A	N/A	N/A	17
367.1546	123655	M+H	2	366.1467	Curcumin							Food	C22H22O5	N/A	N/A	N/A	HMDB0039610	N/A	94167.0	131752690.0	RGMADVSAJHLTDE-MFDSWNTHSA-N	COC1=C(O)C=CC(C\C=C\C(=O)CC(=O)\C=C/CC2=CC=C(O)C=C2)=C1	N/A	N/A	N/A	18
367.1546	121502	M+H	2	366.1467	(hydroxy-methoxyphenyl)-(methoxy-dimethyl-chromen-yl)prop-en-one								C22H22O5	N/A	N/A	N/A	HMDB0125864	N/A	N/A	N/A	NYUYPIWWVVFMRK-UHFFFAOYSA-N	COC1=C(O)C=CC(=C1)C(=O)C=CC1=C(OC)C2=C(OC(C)(C)C=C2)C=C1	N/A	N/A	N/A	19
367.1546	189454	M+H	2	366.1467	Asperteretal								C22H22O5	N/A	N/A	N/A	N/A	N/A	N/A	145964658.0	QCPXFZKWSHOJCI-UHFFFAOYSA-N	CC1(C)CCC2=C(C=CC(CC3=C(C4=CC=C(O)C=C4)C(O)OC3=O)=C2)O1	N/A	N/A	N/A	20
367.1546	53783	M+Na	9	344.1624	Dehydronobilin								C20H24O5	N/A	N/A	N/A	HMDB0036691	N/A	91727.0	131752038.0	FKDIIXZIKCNXAT-QLDBJWRKSA-N	C\C=C(\C)C(=O)OC1C\C(C)=C\CC(=O)\C(C)=C\C2OC(=O)C(=C)C12	N/A	N/A	N/A	22
367.1546	120874	M+Na	9	344.1624	(Hydroxy-dimethyl-octadienyloxy)-methoxycoumarin							Food	C20H24O5	N/A	N/A	N/A	HMDB0032955	N/A	88854.0	131751351.0	KQPVSSJMHATTGK-NTEUORMPSA-N	COC1=CC(OC\C=C(/C)CCC(O)C(C)=C)=C2C=CC(=O)OC2=C1	N/A	N/A	N/A	23
367.1546	132678	M+Na	9	344.1624	Malabaricano				NP			Food	C20H24O5	N/A	74683-16-2	N/A	HMDB0034179	N/A	89758.0	13870570.0	GMXMKSFJQLFOSO-UHFFFAOYSA-N	COC1=C(O)C=CC(=C1)C1OC(C(C)C1C)C1=CC(OC)=C(O)C=C1	N/A	N/A	N/A	24
367.1546	83783	M+Na	9	344.1624	Angeloyloxy-oxo-germacratrien-olide								C20H24O5	N/A	N/A	N/A	HMDB0031889	N/A	88006.0	131751200.0	LLFFQXOEXCHHKX-VICSYAIFSA-N	C\C=C(\C)C(=O)OC1C\C(C=O)=C/CC\C(C)=C\C2OC(=O)C(=C)C12	N/A	N/A	N/A	25
367.1546	73550	M+Na	9	344.1624	(Allyl-methoxyphenoxy)-(hydroxy-methoxyphenyl)-propanol								C20H24O5	N/A	N/A	N/A	HMDB0031753	N/A	87919.0	14015408.0	PDALBPBLFWHDRD-UHFFFAOYSA-N	COC1=C(O)C=CC(=C1)C(O)C(C)OC1=C(OC)C=C(CC=C)C=C1	N/A	N/A	N/A	26
367.1546	129895	M+Na	9	344.1624	Isoachifolidiene								C20H24O5	N/A	N/A	N/A	HMDB0038690	N/A	93345.0	131752430.0	ITEVGBFEXWVGSM-UXBLZVDNSA-N	C\C=C(/C)C(=O)OC1CC2C(OC(=O)C2=C)C2C(C)=CC=C2C1(C)O	N/A	N/A	N/A	27
367.1546	63882	M+Na	9	344.1624	Rosmadial								C20H24O5	N/A	N/A	N/A	HMDB0038219	N/A	92948.0	72996596.0	JBWRHBJFAVSAMJ-UHFFFAOYSA-N	CC(C)C1=C(O)C2=C(C(C=O)=C1)C1(CCCC(C)(C)C1C=O)C(=O)O2	N/A	N/A	N/A	28
367.1546	82389	M+Na	9	344.1624	Safficinolide								C20H24O5	N/A	N/A	N/A	HMDB0040421	N/A	94929.0	85152699.0	VBEKTSBYXBBXEO-UHFFFAOYSA-N	CC(C)C1=C(O)C2=C(C(C=O)=C1)C1(CCCC(C)(C)C1C(=O)O2)C=O	N/A	N/A	N/A	29
367.1546	122845	M+Na	9	344.1624	Columbaridione								C20H24O5	N/A	N/A	N/A	HMDB0040388	N/A	94900.0	N/A	ZGIOOTXNBWWRKD-UHFFFAOYSA-N	CC(C)C1=C(O)C(=O)C2=C(C3CC4C(C)(C)CCCC24C(=O)O3)C1=O	N/A	N/A	N/A	30
367.1546	82231	M+Na	9	344.1624	[(hydroxy-dimethylocta-dien-yl)oxy]-methoxy-chromen-one							Food	C20H24O5	N/A	N/A	N/A	HMDB0136701	N/A	N/A	N/A	KQPVSSJMHATTGK-UHFFFAOYSA-N	COC1=CC(OCC=C(C)CCC(O)C(C)=C)=C2C=CC(=O)OC2=C1	N/A	N/A	N/A	31
367.1546	171439	M+Na	9	344.1624	Hydroxy-carboxyretinoate								C20H24O5	N/A	99665-36-8	N/A	N/A	N/A	2286.0	N/A	N/A	N/A	N/A	N/A	N/A	32
367.1546	100986	M+K	0	328.1913	Methyloblongine							Food	C20H26NO3	N/A	152230-58-5	N/A	HMDB0034579	N/A	90043.0	131751584.0	QZJMBSSODVCTRD-UHFFFAOYSA-O	COC1=C(OC)C2=C(CC[N+](C)(C)C2CC2=CC=C(O)C=C2)C=C1	N/A	N/A	N/A	33
367.1546	170346	M+K	4	328.1899	methyl-(methyl-azabicyclonon-yl)-oxide								C18H24N4O2	N/A	160177-68-4	N/A	N/A	N/A	3142.0	N/A	N/A	N/A	N/A	N/A	N/A	34
367.1546	170347	M+K	4	328.1899	Azabicyclononane, indazole-carboxamide deriv.								C18H24N4O2	N/A	133841-15-3	N/A	N/A	N/A	3144.0	N/A	N/A	N/A	N/A	N/A	N/A	35
367.1546	170348	M+K	4	328.1899	Granisetron metabolite								C18H24N4O2	N/A	N/A	N/A	N/A	N/A	3147.0	N/A	N/A	N/A	N/A	N/A	N/A	36
367.1546	89433	M+K	4	328.1899	hydroxygranisetron								C18H24N4O2	N/A	N/A	N/A	HMDB0061062	N/A	N/A	46233635.0	AJEBHUMZPBDLQF-STQMWFEESA-N	[H][C@]12CCC[C@@]([H])(CC(C1)N=C(O)C1=NN(C)C3=C1C=CC=C3O)N2C	N/A	N/A	N/A	37
367.1546	187822	M+K	9	328.1886	spiculisporate				NP				C17H28O6	N/A	469-77-2	N/A	N/A	N/A	N/A	73448.0	TUXHHVJPGQUPCF-DYVFJYSZSA-N	CCCCCCCCCCC(C(=O)O)C1(CCC(=O)O1)C(=O)O	N/A	N/A	N/A	38
367.1546	180978	M+H-H2O	1	384.1573	Versicone								C22H24O6	N/A	N/A	N/A	N/A	N/A	N/A	132543867.0	REPXYLYPEUTIIE-UHFFFAOYSA-N	CC1=CC2=C(C(=C1O)COC(C)(C)C=C)C(=O)C3=C(O2)C=CC(=C3OC)OC	N/A	N/A	N/A	39
367.1546	117039	M+H-H2O	1	384.1573	Dehydroporson							Food	C22H24O6	N/A	N/A	N/A	HMDB0041417	N/A	95815.0	131753137.0	ACTVOSXZOZQENN-UHFFFAOYSA-N	COC1=C2C=C(CC(=O)C(=O)CCCCC3=CC2=C(OC)C(OC)=C3O)C=C1	N/A	N/A	N/A	40
367.1546	17231	M+H-H2O	1	384.1573	Dihydroxy-dimethoxy-prenylflavanone							Food	C22H24O6	N/A	N/A	N/A	HMDB0040809	LMPK12140453	52935.0	42608012.0	LMJYCCOYYJEVOW-UHFFFAOYSA-N	COC1=C(OC)C(CC=C(C)C)=CC(=C1)C1CC(=O)C2=C(O)C=C(O)C=C2O1	N/A	N/A	N/A	41
367.1546	107928	M+H-H2O	1	384.1573	Ethylcubebin							Food	C22H24O6	N/A	N/A	N/A	HMDB0040834	N/A	95296.0	13939336.0	DPOGOONVHHNDDP-UHFFFAOYSA-N	CCOC1OCC(CC2=CC3=C(OCO3)C=C2)C1CC1=CC2=C(OCO2)C=C1	N/A	N/A	N/A	42
367.1546	51915	M+H-H2O	1	384.1573	Glicoisoflavanone							Food	C22H24O6	N/A	N/A	N/A	HMDB0035427	N/A	90716.0	131751746.0	CENDIAJZASJQBF-UHFFFAOYSA-N	COC1=C(CC=C(C)C)C(OC)=C(C2CC(=O)C3=C(O2)C=C(O)C=C3)C(O)=C1	N/A	N/A	N/A	43
367.1546	120307	M+H-H2O	1	384.1573	Kanzonol							Food	C22H24O6	N/A	N/A	N/A	HMDB0041100	N/A	95533.0	131753028.0	ANRYVYXUTFJPOR-UHFFFAOYSA-N	COC1=C2CC(COC2=C(C=O)C(O)=C1)C1=C(O)C(CC=C(C)C)=C(O)C=C1	N/A	N/A	N/A	44
367.1546	152250	M+H-H2O	1	384.1573	Schizandrin								C22H24O6	N/A	61301-33-5	C10893	N/A	N/A	68663.0	443027.0	HTBWBWWADZJXID-TXEJJXNPSA-N	COc1c2c(cc3c1-c1c(cc4c(c1OC)OCO4)C[C@@H](C)[C@@H](C)C3)OCO2	N/A	N/A	N/A	45
367.1546	17357	M+H-H2O	1	384.1573	Eriodictyol dimethyl ether prenyl ether								C22H24O6	N/A	N/A	N/A	N/A	LMPK12140584	53061.0	N/A	QWIIYBSNKMRSLQ-UHFFFAOYSA-N	CC(C)=CCOc1ccc(cc1OC)C1CC(=O)c2c(O)cc(cc2O1)OC	N/A	N/A	N/A	46
367.1546	12245	M+H-H2O	1	384.1573	Echinoisosophoranone				NP				C22H24O6	N/A	N/A	N/A	N/A	LMPK12050487	47991.0	N/A	IVDADZLYWFNWFZ-UHFFFAOYSA-N	COc1cc(O)c(cc1C1COc2cc(cc(O)c2C1=O)OC)C(C)(C)C=C	N/A	N/A	N/A	47
367.1546	44190 ; 41152	M+H-H2O	8	384.1607	LMSD{ ST 19:2;O3;S }								C19H28O6S	N/A	N/A	N/A	HMDB0000386 ; HMDB0062611	LMST05020022	57974.0	20848951.0	AWUIWQRSWWITFQ-LZRZFMTJSA-N ; ALBNSVAJDFJRKQ-DNKQKWOHSA-N	[H][C@@]12C[C@H](C[C@@]1(C)CC[C@@]1([H])[C@@]2([H])CCC2CC(O)=CC(=O)[C@]12C)OS(O)(=O)=O ; [H][C@@]1(O)C[C@@]2([H])[C@]3([H])CC=C4C[C@]([H])(CC[C@]4(C)[C@@]3([H])CC[C@]2(C)C1=O)OS(O)(=O)=O	N/A	N/A	N/A	48 ; 49
367.1546	165412	M+H-H2O	8	384.1607	Dihydroxyandrostenone sulfate								C19H28O6S	N/A	N/A	N/A	N/A	N/A	5323.0	N/A	N/A	N/A	N/A	N/A	N/A	50
367.1546	174778	M+H-H2O	8	384.1607	Hydroxy-oxoandrost-en-yl sulfate								C19H28O6S	N/A	N/A	N/A	N/A	N/A	4096.0	N/A	N/A	N/A	N/A	N/A	N/A	51
