Experimental mass	Identifier	Adduct	mz Error (ppm)	Molecular Weight	Name	Formula	Score 1	CAS	Kegg	HMDB	LipidMaps	Metlin	PubChem	InChIKey	SMILES	Pathways	Unnamed: 20	Unnamed: 21	_TPIDX
3339.0	0	M+H	0	0.0	No compounds found for experimental mass 3339.0 and adduct: M+H	N/A	N/A	N/A	N/A	N/A	N/A	N/A	N/A	N/A	N/A	N/A	N/A	N/A	0
3339.0	0	M+2H	0	0.0	No compounds found for experimental mass 3339.0 and adduct: M+2H	N/A	N/A	N/A	N/A	N/A	N/A	N/A	N/A	N/A	N/A	N/A	N/A	N/A	1
3339.0	0	M+Na	0	0.0	No compounds found for experimental mass 3339.0 and adduct: M+Na	N/A	N/A	N/A	N/A	N/A	N/A	N/A	N/A	N/A	N/A	N/A	N/A	N/A	2
3339.0	0	M+K	0	0.0	No compounds found for experimental mass 3339.0 and adduct: M+K	N/A	N/A	N/A	N/A	N/A	N/A	N/A	N/A	N/A	N/A	N/A	N/A	N/A	3
3339.0	0	M+H-H2O	0	0.0	No compounds found for experimental mass 3339.0 and adduct: M+H-H2O	N/A	N/A	N/A	N/A	N/A	N/A	N/A	N/A	N/A	N/A	N/A	N/A	N/A	4
3339.0	0	M+H+HCOONa	0	0.0	No compounds found for experimental mass 3339.0 and adduct: M+H+HCOONa	N/A	N/A	N/A	N/A	N/A	N/A	N/A	N/A	N/A	N/A	N/A	N/A	N/A	5
367.1546	16400	M+H	2	366.1467	Glychalcone A	C22H22O5	N/A	N/A	N/A	N/A	LMPK12120302	52105.0	N/A	QPRYWSHCBHNFJL-JXMROGBWSA-N	COc1ccc(cc1)/C=C/C(=O)c1c(O)c2C=CC(C)(C)Oc2cc1OC	N/A	N/A	N/A	6
367.1546	16408	M+H	2	366.1467	6'',6''-Dimethylpyrano[2'',3'':6',5']-2'-hydroxy-4,4'-dimethoxychalcone	C22H22O5	N/A	N/A	N/A	N/A	LMPK12120310	52113.0	N/A	VETSXWXDHHAXNB-JXMROGBWSA-N	COc1ccc(cc1)/C=C/C(=O)c1c(O)cc(OC)c2C=CC(C)(C)Oc21	N/A	N/A	N/A	7
367.1546	16155	M+H	2	366.1467	Xanthoangelol C	C22H22O5	N/A	N/A	N/A	N/A	LMPK12120056	51862.0	N/A	SXDGLCCGJJGJRY-FEUCYYSJSA-N	C/C(/CCC=O)=C\Cc1c(O)c(ccc1O)C(=O)/C=C/c1ccc(O)cc1	N/A	N/A	N/A	8
367.1546	11810	M+H	2	366.1467	7-Prenyloxy-3',4'-dimethoxyisoflavone	C22H22O5	N/A	N/A	N/A	N/A	LMPK12050051	47571.0	N/A	HSZOZDPOYZAYTH-UHFFFAOYSA-N	CC(C)=CCOc1cc2OC=C(C(=O)c2cc1)c1ccc(OC)c(c1)OC	N/A	N/A	N/A	9
367.1546	12873	M+H	2	366.1467	cis-Tephrostachin	C22H22O5	N/A	N/A	N/A	N/A	LMPK12110167	48600.0	N/A	CYPXFTCVCNFZNY-KHPPLWFESA-N	COc1cc(OC)c(/C=C\C(C)(C)O)c2OC(=CC(=O)c12)c1ccccc1	N/A	N/A	N/A	10
367.1546	12874	M+H	2	366.1467	trans-Tephrostachin	C22H22O5	N/A	N/A	N/A	N/A	LMPK12110168	48601.0	N/A	CYPXFTCVCNFZNY-ZHACJKMWSA-N	COc1cc(OC)c(/C=C/C(C)(C)O)c2OC(=CC(=O)c12)c1ccccc1	N/A	N/A	N/A	11
367.1546	16208	M+H	2	366.1467	3,4-Dimethoxylonchocarpin	C22H22O5	N/A	N/A	N/A	N/A	LMPK12120110	51915.0	N/A	NPDBZFZFFJSOFA-VMPITWQZSA-N	CC1(C)C=Cc2c(O)c(ccc2O1)C(=O)/C=C/c1cc(OC)c(cc1)OC	N/A	N/A	N/A	12
367.1546	16487	M+H	2	366.1467	Praecansone B	C22H22O5	N/A	N/A	N/A	N/A	LMPK12120390	52193.0	N/A	TUJSKSRZFNAELN-VBKFSLOCSA-N	COc1c(C(=O)/C=C(\O)/c2ccccc2)c(cc2OC(C)(C)C=Cc21)OC	N/A	N/A	N/A	13
367.1546	12448	M+H	2	366.1467	Edulenane	C22H22O5	N/A	N/A	N/A	N/A	LMPK12070101	48189.0	N/A	NURXAZUGLCCIRI-UHFFFAOYSA-N	CC1(C)C=Cc2c(cc3OCC4C(Oc5cc(ccc54)OC)c3c2OC)O1	N/A	N/A	N/A	14
367.1546	17329	M+H	2	366.1467	Glyflavanone A	C22H22O5	N/A	N/A	N/A	N/A	LMPK12140556	53033.0	N/A	BIVJHZMNOBBBLR-KRWDZBQOSA-N	COc1ccc(cc1)[C@@H]1CC(=O)c2c(O1)c1C=CC(C)(C)Oc1cc2OC	N/A	N/A	N/A	15
367.1546	16858	M+H	2	366.1467	O-Methylovaliflavanone C	C22H22O5	N/A	N/A	N/A	N/A	LMPK12140071	52561.0	N/A	NNVYSMQXBRNCKE-UHFFFAOYSA-N	CC(C)=CCc1c2OC(CC(=O)c2ccc1OC)c1cc2OCOc2cc1	N/A	N/A	N/A	16
367.1546	16861	M+H	2	366.1467	Ponganone III	C22H22O5	N/A	N/A	N/A	N/A	LMPK12140074	52564.0	N/A	WBKMMUGBIOVPMR-IBGZPJMESA-N	CC1(C)C=Cc2c3O[C@@H](CC(=O)c3ccc2O1)c1cc(OC)c(cc1)OC	N/A	N/A	N/A	17
367.1546	123655	M+H	2	366.1467	Curcumin II	C22H22O5	N/A	N/A	N/A	HMDB0039610	N/A	94167.0	131752690.0	RGMADVSAJHLTDE-MFDSWNTHSA-N	COC1=C(O)C=CC(C\C=C\C(=O)CC(=O)\C=C/CC2=CC=C(O)C=C2)=C1	N/A	N/A	N/A	18
367.1546	121502	M+H	2	366.1467	1-(4-hydroxy-3-methoxyphenyl)-3-(5-methoxy-2,2-dimethyl-2H-chromen-6-yl)prop-2-en-1-one	C22H22O5	N/A	N/A	N/A	HMDB0125864	N/A	N/A	N/A	NYUYPIWWVVFMRK-UHFFFAOYSA-N	COC1=C(O)C=CC(=C1)C(=O)C=CC1=C(OC)C2=C(OC(C)(C)C=C2)C=C1	N/A	N/A	N/A	19
367.1546	189454	M+H	2	366.1467	Asperteretal E	C22H22O5	N/A	N/A	N/A	N/A	N/A	N/A	145964658.0	QCPXFZKWSHOJCI-UHFFFAOYSA-N	CC1(C)CCC2=C(C=CC(CC3=C(C4=CC=C(O)C=C4)C(O)OC3=O)=C2)O1	N/A	N/A	N/A	20
367.1546	0	M+2H	0	0.0	No compounds found for experimental mass 367.15456 and adduct: M+2H	N/A	N/A	N/A	N/A	N/A	N/A	N/A	N/A	N/A	N/A	N/A	N/A	N/A	21
367.1546	53783	M+Na	9	344.1624	3-Dehydronobilin	C20H24O5	N/A	N/A	N/A	HMDB0036691	N/A	91727.0	131752038.0	FKDIIXZIKCNXAT-QLDBJWRKSA-N	C\C=C(\C)C(=O)OC1C\C(C)=C\CC(=O)\C(C)=C\C2OC(=O)C(=C)C12	N/A	N/A	N/A	22
367.1546	120874	M+Na	9	344.1624	5-(6-Hydroxy-3,7-dimethyl-2,7-octadienyloxy)-7-methoxycoumarin	C20H24O5	N/A	N/A	N/A	HMDB0032955	N/A	88854.0	131751351.0	KQPVSSJMHATTGK-NTEUORMPSA-N	COC1=CC(OC\C=C(/C)CCC(O)C(C)=C)=C2C=CC(=O)OC2=C1	N/A	N/A	N/A	23
367.1546	132678	M+Na	9	344.1624	Malabaricano	C20H24O5	N/A	74683-16-2	N/A	HMDB0034179	N/A	89758.0	13870570.0	GMXMKSFJQLFOSO-UHFFFAOYSA-N	COC1=C(O)C=CC(=C1)C1OC(C(C)C1C)C1=CC(OC)=C(O)C=C1	N/A	N/A	N/A	24
367.1546	83783	M+Na	9	344.1624	(1(10)E,4E,6a,8b)-8-Angeloyloxy-14-oxo-1(10),4,11(13)-germacratrien-12,6-olide	C20H24O5	N/A	N/A	N/A	HMDB0031889	N/A	88006.0	131751200.0	LLFFQXOEXCHHKX-VICSYAIFSA-N	C\C=C(\C)C(=O)OC1C\C(C=O)=C/CC\C(C)=C\C2OC(=O)C(=C)C12	N/A	N/A	N/A	25
367.1546	73550	M+Na	9	344.1624	2-(4-Allyl-2-methoxyphenoxy)-1-(4-hydroxy-3-methoxyphenyl)-1-propanol	C20H24O5	N/A	N/A	N/A	HMDB0031753	N/A	87919.0	14015408.0	PDALBPBLFWHDRD-UHFFFAOYSA-N	COC1=C(O)C=CC(=C1)C(O)C(C)OC1=C(OC)C=C(CC=C)C=C1	N/A	N/A	N/A	26
367.1546	129895	M+Na	9	344.1624	Isoachifolidiene	C20H24O5	N/A	N/A	N/A	HMDB0038690	N/A	93345.0	131752430.0	ITEVGBFEXWVGSM-UXBLZVDNSA-N	C\C=C(/C)C(=O)OC1CC2C(OC(=O)C2=C)C2C(C)=CC=C2C1(C)O	N/A	N/A	N/A	27
367.1546	63882	M+Na	9	344.1624	Rosmadial	C20H24O5	N/A	N/A	N/A	HMDB0038219	N/A	92948.0	72996596.0	JBWRHBJFAVSAMJ-UHFFFAOYSA-N	CC(C)C1=C(O)C2=C(C(C=O)=C1)C1(CCCC(C)(C)C1C=O)C(=O)O2	N/A	N/A	N/A	28
367.1546	82389	M+Na	9	344.1624	Safficinolide	C20H24O5	N/A	N/A	N/A	HMDB0040421	N/A	94929.0	85152699.0	VBEKTSBYXBBXEO-UHFFFAOYSA-N	CC(C)C1=C(O)C2=C(C(C=O)=C1)C1(CCCC(C)(C)C1C(=O)O2)C=O	N/A	N/A	N/A	29
367.1546	122845	M+Na	9	344.1624	Columbaridione	C20H24O5	N/A	N/A	N/A	HMDB0040388	N/A	94900.0	N/A	ZGIOOTXNBWWRKD-UHFFFAOYSA-N	CC(C)C1=C(O)C(=O)C2=C(C3CC4C(C)(C)CCCC24C(=O)O3)C1=O	N/A	N/A	N/A	30
367.1546	82231	M+Na	9	344.1624	5-[(6-hydroxy-3,7-dimethylocta-2,7-dien-1-yl)oxy]-7-methoxy-2H-chromen-2-one	C20H24O5	N/A	N/A	N/A	HMDB0136701	N/A	N/A	N/A	KQPVSSJMHATTGK-UHFFFAOYSA-N	COC1=CC(OCC=C(C)CCC(O)C(C)=C)=C2C=CC(=O)OC2=C1	N/A	N/A	N/A	31
367.1546	171439	M+Na	9	344.1624	16-Hydroxy-4-carboxyretinoic acid	C20H24O5	N/A	99665-36-8	N/A	N/A	N/A	2286.0	N/A	N/A	N/A	N/A	N/A	N/A	32
367.1546	100986	M+K	0	328.1913	8-O-Methyloblongine	C20H26NO3	N/A	152230-58-5	N/A	HMDB0034579	N/A	90043.0	131751584.0	QZJMBSSODVCTRD-UHFFFAOYSA-O	COC1=C(OC)C2=C(CC[N+](C)(C)C2CC2=CC=C(O)C=C2)C=C1	N/A	N/A	N/A	33
367.1546	170346	M+K	4	328.1899	endo-1-methyl-N-(9-methyl-9-azabicyclo[3.3.1]non-3-yl)-N-oxide	C18H24N4O2	N/A	160177-68-4	N/A	N/A	N/A	3142.0	N/A	N/A	N/A	N/A	N/A	N/A	34
367.1546	170347	M+K	4	328.1899	9-Azabicyclo[3.3.1]nonane, 1H-indazole-3-carboxamide deriv.	C18H24N4O2	N/A	133841-15-3	N/A	N/A	N/A	3144.0	N/A	N/A	N/A	N/A	N/A	N/A	35
367.1546	170348	M+K	4	328.1899	Granisetron metabolite 3	C18H24N4O2	N/A	N/A	N/A	N/A	N/A	3147.0	N/A	N/A	N/A	N/A	N/A	N/A	36
367.1546	89433	M+K	4	328.1899	7-hydroxygranisetron	C18H24N4O2	N/A	N/A	N/A	HMDB0061062	N/A	N/A	46233635.0	AJEBHUMZPBDLQF-STQMWFEESA-N	[H][C@]12CCC[C@@]([H])(CC(C1)N=C(O)C1=NN(C)C3=C1C=CC=C3O)N2C	N/A	N/A	N/A	37
367.1546	187822	M+K	9	328.1886	spiculisporic acid	C17H28O6	N/A	469-77-2	N/A	N/A	N/A	N/A	73448.0	TUXHHVJPGQUPCF-DYVFJYSZSA-N	CCCCCCCCCCC(C(=O)O)C1(CCC(=O)O1)C(=O)O	N/A	N/A	N/A	38
367.1546	180978	M+H-H2O	1	384.1573	Versicone F	C22H24O6	N/A	N/A	N/A	N/A	N/A	N/A	132543867.0	REPXYLYPEUTIIE-UHFFFAOYSA-N	CC1=CC2=C(C(=C1O)COC(C)(C)C=C)C(=O)C3=C(O2)C=CC(=C3OC)OC	N/A	N/A	N/A	39
367.1546	117039	M+H-H2O	1	384.1573	12-Dehydroporson	C22H24O6	N/A	N/A	N/A	HMDB0041417	N/A	95815.0	131753137.0	ACTVOSXZOZQENN-UHFFFAOYSA-N	COC1=C2C=C(CC(=O)C(=O)CCCCC3=CC2=C(OC)C(OC)=C3O)C=C1	N/A	N/A	N/A	40
367.1546	17231	M+H-H2O	1	384.1573	5,7-Dihydroxy-3',4'-dimethoxy-5'-prenylflavanone	C22H24O6	N/A	N/A	N/A	HMDB0040809	LMPK12140453	52935.0	42608012.0	LMJYCCOYYJEVOW-UHFFFAOYSA-N	COC1=C(OC)C(CC=C(C)C)=CC(=C1)C1CC(=O)C2=C(O)C=C(O)C=C2O1	N/A	N/A	N/A	41
367.1546	107928	M+H-H2O	1	384.1573	O-Ethylcubebin	C22H24O6	N/A	N/A	N/A	HMDB0040834	N/A	95296.0	13939336.0	DPOGOONVHHNDDP-UHFFFAOYSA-N	CCOC1OCC(CC2=CC3=C(OCO3)C=C2)C1CC1=CC2=C(OCO2)C=C1	N/A	N/A	N/A	42
367.1546	51915	M+H-H2O	1	384.1573	Glicoisoflavanone	C22H24O6	N/A	N/A	N/A	HMDB0035427	N/A	90716.0	131751746.0	CENDIAJZASJQBF-UHFFFAOYSA-N	COC1=C(CC=C(C)C)C(OC)=C(C2CC(=O)C3=C(O2)C=C(O)C=C3)C(O)=C1	N/A	N/A	N/A	43
367.1546	120307	M+H-H2O	1	384.1573	Kanzonol N	C22H24O6	N/A	N/A	N/A	HMDB0041100	N/A	95533.0	131753028.0	ANRYVYXUTFJPOR-UHFFFAOYSA-N	COC1=C2CC(COC2=C(C=O)C(O)=C1)C1=C(O)C(CC=C(C)C)=C(O)C=C1	N/A	N/A	N/A	44
367.1546	152250	M+H-H2O	1	384.1573	Schizandrin C	C22H24O6	N/A	61301-33-5	C10893	N/A	N/A	68663.0	443027.0	HTBWBWWADZJXID-TXEJJXNPSA-N	COc1c2c(cc3c1-c1c(cc4c(c1OC)OCO4)C[C@@H](C)[C@@H](C)C3)OCO2	N/A	N/A	N/A	45
367.1546	17357	M+H-H2O	1	384.1573	Eriodictyol 7,3'-dimethyl ether 4'-prenyl ether	C22H24O6	N/A	N/A	N/A	N/A	LMPK12140584	53061.0	N/A	QWIIYBSNKMRSLQ-UHFFFAOYSA-N	CC(C)=CCOc1ccc(cc1OC)C1CC(=O)c2c(O)cc(cc2O1)OC	N/A	N/A	N/A	46
367.1546	12245	M+H-H2O	1	384.1573	Echinoisosophoranone	C22H24O6	N/A	N/A	N/A	N/A	LMPK12050487	47991.0	N/A	IVDADZLYWFNWFZ-UHFFFAOYSA-N	COc1cc(O)c(cc1C1COc2cc(cc(O)c2C1=O)OC)C(C)(C)C=C	N/A	N/A	N/A	47
367.1546	44190	M+H-H2O	8	384.1607	3b,16a-Dihydroxyandrostenone sulfate	C19H28O6S	N/A	N/A	N/A	HMDB0000386	N/A	N/A	N/A	AWUIWQRSWWITFQ-LZRZFMTJSA-N	[H][C@@]12C[C@H](C[C@@]1(C)CC[C@@]1([H])[C@@]2([H])CCC2CC(O)=CC(=O)[C@]12C)OS(O)(=O)=O	N/A	N/A	N/A	48
367.1546	41152	M+H-H2O	8	384.1607	3b,16a-Dihydroxyandrostenone sulfate	C19H28O6S	N/A	N/A	N/A	HMDB0062611	LMST05020022	57974.0	20848951.0	ALBNSVAJDFJRKQ-DNKQKWOHSA-N	[H][C@@]1(O)C[C@@]2([H])[C@]3([H])CC=C4C[C@]([H])(CC[C@]4(C)[C@@]3([H])CC[C@]2(C)C1=O)OS(O)(=O)=O	N/A	N/A	N/A	49
367.1546	165412	M+H-H2O	8	384.1607	3b,16b-Dihydroxyandrostenone sulfate	C19H28O6S	N/A	N/A	N/A	N/A	N/A	5323.0	N/A	N/A	N/A	N/A	N/A	N/A	50
367.1546	174778	M+H-H2O	8	384.1607	19-Hydroxy-17-oxoandrost-5-en-3-beta-yl sulfate	C19H28O6S	N/A	N/A	N/A	N/A	N/A	4096.0	N/A	N/A	N/A	N/A	N/A	N/A	51
367.1546	0	M+H+HCOONa	0	0.0	No compounds found for experimental mass 367.15456 and adduct: M+H+HCOONa	N/A	N/A	N/A	N/A	N/A	N/A	N/A	N/A	N/A	N/A	N/A	N/A	N/A	52
0.647	0	M+H	0	0.0	No compounds found for experimental mass 0.647 and adduct: M+H	N/A	N/A	N/A	N/A	N/A	N/A	N/A	N/A	N/A	N/A	N/A	N/A	N/A	53
0.647	0	M+2H	0	0.0	No compounds found for experimental mass 0.647 and adduct: M+2H	N/A	N/A	N/A	N/A	N/A	N/A	N/A	N/A	N/A	N/A	N/A	N/A	N/A	54
0.647	0	M+Na	0	0.0	No compounds found for experimental mass 0.647 and adduct: M+Na	N/A	N/A	N/A	N/A	N/A	N/A	N/A	N/A	N/A	N/A	N/A	N/A	N/A	55
0.647	0	M+K	0	0.0	No compounds found for experimental mass 0.647 and adduct: M+K	N/A	N/A	N/A	N/A	N/A	N/A	N/A	N/A	N/A	N/A	N/A	N/A	N/A	56
0.647	0	M+H-H2O	0	0.0	No compounds found for experimental mass 0.647 and adduct: M+H-H2O	N/A	N/A	N/A	N/A	N/A	N/A	N/A	N/A	N/A	N/A	N/A	N/A	N/A	57
0.647	0	M+H+HCOONa	0	0.0	No compounds found for experimental mass 0.647 and adduct: M+H+HCOONa	N/A	N/A	N/A	N/A	N/A	N/A	N/A	N/A	N/A	N/A	N/A	N/A	N/A	58
3364.0	0	M+H	0	0.0	No compounds found for experimental mass 3364.0 and adduct: M+H	N/A	N/A	N/A	N/A	N/A	N/A	N/A	N/A	N/A	N/A	N/A	N/A	N/A	59
3364.0	0	M+2H	0	0.0	No compounds found for experimental mass 3364.0 and adduct: M+2H	N/A	N/A	N/A	N/A	N/A	N/A	N/A	N/A	N/A	N/A	N/A	N/A	N/A	60
3364.0	0	M+Na	0	0.0	No compounds found for experimental mass 3364.0 and adduct: M+Na	N/A	N/A	N/A	N/A	N/A	N/A	N/A	N/A	N/A	N/A	N/A	N/A	N/A	61
3364.0	0	M+K	0	0.0	No compounds found for experimental mass 3364.0 and adduct: M+K	N/A	N/A	N/A	N/A	N/A	N/A	N/A	N/A	N/A	N/A	N/A	N/A	N/A	62
3364.0	0	M+H-H2O	0	0.0	No compounds found for experimental mass 3364.0 and adduct: M+H-H2O	N/A	N/A	N/A	N/A	N/A	N/A	N/A	N/A	N/A	N/A	N/A	N/A	N/A	63
3364.0	0	M+H+HCOONa	0	0.0	No compounds found for experimental mass 3364.0 and adduct: M+H+HCOONa	N/A	N/A	N/A	N/A	N/A	N/A	N/A	N/A	N/A	N/A	N/A	N/A	N/A	64
344.2218	65925	M+H	1	343.2147	Piperolein B	C21H29NO3	N/A	N/A	N/A	HMDB0030340	N/A	86902.0	21580213.0	FAXXHNWVMKTOFF-UXBLZVDNSA-N	O=C(CCCCCC\C=C\C1=CC2=C(OCO2)C=C1)N1CCCCC1	N/A	N/A	N/A	65
344.2218	85677	M+H	1	343.2147	Isopiperolein B	C21H29NO3	N/A	N/A	N/A	HMDB0033959	N/A	89641.0	16041826.0	HRMXETZEKQCWBC-UXBLZVDNSA-N	O=C(CCCCCCC\C=C\C1=CC2=C(OCO2)C=C1)N1CCCC1	N/A	N/A	N/A	66
344.2218	0	M+2H	0	0.0	No compounds found for experimental mass 344.22184 and adduct: M+2H	N/A	N/A	N/A	N/A	N/A	N/A	N/A	N/A	N/A	N/A	N/A	N/A	N/A	67
344.2218	180896	M+Na	7	321.2304	13-O-Methylviriditin	C19H31NO3	N/A	N/A	N/A	N/A	N/A	N/A	10591878.0	XSMAAHDDIFGBIA-UEGIDPSHSA-N	CCCCC(C=C(C)C=CC=CC(=O)N1CCCC1CO)OC	N/A	N/A	N/A	68
344.2218	47385	M+Na	7	321.2304	Homodihydrocapsaicin	C19H31NO3	N/A	20279-06-5	N/A	HMDB0036330	N/A	91474.0	3084336.0	AKDLSISGGARWFP-UHFFFAOYSA-N	COC1=CC(CNC(=O)CCCCCCCC(C)C)=CC=C1O	N/A	N/A	N/A	69
344.2218	187759	M+Na	7	321.2304	O-Methylviriditin	C19H31NO3	N/A	287102-34-5	N/A	N/A	N/A	N/A	N/A	XSMAAHDDIFGBIA-UEGIDPSHNA-N	C1CC[C@@H](N1C(=O)/C=C/C=C/C(=C/[C@H](CCCC)OC)/C)CO	N/A	N/A	N/A	70
344.2218	0	M+K	0	0.0	No compounds found for experimental mass 344.22184 and adduct: M+K	N/A	N/A	N/A	N/A	N/A	N/A	N/A	N/A	N/A	N/A	N/A	N/A	N/A	71
344.2218	0	M+H-H2O	0	0.0	No compounds found for experimental mass 344.22184 and adduct: M+H-H2O	N/A	N/A	N/A	N/A	N/A	N/A	N/A	N/A	N/A	N/A	N/A	N/A	N/A	72
344.2218	189455	M+H+HCOONa	9	275.2249	Asperidine A	C18H29NO	N/A	N/A	N/A	N/A	N/A	N/A	146684014.0	ZWOWUVBTGMGXFA-SQNIBIBYSA-N	CCCCCCC[C@@H]1C[C@H](O)[C@H](CC2=CC=CC=C2)N1	N/A	N/A	N/A	73
0.649	0	M+H	0	0.0	No compounds found for experimental mass 0.649 and adduct: M+H	N/A	N/A	N/A	N/A	N/A	N/A	N/A	N/A	N/A	N/A	N/A	N/A	N/A	74
0.649	0	M+2H	0	0.0	No compounds found for experimental mass 0.649 and adduct: M+2H	N/A	N/A	N/A	N/A	N/A	N/A	N/A	N/A	N/A	N/A	N/A	N/A	N/A	75
0.649	0	M+Na	0	0.0	No compounds found for experimental mass 0.649 and adduct: M+Na	N/A	N/A	N/A	N/A	N/A	N/A	N/A	N/A	N/A	N/A	N/A	N/A	N/A	76
0.649	0	M+K	0	0.0	No compounds found for experimental mass 0.649 and adduct: M+K	N/A	N/A	N/A	N/A	N/A	N/A	N/A	N/A	N/A	N/A	N/A	N/A	N/A	77
0.649	0	M+H-H2O	0	0.0	No compounds found for experimental mass 0.649 and adduct: M+H-H2O	N/A	N/A	N/A	N/A	N/A	N/A	N/A	N/A	N/A	N/A	N/A	N/A	N/A	78
0.649	0	M+H+HCOONa	0	0.0	No compounds found for experimental mass 0.649 and adduct: M+H+HCOONa	N/A	N/A	N/A	N/A	N/A	N/A	N/A	N/A	N/A	N/A	N/A	N/A	N/A	79
10528.0	0	M+H	0	0.0	No compounds found for experimental mass 10528.0 and adduct: M+H	N/A	N/A	N/A	N/A	N/A	N/A	N/A	N/A	N/A	N/A	N/A	N/A	N/A	80
10528.0	0	M+2H	0	0.0	No compounds found for experimental mass 10528.0 and adduct: M+2H	N/A	N/A	N/A	N/A	N/A	N/A	N/A	N/A	N/A	N/A	N/A	N/A	N/A	81
10528.0	0	M+Na	0	0.0	No compounds found for experimental mass 10528.0 and adduct: M+Na	N/A	N/A	N/A	N/A	N/A	N/A	N/A	N/A	N/A	N/A	N/A	N/A	N/A	82
10528.0	0	M+K	0	0.0	No compounds found for experimental mass 10528.0 and adduct: M+K	N/A	N/A	N/A	N/A	N/A	N/A	N/A	N/A	N/A	N/A	N/A	N/A	N/A	83
10528.0	0	M+H-H2O	0	0.0	No compounds found for experimental mass 10528.0 and adduct: M+H-H2O	N/A	N/A	N/A	N/A	N/A	N/A	N/A	N/A	N/A	N/A	N/A	N/A	N/A	84
10528.0	0	M+H+HCOONa	0	0.0	No compounds found for experimental mass 10528.0 and adduct: M+H+HCOONa	N/A	N/A	N/A	N/A	N/A	N/A	N/A	N/A	N/A	N/A	N/A	N/A	N/A	85
164.1362	0	M+H	0	0.0	No compounds found for experimental mass 164.13624 and adduct: M+H	N/A	N/A	N/A	N/A	N/A	N/A	N/A	N/A	N/A	N/A	N/A	N/A	N/A	86
164.1362	0	M+2H	0	0.0	No compounds found for experimental mass 164.13624 and adduct: M+2H	N/A	N/A	N/A	N/A	N/A	N/A	N/A	N/A	N/A	N/A	N/A	N/A	N/A	87
164.1362	0	M+Na	0	0.0	No compounds found for experimental mass 164.13624 and adduct: M+Na	N/A	N/A	N/A	N/A	N/A	N/A	N/A	N/A	N/A	N/A	N/A	N/A	N/A	88
164.1362	0	M+K	0	0.0	No compounds found for experimental mass 164.13624 and adduct: M+K	N/A	N/A	N/A	N/A	N/A	N/A	N/A	N/A	N/A	N/A	N/A	N/A	N/A	89
164.1362	0	M+H-H2O	0	0.0	No compounds found for experimental mass 164.13624 and adduct: M+H-H2O	N/A	N/A	N/A	N/A	N/A	N/A	N/A	N/A	N/A	N/A	N/A	N/A	N/A	90
164.1362	0	M+H+HCOONa	0	0.0	No compounds found for experimental mass 164.13624 and adduct: M+H+HCOONa	N/A	N/A	N/A	N/A	N/A	N/A	N/A	N/A	N/A	N/A	N/A	N/A	N/A	91
1.866	0	M+H	0	0.0	No compounds found for experimental mass 1.866 and adduct: M+H	N/A	N/A	N/A	N/A	N/A	N/A	N/A	N/A	N/A	N/A	N/A	N/A	N/A	92
1.866	0	M+2H	0	0.0	No compounds found for experimental mass 1.866 and adduct: M+2H	N/A	N/A	N/A	N/A	N/A	N/A	N/A	N/A	N/A	N/A	N/A	N/A	N/A	93
1.866	0	M+Na	0	0.0	No compounds found for experimental mass 1.866 and adduct: M+Na	N/A	N/A	N/A	N/A	N/A	N/A	N/A	N/A	N/A	N/A	N/A	N/A	N/A	94
1.866	0	M+K	0	0.0	No compounds found for experimental mass 1.866 and adduct: M+K	N/A	N/A	N/A	N/A	N/A	N/A	N/A	N/A	N/A	N/A	N/A	N/A	N/A	95
1.866	0	M+H-H2O	0	0.0	No compounds found for experimental mass 1.866 and adduct: M+H-H2O	N/A	N/A	N/A	N/A	N/A	N/A	N/A	N/A	N/A	N/A	N/A	N/A	N/A	96
1.866	0	M+H+HCOONa	0	0.0	No compounds found for experimental mass 1.866 and adduct: M+H+HCOONa	N/A	N/A	N/A	N/A	N/A	N/A	N/A	N/A	N/A	N/A	N/A	N/A	N/A	97
12114.0	0	M+H	0	0.0	No compounds found for experimental mass 12114.0 and adduct: M+H	N/A	N/A	N/A	N/A	N/A	N/A	N/A	N/A	N/A	N/A	N/A	N/A	N/A	98
12114.0	0	M+2H	0	0.0	No compounds found for experimental mass 12114.0 and adduct: M+2H	N/A	N/A	N/A	N/A	N/A	N/A	N/A	N/A	N/A	N/A	N/A	N/A	N/A	99
12114.0	0	M+Na	0	0.0	No compounds found for experimental mass 12114.0 and adduct: M+Na	N/A	N/A	N/A	N/A	N/A	N/A	N/A	N/A	N/A	N/A	N/A	N/A	N/A	100
12114.0	0	M+K	0	0.0	No compounds found for experimental mass 12114.0 and adduct: M+K	N/A	N/A	N/A	N/A	N/A	N/A	N/A	N/A	N/A	N/A	N/A	N/A	N/A	101
12114.0	0	M+H-H2O	0	0.0	No compounds found for experimental mass 12114.0 and adduct: M+H-H2O	N/A	N/A	N/A	N/A	N/A	N/A	N/A	N/A	N/A	N/A	N/A	N/A	N/A	102
12114.0	0	M+H+HCOONa	0	0.0	No compounds found for experimental mass 12114.0 and adduct: M+H+HCOONa	N/A	N/A	N/A	N/A	N/A	N/A	N/A	N/A	N/A	N/A	N/A	N/A	N/A	103
136.0505	0	M+H	0	0.0	No compounds found for experimental mass 136.05054 and adduct: M+H	N/A	N/A	N/A	N/A	N/A	N/A	N/A	N/A	N/A	N/A	N/A	N/A	N/A	104
136.0505	167712	M+2H	5	270.0852	Chloramphenicol alcohol	C11H14N2O6	N/A	23885-72-5	N/A	N/A	N/A	638.0	N/A	N/A	N/A	N/A	N/A	N/A	105
136.0505	157832	M+2H	5	270.0852	Clitidine	C11H14N2O6	N/A	63592-84-7	C19977	N/A	N/A	73464.0	N/A	FYEBWHCXONMZDU-ZYUZMQFOSA-N	N=c1ccn([C@@H]2O[C@H](CO)[C@@H](O)[C@H]2O)cc1C(=O)O	N/A	N/A	N/A	106
136.0505	159999	M+2H	4	270.0877	Cadusafos	C10H23O2PS2	N/A	95465-99-9	C18395	N/A	N/A	72204.0	91752.0	KXRPCFINVWWFHQ-UHFFFAOYSA-N	CCOP(=O)(SC(C)CC)SC(C)CC	N/A	N/A	N/A	107
136.0505	160100	M+2H	7	270.0883	Nitenpyram	C11H15ClN4O2	N/A	150824-47-8	C18511	N/A	N/A	72317.0	3034287.0	CFRPSFYHXJZSBI-DHZHZOJOSA-N	CCN(Cc1ccc(Cl)nc1)/C(=C/[N+](=O)[O-])NC	N/A	N/A	N/A	108
136.0505	188450	M+2H	10	270.0892	Anhydroasperflavin	C16H14O4	N/A	N/A	N/A	N/A	N/A	N/A	53440463.0	LIERHHLUYBZDDS-UHFFFAOYSA-N	CC1=CC(=C2C(=C1)CC3=CC(=CC(=C3C2=O)OC)O)O	N/A	N/A	N/A	109
136.0505	162375	M+2H	10	270.0892	Pinostrobin	C16H14O4	N/A	480-37-5	C16419	N/A	N/A	64202.0	73201.0	ORJDDOBAOGKRJV-AWEZNQCLSA-N	COc1cc(O)c2c(c1)O[C@H](c1ccccc1)CC2=O	Flavonoid biosynthesis	N/A	N/A	110
136.0505	159437	M+2H	10	270.0892	(+)-Medicarpin	C16H14O4	N/A	33983-39-0	C01729	N/A	N/A	N/A	73067.0	NSRJSISNDPOJOP-CZUORRHYSA-N	COc1ccc2c(c1)O[C@@H]1c3ccc(O)cc3OC[C@H]21	N/A	N/A	N/A	111
136.0505	59648	M+2H	10	270.0892	7-hydroxy-3-(3-methoxyphenyl)-3,4-dihydro-2H-1-benzopyran-4-one	C16H14O4	N/A	N/A	N/A	HMDB0130388	N/A	N/A	131836532.0	GGQVNWUSOPKTTG-UHFFFAOYSA-N	COC1=CC=CC(=C1)C1COC2=C(C=CC(O)=C2)C1=O	N/A	N/A	N/A	112
136.0505	112657	M+2H	10	270.0892	(2E)-1-(2,3-dihydroxy-4-methoxyphenyl)-3-phenylprop-2-en-1-one	C16H14O4	N/A	N/A	N/A	HMDB0133975	N/A	N/A	122463450.0	SYVRRIJAJHSVEI-VQHVLOKHSA-N	[H]\C(=C(\[H])C1=CC=CC=C1)C(=O)C1=C(O)C(O)=C(OC)C=C1	N/A	N/A	N/A	113
136.0505	86323	M+2H	10	270.0892	3-(3-hydroxyphenyl)-7-methoxy-3,4-dihydro-2H-1-benzopyran-4-one	C16H14O4	N/A	N/A	N/A	HMDB0130377	N/A	N/A	131836527.0	YIESBSIOLOKHNW-UHFFFAOYSA-N	COC1=CC2=C(C=C1)C(=O)C(CO2)C1=CC(O)=CC=C1	N/A	N/A	N/A	114
136.0505	144478	M+2H	10	270.0892	7-hydroxy-6-methoxy-3-phenyl-3,4-dihydro-2H-1-benzopyran-4-one	C16H14O4	N/A	N/A	N/A	HMDB0132860	N/A	N/A	131836889.0	GNCWVKDFWQPEOV-UHFFFAOYSA-N	COC1=C(O)C=C2OCC(C(=O)C2=C1)C1=CC=CC=C1	N/A	N/A	N/A	115
136.0505	16243	M+2H	10	270.0892	Larrein	C16H14O4	N/A	N/A	N/A	HMDB0133977	LMPK12120145	51949.0	9993268.0	RMVZCGQXCSTLFG-VQHVLOKHSA-N	[H]\C(=C(\[H])C1=CC=CC=C1)C(=O)C1=C(O)C(OC)=C(O)C=C1	N/A	N/A	N/A	116
136.0505	133067	M+2H	10	270.0892	8-hydroxy-7-methoxy-2-phenyl-3,4-dihydro-2H-1-benzopyran-4-one	C16H14O4	N/A	N/A	N/A	HMDB0133301	N/A	N/A	131837234.0	QLBDCTULFKHTMI-UHFFFAOYSA-N	COC1=C(O)C2=C(C=C1)C(=O)CC(O2)C1=CC=CC=C1	N/A	N/A	N/A	117
136.0505	16343	M+2H	10	270.0892	Cardamonin	C16H14O4	N/A	N/A	N/A	HMDB0132913	LMPK12120245	52049.0	641785.0	NYSZJNUIVUBQMM-BQYQJAHWSA-N	[H]C(=C([H])C1=CC=CC=C1)C(=O)C1=C(O)C=C(O)C=C1OC	N/A	N/A	N/A	118
136.0505	16876	M+2H	10	270.0892	7-Hydroxy-8-methoxyflavanone	C16H14O4	N/A	N/A	N/A	HMDB0133289	LMPK12140089	52579.0	42607832.0	FYIPCBNZSKNQSP-UHFFFAOYSA-N	COC1=C(O)C=CC2=C1OC(CC2=O)C1=CC=CC=C1	N/A	N/A	N/A	119
136.0505	101654	M+2H	10	270.0892	Imperatorin	C16H14O4	N/A	482-44-0	C09269	HMDB0034376	N/A	67564.0	10212.0	OLOOJGVNMBJLLR-UHFFFAOYSA-N	CC(C)=CCOC1=C2OC(=O)C=CC2=CC2=C1OC=C2	N/A	N/A	N/A	120
136.0505	145709	M+2H	10	270.0892	4-O-Methylpinosylvic acid	C16H14O4	N/A	N/A	N/A	HMDB0040868	N/A	95323.0	67322417.0	PICDNGANOHNCPT-BQYQJAHWSA-N	COC1=CC(O)=C(C(O)=O)C(\C=C\C2=CC=CC=C2)=C1	N/A	N/A	N/A	121
136.0505	16196	M+2H	10	270.0892	Isoliquiritigenin 2'-methy ether	C16H14O4	N/A	N/A	C15531	HMDB0037319	LMPK12120098	51903.0	5319688.0	PACBGANPVNHGNP-RUDMXATFSA-N	COC1=C(C=CC(O)=C1)C(=O)\C=C\C1=CC=C(O)C=C1	N/A	N/A	N/A	122
136.0505	75095	M+2H	10	270.0892	3,5-Dimethoxy-2,7-phenanthrenediol	C16H14O4	N/A	N/A	N/A	HMDB0031612	N/A	87807.0	44572330.0	YKFWCNBTQYCJQV-UHFFFAOYSA-N	COC1=C(O)C=C2C=CC3=CC(O)=CC(OC)=C3C2=C1	N/A	N/A	N/A	123
136.0505	12377	M+2H	10	270.0892	Isomedicarpin	C16H14O4	N/A	N/A	N/A	HMDB0033305	LMPK12070030	48119.0	13803637.0	YHZDBBUEVZEOIY-UHFFFAOYSA-N	COC1=CC=C2C3OC4=CC(O)=CC=C4C3COC2=C1	N/A	N/A	N/A	124
136.0505	17511	M+2H	10	270.0892	Vignafuran	C16H14O4	N/A	57800-41-6	C08993	HMDB0033940	LMPK12160036	53209.0	441958.0	YCDZKMJZSGRQML-UHFFFAOYSA-N	COC1=CC2=C(C=C(O2)C2=C(OC)C=C(O)C=C2)C=C1	N/A	N/A	N/A	125
136.0505	12206	M+2H	10	270.0892	Dihydroformononetin	C16H14O4	N/A	N/A	N/A	HMDB0033759	LMPK12050448	47952.0	14730796.0	INYISIYHXQDCPK-UHFFFAOYSA-N	COC1=CC=C(C=C1)C1COC2=C(C=CC(O)=C2)C1=O	N/A	N/A	N/A	126
136.0505	16342	M+2H	10	270.0892	2',6'-Dihydroxy-4'-methoxychalcone	C16H14O4	N/A	N/A	N/A	HMDB0033702	LMPK12120244	52048.0	5316793.0	CUGDOWNTXKLQMD-BQYQJAHWSA-N	COC1=CC(O)=C(C(=O)\C=C\C2=CC=CC=C2)C(O)=C1	N/A	N/A	N/A	127
136.0505	187890	M+2H	10	270.0892	Physcionanthrone B	C16H14O4	N/A	N/A	N/A	N/A	N/A	N/A	19132.0	DRQZSQDHMHEDQS-UHFFFAOYSA-N	CC1=CC2=C(C(=C1)O)C(=O)C3=C(C2)C=C(C=C3O)OC	N/A	N/A	N/A	128
136.0505	12569	M+2H	10	270.0892	Haginin B	C16H14O4	N/A	N/A	N/A	N/A	LMPK12080063	48307.0	N/A	RMENXIMFGIVCHR-UHFFFAOYSA-N	COc1cc(O)ccc1C1COc2cc(O)ccc2C=1	N/A	N/A	N/A	129
136.0505	167713	M+2H	10	270.0892	Dalbergione, 4-Methoxy-4'-Hydroxy-	C16H14O4	N/A	N/A	N/A	N/A	N/A	43919.0	N/A	N/A	N/A	N/A	N/A	N/A	130
136.0505	16195	M+2H	10	270.0892	Isoliquiritigenin 4-methyl ether	C16H14O4	N/A	N/A	N/A	N/A	LMPK12120097	51902.0	N/A	ADRQFDIWPRFKSP-RUDMXATFSA-N	COc1ccc(cc1)/C=C/C(=O)c1ccc(O)cc1O	N/A	N/A	N/A	131
136.0505	16197	M+2H	10	270.0892	Isoliquiritigenin 4'-methyl ether	C16H14O4	N/A	N/A	N/A	N/A	LMPK12120099	51904.0	N/A	MOESXQFGHNEYAH-RUDMXATFSA-N	COc1cc(O)c(cc1)C(=O)/C=C/c1ccc(O)cc1	N/A	N/A	N/A	132
136.0505	16973	M+2H	10	270.0892	Strobopinin	C16H14O4	N/A	N/A	C09939	N/A	LMPK12140187	52676.0	442520.0	INBPQAJYHSJVRY-ZDUSSCGKSA-N	Cc1c(O)c2C(=O)C[C@@H](Oc2cc1O)c1ccccc1	N/A	N/A	N/A	133
136.0505	16976	M+2H	10	270.0892	Cryptostrobin	C16H14O4	N/A	N/A	N/A	N/A	LMPK12140190	52679.0	N/A	QSRIZZQWNHKERT-UHFFFAOYSA-N	Cc1c2OC(CC(=O)c2c(O)cc1O)c1ccccc1	N/A	N/A	N/A	134
136.0505	12375	M+2H	10	270.0892	(-)-Medicarpin	C16H14O4	N/A	N/A	C10503	N/A	LMPK12070028	48117.0	336327.0	NSRJSISNDPOJOP-BBRMVZONSA-N	COc1cc2O[C@@H]3[C@@H](COc4cc(O)ccc43)c2cc1	Biosynthesis of secondary metabolites	Biosynthesis of phenylpropanoids	Isoflavonoid biosynthesis	135
136.0505	17001	M+2H	10	270.0892	Alpinetin	C16H14O4	N/A	N/A	N/A	N/A	LMPK12140215	52704.0	N/A	QQQCWVDPMPFUGF-UHFFFAOYSA-N	COc1cc(O)cc2OC(CC(=O)c12)c1ccccc1	N/A	N/A	N/A	136
136.0505	16234	M+2H	10	270.0892	Flemichapparin	C16H14O4	N/A	N/A	N/A	N/A	LMPK12120136	51940.0	N/A	HHKHXCOFQIAPMB-BQYQJAHWSA-N	COc1cc(C(=O)/C=C/c2ccccc2)c(O)cc1O	N/A	N/A	N/A	137
136.0505	17002	M+2H	10	270.0892	Pinostrobin	C16H14O4	N/A	N/A	N/A	N/A	LMPK12140216	N/A	N/A	ORJDDOBAOGKRJV-UHFFFAOYSA-N	COc1cc2OC(CC(=O)c2c(O)c1)c1ccccc1	N/A	N/A	N/A	138
136.0505	16528	M+2H	10	270.0892	Echinatin	C16H14O4	N/A	N/A	N/A	N/A	LMPK12120431	52234.0	N/A	QJKMIJNRNRLQSS-WEVVVXLNSA-N	COc1cc(O)ccc1/C=C/C(=O)c1ccc(O)cc1	N/A	N/A	N/A	139
136.0505	12697	M+2H	10	270.0892	(S)-4'-Hydroxy-4-methoxydalbergione	C16H14O4	N/A	N/A	N/A	N/A	LMPK12100073	48433.0	N/A	DLCVFIMWFKVRTM-LBPRGKRZSA-N	COC1=CC(=O)C(=CC1=O)[C@@H](C=C)c1ccc(O)cc1	N/A	N/A	N/A	140
136.0505	16537	M+2H	10	270.0892	Methyllucidone	C16H14O4	N/A	N/A	N/A	N/A	LMPK12120440	52243.0	N/A	FITVJPYUOAZKPN-PBMBQWDMSA-N	COC1=CC(=O)/C(=C(\C=C\c2ccccc2)/OC)/C1=O	N/A	N/A	N/A	141
136.0505	16292	M+2H	10	270.0892	2',5'-Dihydroxy-4-methoxychalcone	C16H14O4	N/A	N/A	N/A	N/A	LMPK12120194	51998.0	N/A	FUQGIYDZGLORRC-XBXARRHUSA-N	COc1ccc(cc1)/C=C/C(=O)c1cc(O)ccc1O	N/A	N/A	N/A	142
136.0505	158635	M+2H	10	270.0892	Isoimperatorin	C16H14O4	N/A	482-45-1	C16976	N/A	N/A	71477.0	68081.0	IGWDEVSBEKYORK-UHFFFAOYSA-N	CC(C)=CCOc1c2ccoc2cc2oc(=O)ccc12	N/A	N/A	N/A	143
136.0505	11698	M+2H	10	270.0892	7-Hydroxy-3',4'-methylenedioxyflavan	C16H14O4	N/A	N/A	N/A	N/A	LMPK12020248	47464.0	N/A	DGOAORIWKTZFLK-ZDUSSCGKSA-N	Oc1ccc2CC[C@@H](Oc2c1)c1cc2OCOc2cc1	N/A	N/A	N/A	144
136.0505	16849	M+2H	10	270.0892	Methyl-liquiritigenin	C16H14O4	N/A	N/A	N/A	N/A	LMPK12140062	52552.0	N/A	OJOSVTQXBSSCMQ-UHFFFAOYSA-N	COc1cc2OC(CC(=O)c2cc1)c1ccc(O)cc1	N/A	N/A	N/A	145
136.0505	16850	M+2H	10	270.0892	4'-Methylliquiritigenin	C16H14O4	N/A	N/A	N/A	N/A	LMPK12140063	52553.0	N/A	NHMVADLYFAEQHW-UHFFFAOYSA-N	COc1ccc(cc1)C1CC(=O)c2ccc(O)cc2O1	N/A	N/A	N/A	146
136.0505	156371	M+2H	10	270.0892	Alloimperatorin	C16H14O4	N/A	642-05-7	C09053	N/A	N/A	67387.0	69502.0	KDXVVZMYSLWJMA-UHFFFAOYSA-N	CC(C)=CCc1c2ccoc2c(O)c2oc(=O)ccc12	N/A	N/A	N/A	147
136.0505	0	M+Na	0	0.0	No compounds found for experimental mass 136.05054 and adduct: M+Na	N/A	N/A	N/A	N/A	N/A	N/A	N/A	N/A	N/A	N/A	N/A	N/A	N/A	148
136.0505	0	M+K	0	0.0	No compounds found for experimental mass 136.05054 and adduct: M+K	N/A	N/A	N/A	N/A	N/A	N/A	N/A	N/A	N/A	N/A	N/A	N/A	N/A	149
136.0505	166064	M+H-H2O	1	153.0538	3-Nitrophenylhydrazine	C6H7N3O2	N/A	636-95-3	N/A	N/A	N/A	85168.0	N/A	N/A	N/A	N/A	N/A	N/A	150
136.0505	160961	M+H-H2O	1	153.0538	1,2-Diamino-4-nitrobenzene	C6H7N3O2	N/A	99-56-9	C19384	N/A	N/A	73087.0	5111791.0	RAUWPNXIALNKQM-UHFFFAOYSA-N	Nc1ccc([N+](=O)[O-])cc1N	N/A	N/A	N/A	151
136.0505	163295	M+H-H2O	1	153.0538	1,4-Diamino-2-nitrobenzene	C6H7N3O2	N/A	5307-14-2	C19385	N/A	N/A	73088.0	4338370.0	HVHNMNGARPCGGD-UHFFFAOYSA-N	Nc1ccc(N)c([N+](=O)[O-])c1	N/A	N/A	N/A	152
136.0505	0	M+H+HCOONa	0	0.0	No compounds found for experimental mass 136.05054 and adduct: M+H+HCOONa	N/A	N/A	N/A	N/A	N/A	N/A	N/A	N/A	N/A	N/A	N/A	N/A	N/A	153
2.324	0	M+H	0	0.0	No compounds found for experimental mass 2.324 and adduct: M+H	N/A	N/A	N/A	N/A	N/A	N/A	N/A	N/A	N/A	N/A	N/A	N/A	N/A	154
2.324	0	M+2H	0	0.0	No compounds found for experimental mass 2.324 and adduct: M+2H	N/A	N/A	N/A	N/A	N/A	N/A	N/A	N/A	N/A	N/A	N/A	N/A	N/A	155
2.324	0	M+Na	0	0.0	No compounds found for experimental mass 2.324 and adduct: M+Na	N/A	N/A	N/A	N/A	N/A	N/A	N/A	N/A	N/A	N/A	N/A	N/A	N/A	156
2.324	0	M+K	0	0.0	No compounds found for experimental mass 2.324 and adduct: M+K	N/A	N/A	N/A	N/A	N/A	N/A	N/A	N/A	N/A	N/A	N/A	N/A	N/A	157
2.324	0	M+H-H2O	0	0.0	No compounds found for experimental mass 2.324 and adduct: M+H-H2O	N/A	N/A	N/A	N/A	N/A	N/A	N/A	N/A	N/A	N/A	N/A	N/A	N/A	158
2.324	0	M+H+HCOONa	0	0.0	No compounds found for experimental mass 2.324 and adduct: M+H+HCOONa	N/A	N/A	N/A	N/A	N/A	N/A	N/A	N/A	N/A	N/A	N/A	N/A	N/A	159
13278.0	0	M+H	0	0.0	No compounds found for experimental mass 13278.0 and adduct: M+H	N/A	N/A	N/A	N/A	N/A	N/A	N/A	N/A	N/A	N/A	N/A	N/A	N/A	160
13278.0	0	M+2H	0	0.0	No compounds found for experimental mass 13278.0 and adduct: M+2H	N/A	N/A	N/A	N/A	N/A	N/A	N/A	N/A	N/A	N/A	N/A	N/A	N/A	161
13278.0	0	M+Na	0	0.0	No compounds found for experimental mass 13278.0 and adduct: M+Na	N/A	N/A	N/A	N/A	N/A	N/A	N/A	N/A	N/A	N/A	N/A	N/A	N/A	162
13278.0	0	M+K	0	0.0	No compounds found for experimental mass 13278.0 and adduct: M+K	N/A	N/A	N/A	N/A	N/A	N/A	N/A	N/A	N/A	N/A	N/A	N/A	N/A	163
13278.0	0	M+H-H2O	0	0.0	No compounds found for experimental mass 13278.0 and adduct: M+H-H2O	N/A	N/A	N/A	N/A	N/A	N/A	N/A	N/A	N/A	N/A	N/A	N/A	N/A	164
13278.0	0	M+H+HCOONa	0	0.0	No compounds found for experimental mass 13278.0 and adduct: M+H+HCOONa	N/A	N/A	N/A	N/A	N/A	N/A	N/A	N/A	N/A	N/A	N/A	N/A	N/A	165
128.0455	157439	M+H	0	127.0382	5-Amino-4-imidazole carboxylate	C4H5N3O2	N/A	N/A	C05516	N/A	N/A	63404.0	117.0	PWCLNQLPYQVWAB-UHFFFAOYSA-N	Nc1[nH]cnc1C(=O)O	Purine Metabolism	Metabolic pathways	N/A	166
128.0455	129087	M+H	0	127.0382	1-Methyl-4-nitroimidazole	C4H5N3O2	N/A	N/A	C16621	HMDB0060659	N/A	1193.0	18209.0	HSCOLDQJZRZQMV-UHFFFAOYSA-N	CN1C=NC(=C1)[N+]([O-])=O	Drug metabolism - other enzymes	N/A	N/A	167
128.0455	154220	M+2H	6	254.078	L-Arginine phosphate	C6H15N4O5P	N/A	N/A	C05945	N/A	N/A	N/A	92150.0	CCTIOCVIZPCTGO-BYPYZUCNSA-N	N=C(NCCC[C@H](N)C(=O)O)NP(=O)(O)O	Arginine and Proline Metabolism	N/A	N/A	168
128.0455	44590	M+2H	6	254.078	L-Phosphoarginine	C6H15N4O5P	N/A	1189-11-3	N/A	HMDB0029438	N/A	63475.0	440551.0	CCTIOCVIZPCTGO-UHFFFAOYSA-N	NC(CCCNC(=N)NP(O)(O)=O)C(O)=O	N/A	N/A	N/A	169
128.0455	0	M+Na	0	0.0	No compounds found for experimental mass 128.04549 and adduct: M+Na	N/A	N/A	N/A	N/A	N/A	N/A	N/A	N/A	N/A	N/A	N/A	N/A	N/A	170
128.0455	0	M+K	0	0.0	No compounds found for experimental mass 128.04549 and adduct: M+K	N/A	N/A	N/A	N/A	N/A	N/A	N/A	N/A	N/A	N/A	N/A	N/A	N/A	171
128.0455	0	M+H-H2O	0	0.0	No compounds found for experimental mass 128.04549 and adduct: M+H-H2O	N/A	N/A	N/A	N/A	N/A	N/A	N/A	N/A	N/A	N/A	N/A	N/A	N/A	172
128.0455	0	M+H+HCOONa	0	0.0	No compounds found for experimental mass 128.04549 and adduct: M+H+HCOONa	N/A	N/A	N/A	N/A	N/A	N/A	N/A	N/A	N/A	N/A	N/A	N/A	N/A	173
2.717	0	M+H	0	0.0	No compounds found for experimental mass 2.717 and adduct: M+H	N/A	N/A	N/A	N/A	N/A	N/A	N/A	N/A	N/A	N/A	N/A	N/A	N/A	174
2.717	0	M+2H	0	0.0	No compounds found for experimental mass 2.717 and adduct: M+2H	N/A	N/A	N/A	N/A	N/A	N/A	N/A	N/A	N/A	N/A	N/A	N/A	N/A	175
2.717	0	M+Na	0	0.0	No compounds found for experimental mass 2.717 and adduct: M+Na	N/A	N/A	N/A	N/A	N/A	N/A	N/A	N/A	N/A	N/A	N/A	N/A	N/A	176
2.717	0	M+K	0	0.0	No compounds found for experimental mass 2.717 and adduct: M+K	N/A	N/A	N/A	N/A	N/A	N/A	N/A	N/A	N/A	N/A	N/A	N/A	N/A	177
2.717	0	M+H-H2O	0	0.0	No compounds found for experimental mass 2.717 and adduct: M+H-H2O	N/A	N/A	N/A	N/A	N/A	N/A	N/A	N/A	N/A	N/A	N/A	N/A	N/A	178
2.717	0	M+H+HCOONa	0	0.0	No compounds found for experimental mass 2.717 and adduct: M+H+HCOONa	N/A	N/A	N/A	N/A	N/A	N/A	N/A	N/A	N/A	N/A	N/A	N/A	N/A	179
13687.0	0	M+H	0	0.0	No compounds found for experimental mass 13687.0 and adduct: M+H	N/A	N/A	N/A	N/A	N/A	N/A	N/A	N/A	N/A	N/A	N/A	N/A	N/A	180
13687.0	0	M+2H	0	0.0	No compounds found for experimental mass 13687.0 and adduct: M+2H	N/A	N/A	N/A	N/A	N/A	N/A	N/A	N/A	N/A	N/A	N/A	N/A	N/A	181
13687.0	0	M+Na	0	0.0	No compounds found for experimental mass 13687.0 and adduct: M+Na	N/A	N/A	N/A	N/A	N/A	N/A	N/A	N/A	N/A	N/A	N/A	N/A	N/A	182
13687.0	0	M+K	0	0.0	No compounds found for experimental mass 13687.0 and adduct: M+K	N/A	N/A	N/A	N/A	N/A	N/A	N/A	N/A	N/A	N/A	N/A	N/A	N/A	183
13687.0	0	M+H-H2O	0	0.0	No compounds found for experimental mass 13687.0 and adduct: M+H-H2O	N/A	N/A	N/A	N/A	N/A	N/A	N/A	N/A	N/A	N/A	N/A	N/A	N/A	184
13687.0	0	M+H+HCOONa	0	0.0	No compounds found for experimental mass 13687.0 and adduct: M+H+HCOONa	N/A	N/A	N/A	N/A	N/A	N/A	N/A	N/A	N/A	N/A	N/A	N/A	N/A	185
203.139	130120	M+H	0	202.1317	Leucyl-Alanine	C9H18N2O3	N/A	N/A	N/A	HMDB0028922	N/A	N/A	259321.0	HSQGMTRYSIHDAC-UHFFFAOYSA-N	CC(C)CC(N)C(=O)NC(C)C(O)=O	N/A	N/A	N/A	186
203.139	141742	M+H	0	202.1317	Alanyl-Leucine	C9H18N2O3	N/A	N/A	N/A	HMDB0028691	N/A	85607.0	259583.0	RDIKFPRVLJLMER-UHFFFAOYSA-N	CC(C)CC(NC(=O)C(C)N)C(O)=O	N/A	N/A	N/A	187
203.139	115427	M+H	0	202.1317	Alanyl-Isoleucine	C9H18N2O3	N/A	N/A	N/A	HMDB0028690	N/A	85606.0	417358.0	ZSOICJZJSRWNHX-UHFFFAOYSA-N	CCC(C)C(NC(=O)C(C)N)C(O)=O	N/A	N/A	N/A	188
203.139	44791	M+H	0	202.1317	Isoleucyl-Alanine	C9H18N2O3	N/A	N/A	N/A	HMDB0028900	N/A	85806.0	5246009.0	RCFDOSNHHZGBOY-UHFFFAOYSA-N	CCC(C)C(N)C(=O)NC(C)C(O)=O	N/A	N/A	N/A	189
203.139	124639	M+H	0	202.1317	N-Acetylisoputreanine	C9H18N2O3	N/A	N/A	N/A	HMDB0094713	N/A	N/A	131802901.0	YGIAGXACEXFIDU-UHFFFAOYSA-N	CC(O)=NCCCNCCCC(O)=O	N/A	N/A	N/A	190
203.139	166558	M+H	0	202.1317	L-Leucyl-L- Alanine	C9H18N2O3	N/A	7298-84-2	N/A	N/A	N/A	23819.0	N/A	N/A	N/A	N/A	N/A	N/A	191
203.139	166559	M+H	0	202.1317	Ala Ile	C9H18N2O3	N/A	N/A	N/A	N/A	N/A	23844.0	N/A	N/A	N/A	N/A	N/A	N/A	192
203.139	166560	M+H	0	202.1317	Ile Ala	C9H18N2O3	N/A	N/A	N/A	N/A	N/A	23864.0	N/A	N/A	N/A	N/A	N/A	N/A	193
203.139	166561	M+H	0	202.1317	Ala Leu	C9H18N2O3	N/A	N/A	N/A	N/A	N/A	23945.0	N/A	N/A	N/A	N/A	N/A	N/A	194
203.139	166562	M+H	0	202.1317	Alanyl-DL-Leucine	C9H18N2O3	N/A	1999-42-4	N/A	N/A	N/A	44268.0	N/A	N/A	N/A	N/A	N/A	N/A	195
203.139	166563	M+H	0	202.1317	Leu Ala	C9H18N2O3	N/A	N/A	N/A	N/A	N/A	44685.0	N/A	N/A	N/A	N/A	N/A	N/A	196
203.139	0	M+2H	0	0.0	No compounds found for experimental mass 203.13905 and adduct: M+2H	N/A	N/A	N/A	N/A	N/A	N/A	N/A	N/A	N/A	N/A	N/A	N/A	N/A	197
203.139	164109	M+Na	9	180.1514	dodeca-3,6,8-trien-1-ol	C12H20O	N/A	N/A	N/A	N/A	N/A	75281.0	N/A	N/A	N/A	N/A	N/A	N/A	198
203.139	164110	M+Na	9	180.1514	3,6,8-dodecatrien-1-ol	C12H20O	N/A	N/A	N/A	N/A	N/A	36515.0	N/A	N/A	N/A	N/A	N/A	N/A	199
203.139	76631	M+Na	9	180.1514	2-trans-6-cis-Dodecadienal	C12H20O	N/A	21662-13-5	N/A	HMDB0032531	N/A	88509.0	6430759.0	VPEGROOEBNSCCL-JFEAUALZSA-N	CCCCC\C=C/CC\C=C\C=O	N/A	N/A	N/A	200
203.139	50796	M+Na	9	180.1514	Homodihydrojasmone	C12H20O	N/A	N/A	N/A	HMDB0031181	N/A	87473.0	11137732.0	JAPZZAUIIPKQJW-UHFFFAOYSA-N	CCCCCCC1=C(C)CCC1=O	N/A	N/A	N/A	201
203.139	94578	M+Na	9	180.1514	(2E,4E)-2,4-Dodecadienal	C12H20O	N/A	21662-16-8	N/A	HMDB0039590	N/A	94148.0	5367530.0	QKTZBZWNADPFOL-BNFZFUHLSA-N	CCCCCCC\C=C\C=C\C=O	N/A	N/A	N/A	202
203.139	99198	M+Na	9	180.1514	Tricycloekasantalol	C12H20O	N/A	N/A	N/A	HMDB0039339	N/A	93921.0	130142141.0	PICWCIWTSQRPHV-UHFFFAOYSA-N	CC12C3CC(CC13)C2(C)CCCO	N/A	N/A	N/A	203
203.139	48526	M+Na	9	180.1514	cis-Quinceoxepane	C12H20O	N/A	N/A	N/A	HMDB0038108	N/A	92864.0	131752305.0	RLBHQLPVVYXAQJ-SREVYHEPSA-N	CC1CCCOC(C1)\C=C/C(C)=C	N/A	N/A	N/A	204
203.139	30515	M+Na	9	180.1514	3,6,8-dodecatrien-1-ol	C12H20O	N/A	N/A	N/A	N/A	LMFA05000058	N/A	N/A	KWVQYNPBWXUHHT-ZYXMWXIMSA-N	C(CC)/C=C/C=C/C/C=C/CCO	N/A	N/A	N/A	205
203.139	31045	M+Na	9	180.1514	9E,11-Dodecadienal	C12H20O	N/A	N/A	N/A	N/A	LMFA06000153	46443.0	N/A	QQGSJQOOBIWRBK-ONEGZZNKSA-N	C(CCCCCCC/C=C/C=C)(=O)[H]	N/A	N/A	N/A	206
203.139	31047	M+Na	9	180.1514	8E,10E-Dodecadienal	C12H20O	N/A	N/A	N/A	N/A	LMFA06000155	46445.0	N/A	TYICDYOLAPJHGA-MQQKCMAXSA-N	C(CCCCCC/C=C/C=C/C)(=O)[H]	N/A	N/A	N/A	207
203.139	31049	M+Na	9	180.1514	5E,7Z-Dodecadienal	C12H20O	N/A	N/A	N/A	N/A	LMFA06000157	46447.0	N/A	LDQDYNHCLZNOFB-IGTJQSIKSA-N	C(CCC/C=C/C=CCCCC)(=O)[H]	N/A	N/A	N/A	208
203.139	31050	M+Na	9	180.1514	7E,9Z-Dodecadienal	C12H20O	N/A	N/A	N/A	N/A	LMFA06000158	46448.0	N/A	QMHYWEQZQADRCD-DNVGVPOPSA-N	C(CCCCC/C=C/C=CCC)(=O)[H]	N/A	N/A	N/A	209
203.139	31051	M+Na	9	180.1514	8E,10Z-Dodecadienal	C12H20O	N/A	N/A	N/A	N/A	LMFA06000159	46449.0	N/A	TYICDYOLAPJHGA-AWYLAFAOSA-N	C(CCCCCC/C=C/C=CC)(=O)[H]	N/A	N/A	N/A	210
203.139	31055	M+Na	9	180.1514	9Z,11-Dodecadienal	C12H20O	N/A	N/A	N/A	N/A	LMFA06000163	46453.0	N/A	QQGSJQOOBIWRBK-ARJAWSKDSA-N	C(CCCCCCC/C=CC=C)(=O)[H]	N/A	N/A	N/A	211
203.139	31057	M+Na	9	180.1514	5Z,7E-Dodecadienal	C12H20O	N/A	N/A	N/A	N/A	LMFA06000165	46455.0	N/A	LDQDYNHCLZNOFB-MDAAKZFYSA-N	C(CCC/C=CC=CCCCC)(=O)[H]	N/A	N/A	N/A	212
203.139	31058	M+Na	9	180.1514	8Z,10E-Dodecadienal	C12H20O	N/A	N/A	N/A	N/A	LMFA06000166	46456.0	N/A	TYICDYOLAPJHGA-IAROGAJJSA-N	C(CCCCCC/C=CC=CC)(=O)[H]	N/A	N/A	N/A	213
203.139	31059	M+Na	9	180.1514	5Z,7Z-Dodecadienal	C12H20O	N/A	N/A	N/A	N/A	LMFA06000167	46457.0	N/A	LDQDYNHCLZNOFB-ISTTXYCBSA-N	C(CCC/C=CC=C/CCCC)(=O)[H]	N/A	N/A	N/A	214
203.139	30551	M+Na	9	180.1514	(3Z,6Z,9Z)-dodecatrienol	C12H20O	N/A	N/A	C08375	N/A	LMFA05000097	46052.0	5281129.0	OFAUAWIRDOCHFP-PDBXOOCHSA-N	C(/C/C=CCCO)=C/C/C=CCC	N/A	N/A	N/A	215
203.139	30616	M+Na	9	180.1514	3Z,6E,8E-Dodecatrien-1-ol	C12H20O	N/A	N/A	N/A	N/A	LMFA05000162	46113.0	N/A	KWVQYNPBWXUHHT-QSOMBXJKSA-N	OCC/C=CC/C=C/C=C/CCC	N/A	N/A	N/A	216
203.139	30620	M+Na	9	180.1514	3Z,6Z,8E-Dodecatrien-1-ol	C12H20O	N/A	N/A	N/A	N/A	LMFA05000166	46117.0	N/A	KWVQYNPBWXUHHT-LGRDCDGLSA-N	OCC/C=CC/C=CC=CCCC	N/A	N/A	N/A	217
203.139	0	M+K	0	0.0	No compounds found for experimental mass 203.13905 and adduct: M+K	N/A	N/A	N/A	N/A	N/A	N/A	N/A	N/A	N/A	N/A	N/A	N/A	N/A	218
203.139	0	M+H-H2O	0	0.0	No compounds found for experimental mass 203.13905 and adduct: M+H-H2O	N/A	N/A	N/A	N/A	N/A	N/A	N/A	N/A	N/A	N/A	N/A	N/A	N/A	219
203.139	0	M+H+HCOONa	0	0.0	No compounds found for experimental mass 203.13905 and adduct: M+H+HCOONa	N/A	N/A	N/A	N/A	N/A	N/A	N/A	N/A	N/A	N/A	N/A	N/A	N/A	220
2.828	0	M+H	0	0.0	No compounds found for experimental mass 2.828 and adduct: M+H	N/A	N/A	N/A	N/A	N/A	N/A	N/A	N/A	N/A	N/A	N/A	N/A	N/A	221
2.828	0	M+2H	0	0.0	No compounds found for experimental mass 2.828 and adduct: M+2H	N/A	N/A	N/A	N/A	N/A	N/A	N/A	N/A	N/A	N/A	N/A	N/A	N/A	222
2.828	0	M+Na	0	0.0	No compounds found for experimental mass 2.828 and adduct: M+Na	N/A	N/A	N/A	N/A	N/A	N/A	N/A	N/A	N/A	N/A	N/A	N/A	N/A	223
2.828	0	M+K	0	0.0	No compounds found for experimental mass 2.828 and adduct: M+K	N/A	N/A	N/A	N/A	N/A	N/A	N/A	N/A	N/A	N/A	N/A	N/A	N/A	224
2.828	0	M+H-H2O	0	0.0	No compounds found for experimental mass 2.828 and adduct: M+H-H2O	N/A	N/A	N/A	N/A	N/A	N/A	N/A	N/A	N/A	N/A	N/A	N/A	N/A	225
2.828	0	M+H+HCOONa	0	0.0	No compounds found for experimental mass 2.828 and adduct: M+H+HCOONa	N/A	N/A	N/A	N/A	N/A	N/A	N/A	N/A	N/A	N/A	N/A	N/A	N/A	226
14527.0	0	M+H	0	0.0	No compounds found for experimental mass 14527.0 and adduct: M+H	N/A	N/A	N/A	N/A	N/A	N/A	N/A	N/A	N/A	N/A	N/A	N/A	N/A	227
14527.0	0	M+2H	0	0.0	No compounds found for experimental mass 14527.0 and adduct: M+2H	N/A	N/A	N/A	N/A	N/A	N/A	N/A	N/A	N/A	N/A	N/A	N/A	N/A	228
14527.0	0	M+Na	0	0.0	No compounds found for experimental mass 14527.0 and adduct: M+Na	N/A	N/A	N/A	N/A	N/A	N/A	N/A	N/A	N/A	N/A	N/A	N/A	N/A	229
14527.0	0	M+K	0	0.0	No compounds found for experimental mass 14527.0 and adduct: M+K	N/A	N/A	N/A	N/A	N/A	N/A	N/A	N/A	N/A	N/A	N/A	N/A	N/A	230
14527.0	0	M+H-H2O	0	0.0	No compounds found for experimental mass 14527.0 and adduct: M+H-H2O	N/A	N/A	N/A	N/A	N/A	N/A	N/A	N/A	N/A	N/A	N/A	N/A	N/A	231
14527.0	0	M+H+HCOONa	0	0.0	No compounds found for experimental mass 14527.0 and adduct: M+H+HCOONa	N/A	N/A	N/A	N/A	N/A	N/A	N/A	N/A	N/A	N/A	N/A	N/A	N/A	232
202.1801	164141	M+H	0	201.1729	11-amino-undecanoic acid	C11H23NO2	N/A	N/A	N/A	N/A	N/A	74857.0	N/A	N/A	N/A	N/A	N/A	N/A	233
202.1801	27378	M+H	0	201.1729	11-amino-undecanoic acid	C11H23NO2	2.0	N/A	C19325	N/A	LMFA01100004	35923.0	17083.0	GUOSQNAUYHMCRU-UHFFFAOYSA-N	C(CCCCCCCCCCN)(=O)O	N/A	N/A	N/A	234
202.1801	0	M+2H	0	0.0	No compounds found for experimental mass 202.1801 and adduct: M+2H	N/A	N/A	N/A	N/A	N/A	N/A	N/A	N/A	N/A	N/A	N/A	N/A	N/A	235
202.1801	0	M+Na	0	0.0	No compounds found for experimental mass 202.1801 and adduct: M+Na	N/A	N/A	N/A	N/A	N/A	N/A	N/A	N/A	N/A	N/A	N/A	N/A	N/A	236
202.1801	0	M+K	0	0.0	No compounds found for experimental mass 202.1801 and adduct: M+K	N/A	N/A	N/A	N/A	N/A	N/A	N/A	N/A	N/A	N/A	N/A	N/A	N/A	237
202.1801	0	M+H-H2O	0	0.0	No compounds found for experimental mass 202.1801 and adduct: M+H-H2O	N/A	N/A	N/A	N/A	N/A	N/A	N/A	N/A	N/A	N/A	N/A	N/A	N/A	238
202.1801	0	M+H+HCOONa	0	0.0	No compounds found for experimental mass 202.1801 and adduct: M+H+HCOONa	N/A	N/A	N/A	N/A	N/A	N/A	N/A	N/A	N/A	N/A	N/A	N/A	N/A	239
3.052	0	M+H	0	0.0	No compounds found for experimental mass 3.052 and adduct: M+H	N/A	N/A	N/A	N/A	N/A	N/A	N/A	N/A	N/A	N/A	N/A	N/A	N/A	240
3.052	0	M+2H	0	0.0	No compounds found for experimental mass 3.052 and adduct: M+2H	N/A	N/A	N/A	N/A	N/A	N/A	N/A	N/A	N/A	N/A	N/A	N/A	N/A	241
3.052	0	M+Na	0	0.0	No compounds found for experimental mass 3.052 and adduct: M+Na	N/A	N/A	N/A	N/A	N/A	N/A	N/A	N/A	N/A	N/A	N/A	N/A	N/A	242
3.052	0	M+K	0	0.0	No compounds found for experimental mass 3.052 and adduct: M+K	N/A	N/A	N/A	N/A	N/A	N/A	N/A	N/A	N/A	N/A	N/A	N/A	N/A	243
3.052	0	M+H-H2O	0	0.0	No compounds found for experimental mass 3.052 and adduct: M+H-H2O	N/A	N/A	N/A	N/A	N/A	N/A	N/A	N/A	N/A	N/A	N/A	N/A	N/A	244
3.052	0	M+H+HCOONa	0	0.0	No compounds found for experimental mass 3.052 and adduct: M+H+HCOONa	N/A	N/A	N/A	N/A	N/A	N/A	N/A	N/A	N/A	N/A	N/A	N/A	N/A	245
20730.0	0	M+H	0	0.0	No compounds found for experimental mass 20730.0 and adduct: M+H	N/A	N/A	N/A	N/A	N/A	N/A	N/A	N/A	N/A	N/A	N/A	N/A	N/A	246
20730.0	0	M+2H	0	0.0	No compounds found for experimental mass 20730.0 and adduct: M+2H	N/A	N/A	N/A	N/A	N/A	N/A	N/A	N/A	N/A	N/A	N/A	N/A	N/A	247
20730.0	0	M+Na	0	0.0	No compounds found for experimental mass 20730.0 and adduct: M+Na	N/A	N/A	N/A	N/A	N/A	N/A	N/A	N/A	N/A	N/A	N/A	N/A	N/A	248
20730.0	0	M+K	0	0.0	No compounds found for experimental mass 20730.0 and adduct: M+K	N/A	N/A	N/A	N/A	N/A	N/A	N/A	N/A	N/A	N/A	N/A	N/A	N/A	249
20730.0	0	M+H-H2O	0	0.0	No compounds found for experimental mass 20730.0 and adduct: M+H-H2O	N/A	N/A	N/A	N/A	N/A	N/A	N/A	N/A	N/A	N/A	N/A	N/A	N/A	250
20730.0	0	M+H+HCOONa	0	0.0	No compounds found for experimental mass 20730.0 and adduct: M+H+HCOONa	N/A	N/A	N/A	N/A	N/A	N/A	N/A	N/A	N/A	N/A	N/A	N/A	N/A	251
136.0481	0	M+H	0	0.0	No compounds found for experimental mass 136.04811 and adduct: M+H	N/A	N/A	N/A	N/A	N/A	N/A	N/A	N/A	N/A	N/A	N/A	N/A	N/A	252
136.0481	0	M+2H	0	0.0	No compounds found for experimental mass 136.04811 and adduct: M+2H	N/A	N/A	N/A	N/A	N/A	N/A	N/A	N/A	N/A	N/A	N/A	N/A	N/A	253
136.0481	104773	M+Na	0	113.0589	Creatinine	C4H7N3O	N/A	60-27-5	C00791	HMDB0000562	N/A	8.0	588.0	DDRJAANPRJIHGJ-UHFFFAOYSA-N	CN1CC(=O)NC1=N	Arginine and Proline Metabolism	Metabolic pathways	N/A	254
136.0481	162236	M+Na	0	113.0589	3-(N-Nitrosomethylamino)propionitrile	C4H7N3O	N/A	60153-49-3	C19280	N/A	N/A	72998.0	62163.0	HZDLDFBKYBGNHG-UHFFFAOYSA-N	CN(CCC#N)N=O	N/A	N/A	N/A	255
136.0481	0	M+K	0	0.0	No compounds found for experimental mass 136.04811 and adduct: M+K	N/A	N/A	N/A	N/A	N/A	N/A	N/A	N/A	N/A	N/A	N/A	N/A	N/A	256
136.0481	0	M+H-H2O	0	0.0	No compounds found for experimental mass 136.04811 and adduct: M+H-H2O	N/A	N/A	N/A	N/A	N/A	N/A	N/A	N/A	N/A	N/A	N/A	N/A	N/A	257
136.0481	0	M+H+HCOONa	0	0.0	No compounds found for experimental mass 136.04811 and adduct: M+H+HCOONa	N/A	N/A	N/A	N/A	N/A	N/A	N/A	N/A	N/A	N/A	N/A	N/A	N/A	258
5.019	0	M+H	0	0.0	No compounds found for experimental mass 5.019 and adduct: M+H	N/A	N/A	N/A	N/A	N/A	N/A	N/A	N/A	N/A	N/A	N/A	N/A	N/A	259
5.019	0	M+2H	0	0.0	No compounds found for experimental mass 5.019 and adduct: M+2H	N/A	N/A	N/A	N/A	N/A	N/A	N/A	N/A	N/A	N/A	N/A	N/A	N/A	260
5.019	0	M+Na	0	0.0	No compounds found for experimental mass 5.019 and adduct: M+Na	N/A	N/A	N/A	N/A	N/A	N/A	N/A	N/A	N/A	N/A	N/A	N/A	N/A	261
5.019	0	M+K	0	0.0	No compounds found for experimental mass 5.019 and adduct: M+K	N/A	N/A	N/A	N/A	N/A	N/A	N/A	N/A	N/A	N/A	N/A	N/A	N/A	262
5.019	0	M+H-H2O	0	0.0	No compounds found for experimental mass 5.019 and adduct: M+H-H2O	N/A	N/A	N/A	N/A	N/A	N/A	N/A	N/A	N/A	N/A	N/A	N/A	N/A	263
5.019	0	M+H+HCOONa	0	0.0	No compounds found for experimental mass 5.019 and adduct: M+H+HCOONa	N/A	N/A	N/A	N/A	N/A	N/A	N/A	N/A	N/A	N/A	N/A	N/A	N/A	264
31322.0	0	M+H	0	0.0	No compounds found for experimental mass 31322.0 and adduct: M+H	N/A	N/A	N/A	N/A	N/A	N/A	N/A	N/A	N/A	N/A	N/A	N/A	N/A	265
31322.0	0	M+2H	0	0.0	No compounds found for experimental mass 31322.0 and adduct: M+2H	N/A	N/A	N/A	N/A	N/A	N/A	N/A	N/A	N/A	N/A	N/A	N/A	N/A	266
31322.0	0	M+Na	0	0.0	No compounds found for experimental mass 31322.0 and adduct: M+Na	N/A	N/A	N/A	N/A	N/A	N/A	N/A	N/A	N/A	N/A	N/A	N/A	N/A	267
31322.0	0	M+K	0	0.0	No compounds found for experimental mass 31322.0 and adduct: M+K	N/A	N/A	N/A	N/A	N/A	N/A	N/A	N/A	N/A	N/A	N/A	N/A	N/A	268
31322.0	0	M+H-H2O	0	0.0	No compounds found for experimental mass 31322.0 and adduct: M+H-H2O	N/A	N/A	N/A	N/A	N/A	N/A	N/A	N/A	N/A	N/A	N/A	N/A	N/A	269
31322.0	0	M+H+HCOONa	0	0.0	No compounds found for experimental mass 31322.0 and adduct: M+H+HCOONa	N/A	N/A	N/A	N/A	N/A	N/A	N/A	N/A	N/A	N/A	N/A	N/A	N/A	270
173.1173	27142	M+H	0	172.1099	7-methyl-4-oxo-octanoic acid	C9H16O3	2.0	N/A	N/A	N/A	LMFA01060155	74789.0	N/A	MANRVFOEUWHBMD-UHFFFAOYSA-N	C(CCC(=O)CCC(C)C)(=O)O	N/A	N/A	N/A	271
173.1173	27144	M+H	0	172.1099	7-methyl-6-oxo-octanoic acid	C9H16O3	2.0	N/A	N/A	N/A	LMFA01060157	74791.0	N/A	OCTWQXZMIOXBML-UHFFFAOYSA-N	C(CCCCC(=O)C(C)C)(=O)O	N/A	N/A	N/A	272
173.1173	27145	M+H	0	172.1099	3-oxo-nonanoic acid	C9H16O3	2.0	N/A	N/A	N/A	LMFA01060158	74792.0	N/A	KWMWMKVIKIREFA-UHFFFAOYSA-N	C(CC(=O)CCCCCC)(=O)O	N/A	N/A	N/A	273
173.1173	27146	M+H	0	172.1099	8-oxo-nonanoic acid	C9H16O3	2.0	N/A	N/A	N/A	LMFA01060159	74793.0	N/A	KNPGTJGXMGNBAY-UHFFFAOYSA-N	C(CCCCCCC(=O)C)(=O)O	N/A	N/A	N/A	274
173.1173	27160	M+H	0	172.1099	7-methyl-3-oxooctanoic acid	C9H16O3	2.0	N/A	N/A	N/A	LMFA01060178	45861.0	N/A	HMJVYQBHXHOGRX-UHFFFAOYSA-N	CC(C)CCCC(=O)CC(O)=O	N/A	N/A	N/A	275
173.1173	27048	M+H	0	172.1099	n-heptanoyl acetic acid	C9H16O3	2.0	N/A	N/A	N/A	LMFA01060022	35717.0	N/A	SHDOPXQMNJDYDK-UHFFFAOYSA-N	C(CCCC)CCC(=O)C(=O)O	N/A	N/A	N/A	276
173.1173	27049	M+H	0	172.1099	3-caproyl propionic acid	C9H16O3	2.0	N/A	N/A	N/A	LMFA01060023	35718.0	N/A	PRDIIROHTWNJDB-UHFFFAOYSA-N	C(CCCC)C(=O)CCC(=O)O	N/A	N/A	N/A	277
173.1173	27050	M+H	0	172.1099	4-n-valeryl butyric acid	C9H16O3	2.0	N/A	N/A	N/A	LMFA01060024	35719.0	N/A	IOLZRTYKQAFXFB-UHFFFAOYSA-N	C(=O)(CCCC)CCCC(=O)O	N/A	N/A	N/A	278
173.1173	27051	M+H	0	172.1099	n-butyrl n-valeric acid	C9H16O3	2.0	N/A	N/A	N/A	LMFA01060025	35720.0	N/A	NTQPWIWDPJRIPQ-UHFFFAOYSA-N	C(C(=O)CCC)CCCC(=O)O	N/A	N/A	N/A	279
173.1173	27052	M+H	0	172.1099	6-propionyl n-caproic acid	C9H16O3	2.0	N/A	N/A	N/A	LMFA01060026	35721.0	N/A	BMDUEIZQNLDNCI-UHFFFAOYSA-N	C(CC(=O)CC)CCCC(=O)O	N/A	N/A	N/A	280
173.1173	26828	M+H	0	172.1099	9-hydroxy-5Z-nonenoic acid	C9H16O3	2.0	N/A	N/A	N/A	LMFA01050232	74606.0	N/A	WPQRIXDVEGLWLV-UPHRSURJSA-N	C(CCC/C=CCCCO)(=O)O	N/A	N/A	N/A	281
173.1173	10961	M+H	0	172.1099	(3R,6S)-3-Hydroxy-1,7-dioxaspiro[5.5]undecane	C9H16O3	N/A	N/A	N/A	N/A	LMPK09000005	102844.0	N/A	PSXHJXYOZUWYQY-BDAKNGLRSA-N	O[C@@H]1CO[C@@]2(CC1)CCCCO2	N/A	N/A	N/A	282
173.1173	10962	M+H	0	172.1099	(3S,6S)-3-Hydroxy-1,7-dioxaspiro[5.5]undecane	C9H16O3	N/A	N/A	N/A	N/A	LMPK09000006	102845.0	N/A	PSXHJXYOZUWYQY-IUCAKERBSA-N	O[C@@H]1CO[C@]2(CC1)CCCCO2	N/A	N/A	N/A	283
173.1173	10963	M+H	0	172.1099	(4R,6S)-4-Hydroxy-1,7-dioxaspiro[5.5]undecane	C9H16O3	N/A	N/A	N/A	N/A	LMPK09000007	102846.0	N/A	ITVCIGAVUFJFJY-BDAKNGLRSA-N	O[C@@H]1C[C@@]2(CCCCO2)OCC1	N/A	N/A	N/A	284
173.1173	10964	M+H	0	172.1099	(4S,6S)-4-Hydroxy-1,7-dioxaspiro[5.5]undecane	C9H16O3	N/A	N/A	N/A	N/A	LMPK09000008	102847.0	N/A	ITVCIGAVUFJFJY-IUCAKERBSA-N	O[C@@H]1C[C@]2(CCCCO2)OCC1	N/A	N/A	N/A	285
173.1173	187697	M+H	0	172.1099	Aspinotriol A	C9H16O3	N/A	960069-57-2	N/A	N/A	N/A	N/A	24763079.0	KWETYTFGFLMCQO-VLAXTVPNNA-N	[C@H](/C=C(/C=C/[C@@H](C)O)\CO)(O)C	N/A	N/A	N/A	286
173.1173	57868	M+H	0	172.1099	5-Pentyl-1,4-dioxan-2-one	C9H16O3	N/A	N/A	N/A	HMDB0059936	N/A	N/A	53435896.0	AYJJZBHSZOCJJX-UHFFFAOYSA-N	CCCCCC1COC(=O)CO1	N/A	N/A	N/A	287
173.1173	86818	M+H	0	172.1099	3-Methylbutyl 3-oxobutanoate	C9H16O3	N/A	2308-18-1	N/A	HMDB0036396	N/A	91538.0	61296.0	XHRGPLDMNNGHCX-UHFFFAOYSA-N	CC(C)CCOC(=O)CC(C)=O	N/A	N/A	N/A	288
173.1173	64822	M+H	0	172.1099	Butyl levulinate	C9H16O3	N/A	2052-15-5	N/A	HMDB0040165	N/A	94702.0	16331.0	ISBWNEKJSSLXOD-UHFFFAOYSA-N	CCCCOC(=O)CCC(C)=O	N/A	N/A	N/A	289
173.1173	147784	M+H	0	172.1099	2-Methylpropyl 3-hydroxy-2-methylidenebutanoate	C9H16O3	N/A	N/A	N/A	HMDB0040203	N/A	94737.0	546207.0	YWLLUDSCDSOEDO-UHFFFAOYSA-N	CC(C)COC(=O)C(=C)C(C)O	N/A	N/A	N/A	290
173.1173	79727	M+H	0	172.1099	Butyl 3-hydroxy-2-methylidenebutanoate	C9H16O3	N/A	N/A	N/A	HMDB0040202	N/A	94736.0	568158.0	BGBNIHUXOLZWIB-UHFFFAOYSA-N	CCCCOC(=O)C(=C)C(C)O	N/A	N/A	N/A	291
173.1173	70280	M+H	0	172.1099	6-Pentyl-1,4-dioxan-2-one	C9H16O3	N/A	N/A	N/A	HMDB0059937	N/A	N/A	71587348.0	XTANXEGVDAOPFW-UHFFFAOYSA-N	CCCCCC1COCC(=O)O1	N/A	N/A	N/A	292
173.1173	31142	M+H	0	172.1099	4-hydroperoxynonenal	C9H16O3	N/A	N/A	N/A	HMDB0060287	LMFA06000253	75392.0	6435432.0	TVNYLRYVAZWBEH-FNORWQNLSA-N	CCCCCC(OO)\C=C\C=O	N/A	N/A	N/A	293
173.1173	86748	M+H	0	172.1099	Tetrahydrofurfuryl butyrate	C9H16O3	N/A	92345-48-7	N/A	HMDB0036188	N/A	91337.0	551316.0	DPZVDLFOAZNCBU-UHFFFAOYSA-N	CCCC(=O)OCC1CCCO1	N/A	N/A	N/A	294
173.1173	136958	M+H	0	172.1099	cis-3-Hexenyl lactate	C9H16O3	N/A	61931-81-5	N/A	HMDB0036213	N/A	91361.0	5364231.0	NNLLMULULOBXBY-PLNGDYQASA-N	CC\C=C/CCOC(=O)C(C)O	N/A	N/A	N/A	295
173.1173	27147	M+H	0	172.1099	9-oxo-nonanoic acid	C9H16O3	2.0	N/A	C16322	HMDB0094711	LMFA01060160	74794.0	75704.0	WLGDDELKYAWBBL-UHFFFAOYSA-N	OC(=O)CCCCCCCC=O	Alpha Linolenic Acid and Linoleic Acid Metabolism	Biosynthesis of secondary metabolites	N/A	296
173.1173	180887	M+H	0	172.1099	Aspinotriol B	C9H16O3	N/A	N/A	N/A	N/A	N/A	N/A	24763080.0	KWETYTFGFLMCQO-KSUZBYAFSA-N	CC(C=CC(=CC(C)O)CO)O	N/A	N/A	N/A	297
173.1173	166237	M+H	0	172.1099	4-hydroperoxy 2-Nonenal	C9H16O3	N/A	7439-43-2	N/A	N/A	N/A	44823.0	N/A	N/A	N/A	N/A	N/A	N/A	298
173.1173	165116	M+H	0	172.1099	5(6)-Pentyl-1,4-dioxan-2-one	C9H16O3	N/A	65504-96-3	N/A	N/A	N/A	92114.0	N/A	N/A	N/A	N/A	N/A	N/A	299
173.1173	188698	M+H	1	172.1099	Dienetriol	C9H16O3	N/A	N/A	N/A	N/A	N/A	N/A	139586755.0	RRFNHQIEVWBAEI-LHOHZTISSA-N	C/C=C/C=C(/CO)\C(C(C)O)O	N/A	N/A	N/A	300
173.1173	171471	M+2H	8	344.2172	Val Ala Arg	C14H28N6O4	N/A	N/A	N/A	N/A	N/A	16710.0	N/A	N/A	N/A	N/A	N/A	N/A	301
173.1173	171472	M+2H	8	344.2172	Leu Gly Arg	C14H28N6O4	N/A	N/A	N/A	N/A	N/A	17442.0	N/A	N/A	N/A	N/A	N/A	N/A	302
173.1173	171473	M+2H	8	344.2172	Val Arg Ala	C14H28N6O4	N/A	N/A	N/A	N/A	N/A	17446.0	N/A	N/A	N/A	N/A	N/A	N/A	303
173.1173	171474	M+2H	8	344.2172	Arg Ala Val	C14H28N6O4	N/A	N/A	N/A	N/A	N/A	18201.0	N/A	N/A	N/A	N/A	N/A	N/A	304
173.1173	171475	M+2H	8	344.2172	Arg Val Ala	C14H28N6O4	N/A	N/A	N/A	N/A	N/A	18492.0	N/A	N/A	N/A	N/A	N/A	N/A	305
173.1173	171476	M+2H	8	344.2172	Ile Arg Gly	C14H28N6O4	N/A	N/A	N/A	N/A	N/A	18937.0	N/A	N/A	N/A	N/A	N/A	N/A	306
173.1173	171477	M+2H	8	344.2172	Arg Gly Ile	C14H28N6O4	N/A	N/A	N/A	N/A	N/A	19808.0	N/A	N/A	N/A	N/A	N/A	N/A	307
173.1173	171478	M+2H	8	344.2172	Ile Gly Arg	C14H28N6O4	N/A	N/A	N/A	N/A	N/A	19906.0	N/A	N/A	N/A	N/A	N/A	N/A	308
173.1173	171479	M+2H	8	344.2172	Gly Arg Ile	C14H28N6O4	N/A	N/A	N/A	N/A	N/A	19916.0	N/A	N/A	N/A	N/A	N/A	N/A	309
173.1173	171480	M+2H	8	344.2172	Gly Leu Arg	C14H28N6O4	N/A	N/A	N/A	N/A	N/A	20968.0	N/A	N/A	N/A	N/A	N/A	N/A	310
173.1173	171481	M+2H	8	344.2172	Gly Ile Arg	C14H28N6O4	N/A	N/A	N/A	N/A	N/A	21183.0	N/A	N/A	N/A	N/A	N/A	N/A	311
173.1173	171482	M+2H	8	344.2172	Ala Val Arg	C14H28N6O4	N/A	N/A	N/A	N/A	N/A	21478.0	N/A	N/A	N/A	N/A	N/A	N/A	312
173.1173	171483	M+2H	8	344.2172	Arg Leu Gly	C14H28N6O4	N/A	N/A	N/A	N/A	N/A	21989.0	N/A	N/A	N/A	N/A	N/A	N/A	313
173.1173	171484	M+2H	8	344.2172	Leu Arg Gly	C14H28N6O4	N/A	N/A	N/A	N/A	N/A	22199.0	N/A	N/A	N/A	N/A	N/A	N/A	314
173.1173	171485	M+2H	8	344.2172	Gly Arg Leu	C14H28N6O4	N/A	N/A	N/A	N/A	N/A	22268.0	N/A	N/A	N/A	N/A	N/A	N/A	315
173.1173	171486	M+2H	8	344.2172	Arg Ile Gly	C14H28N6O4	N/A	N/A	N/A	N/A	N/A	22466.0	N/A	N/A	N/A	N/A	N/A	N/A	316
173.1173	171487	M+2H	8	344.2172	Ala Arg Val	C14H28N6O4	N/A	N/A	N/A	N/A	N/A	22549.0	N/A	N/A	N/A	N/A	N/A	N/A	317
173.1173	171488	M+2H	8	344.2172	Arg Gly Leu	C14H28N6O4	N/A	N/A	N/A	N/A	N/A	22586.0	N/A	N/A	N/A	N/A	N/A	N/A	318
173.1173	103728	M+2H	0	344.2199	5(6)-Pentyl-1,4-dioxan-2-one	C18H32O6	N/A	N/A	N/A	HMDB0037146	N/A	N/A	131752160.0	XAHPFDPHEQKYLC-UHFFFAOYSA-N	CCCCCC1COC(=O)CO1.CCCCCC1COCC(=O)O1	N/A	N/A	N/A	319
173.1173	28160	M+2H	0	344.2199	(10R,13R,16S)-delta14-9-PhytoF[9S,12R]	C18H32O6	N/A	N/A	N/A	N/A	LMFA02040074	N/A	N/A	XSSRKBRTVPNAMX-IJKMCFRVSA-N	C(CCCCCCC[C@]1([H])O[C@@]([H])([C@H](O)/C=C/[C@@H](O)CC)C[C@H]1O)(=O)O	N/A	N/A	N/A	320
173.1173	28161	M+2H	0	344.2199	(10R,13R,16S)-delta14-9-PhytoF[9R,12S]	C18H32O6	N/A	N/A	N/A	N/A	LMFA02040075	N/A	N/A	XSSRKBRTVPNAMX-GLSSZAEYSA-N	C(CCCCCCC[C@@]1([H])O[C@]([H])([C@H](O)/C=C/[C@@H](O)CC)C[C@H]1O)(=O)O	N/A	N/A	N/A	321
173.1173	28162	M+2H	0	344.2199	(10R,13R,16S)-delta14-9-PhytoF[9R,12R]	C18H32O6	N/A	N/A	N/A	N/A	LMFA02040076	N/A	N/A	XSSRKBRTVPNAMX-UGXGUJROSA-N	C(CCCCCCC[C@@]1([H])O[C@@]([H])([C@H](O)/C=C/[C@@H](O)CC)C[C@H]1O)(=O)O	N/A	N/A	N/A	322
173.1173	28163	M+2H	0	344.2199	(10R,13S,16R)-delta14-9-PhytoF[9S,12S]	C18H32O6	N/A	N/A	N/A	N/A	LMFA02040077	N/A	N/A	XSSRKBRTVPNAMX-DYVZBPGMSA-N	C(CCCCCCC[C@]1([H])O[C@]([H])([C@@H](O)/C=C/[C@H](O)CC)C[C@H]1O)(=O)O	N/A	N/A	N/A	323
173.1173	28164	M+2H	0	344.2199	(10R,13S,16R)-delta14-9-PhytoF[9S,12R]	C18H32O6	N/A	N/A	N/A	N/A	LMFA02040078	N/A	N/A	XSSRKBRTVPNAMX-ZRMZGJFNSA-N	C(CCCCCCC[C@]1([H])O[C@@]([H])([C@@H](O)/C=C/[C@H](O)CC)C[C@H]1O)(=O)O	N/A	N/A	N/A	324
173.1173	28165	M+2H	0	344.2199	(10R,13S,16R)-delta14-9-PhytoF[9R,12S]	C18H32O6	N/A	N/A	N/A	N/A	LMFA02040079	N/A	N/A	XSSRKBRTVPNAMX-GQJJRBOXSA-N	C(CCCCCCC[C@@]1([H])O[C@]([H])([C@@H](O)/C=C/[C@H](O)CC)C[C@H]1O)(=O)O	N/A	N/A	N/A	325
173.1173	28166	M+2H	0	344.2199	(10R,13S,16R)-delta14-9-PhytoF[9R,12R]	C18H32O6	N/A	N/A	N/A	N/A	LMFA02040080	N/A	N/A	XSSRKBRTVPNAMX-HSWGLUGASA-N	C(CCCCCCC[C@@]1([H])O[C@@]([H])([C@@H](O)/C=C/[C@H](O)CC)C[C@H]1O)(=O)O	N/A	N/A	N/A	326
173.1173	28167	M+2H	0	344.2199	(10R,13S,16S)-delta14-9-PhytoF[9S,12S]	C18H32O6	N/A	N/A	N/A	N/A	LMFA02040081	N/A	N/A	XSSRKBRTVPNAMX-HURARBKOSA-N	C(CCCCCCC[C@]1([H])O[C@]([H])([C@@H](O)/C=C/[C@@H](O)CC)C[C@H]1O)(=O)O	N/A	N/A	N/A	327
173.1173	28168	M+2H	0	344.2199	(10R,13S,16S)-delta14-9-PhytoF[9S,12R]	C18H32O6	N/A	N/A	N/A	N/A	LMFA02040082	N/A	N/A	XSSRKBRTVPNAMX-RLDLTEIJSA-N	C(CCCCCCC[C@]1([H])O[C@@]([H])([C@@H](O)/C=C/[C@@H](O)CC)C[C@H]1O)(=O)O	N/A	N/A	N/A	328
173.1173	28169	M+2H	0	344.2199	(10R,13S,16S)-delta14-9-PhytoF[9R,12S]	C18H32O6	N/A	N/A	N/A	N/A	LMFA02040083	N/A	N/A	XSSRKBRTVPNAMX-HKTSXOKBSA-N	C(CCCCCCC[C@@]1([H])O[C@]([H])([C@@H](O)/C=C/[C@@H](O)CC)C[C@H]1O)(=O)O	N/A	N/A	N/A	329
173.1173	28170	M+2H	0	344.2199	(10R,13S,16S)-delta14-9-PhytoF[9R,12R]	C18H32O6	N/A	N/A	N/A	N/A	LMFA02040084	N/A	N/A	XSSRKBRTVPNAMX-HTGZZSSVSA-N	C(CCCCCCC[C@@]1([H])O[C@@]([H])([C@@H](O)/C=C/[C@@H](O)CC)C[C@H]1O)(=O)O	N/A	N/A	N/A	330
173.1173	28171	M+2H	0	344.2199	(10S,13R,16R)-delta14-9-PhytoF[9S,12S]	C18H32O6	N/A	N/A	N/A	N/A	LMFA02040085	N/A	N/A	XSSRKBRTVPNAMX-WBWYXKPPSA-N	C(CCCCCCC[C@]1([H])O[C@]([H])([C@H](O)/C=C/[C@H](O)CC)C[C@@H]1O)(=O)O	N/A	N/A	N/A	331
173.1173	28172	M+2H	0	344.2199	(10S,13R,16R)-delta14-9-PhytoF[9S,12R]	C18H32O6	N/A	N/A	N/A	N/A	LMFA02040086	N/A	N/A	XSSRKBRTVPNAMX-OEPZKWLOSA-N	C(CCCCCCC[C@]1([H])O[C@@]([H])([C@H](O)/C=C/[C@H](O)CC)C[C@@H]1O)(=O)O	N/A	N/A	N/A	332
173.1173	28173	M+2H	0	344.2199	(10S,13R,16R)-delta14-9-PhytoF[9R,12S]	C18H32O6	N/A	N/A	N/A	N/A	LMFA02040087	N/A	N/A	XSSRKBRTVPNAMX-DDGADJJWSA-N	C(CCCCCCC[C@@]1([H])O[C@]([H])([C@H](O)/C=C/[C@H](O)CC)C[C@@H]1O)(=O)O	N/A	N/A	N/A	333
173.1173	28174	M+2H	0	344.2199	(10S,13R,16R)-delta14-9-PhytoF[9R,12R]	C18H32O6	N/A	N/A	N/A	N/A	LMFA02040088	N/A	N/A	XSSRKBRTVPNAMX-GLGSPFTASA-N	C(CCCCCCC[C@@]1([H])O[C@@]([H])([C@H](O)/C=C/[C@H](O)CC)C[C@@H]1O)(=O)O	N/A	N/A	N/A	334
173.1173	28175	M+2H	0	344.2199	(10S,13R,16S)-delta14-9-PhytoF[9S,12S]	C18H32O6	N/A	N/A	N/A	N/A	LMFA02040089	N/A	N/A	XSSRKBRTVPNAMX-YEOJZBBXSA-N	C(CCCCCCC[C@]1([H])O[C@]([H])([C@H](O)/C=C/[C@@H](O)CC)C[C@@H]1O)(=O)O	N/A	N/A	N/A	335
173.1173	28176	M+2H	0	344.2199	(10S,13R,16S)-delta14-9-PhytoF[9S,12R]	C18H32O6	N/A	N/A	N/A	N/A	LMFA02040090	N/A	N/A	XSSRKBRTVPNAMX-JMADBNKSSA-N	C(CCCCCCC[C@]1([H])O[C@@]([H])([C@H](O)/C=C/[C@@H](O)CC)C[C@@H]1O)(=O)O	N/A	N/A	N/A	336
173.1173	28177	M+2H	0	344.2199	(10S,13R,16S)-delta14-9-PhytoF[9R,12S]	C18H32O6	N/A	N/A	N/A	N/A	LMFA02040091	N/A	N/A	XSSRKBRTVPNAMX-KYFQLVDCSA-N	C(CCCCCCC[C@@]1([H])O[C@]([H])([C@H](O)/C=C/[C@@H](O)CC)C[C@@H]1O)(=O)O	N/A	N/A	N/A	337
173.1173	28178	M+2H	0	344.2199	(10S,13R,16S)-delta14-9-PhytoF[9R,12R]	C18H32O6	N/A	N/A	N/A	N/A	LMFA02040092	N/A	N/A	XSSRKBRTVPNAMX-PKITZMDPSA-N	C(CCCCCCC[C@@]1([H])O[C@@]([H])([C@H](O)/C=C/[C@@H](O)CC)C[C@@H]1O)(=O)O	N/A	N/A	N/A	338
173.1173	28179	M+2H	0	344.2199	(10S,13S,16R)-delta14-9-PhytoF[9S,12S]	C18H32O6	N/A	N/A	N/A	N/A	LMFA02040093	N/A	N/A	XSSRKBRTVPNAMX-CXPZKCCLSA-N	C(CCCCCCC[C@]1([H])O[C@]([H])([C@@H](O)/C=C/[C@H](O)CC)C[C@@H]1O)(=O)O	N/A	N/A	N/A	339
173.1173	28180	M+2H	0	344.2199	(10S,13S,16R)-delta14-9-PhytoF[9S,12R]	C18H32O6	N/A	N/A	N/A	N/A	LMFA02040094	N/A	N/A	XSSRKBRTVPNAMX-NIIQMBQNSA-N	C(CCCCCCC[C@]1([H])O[C@@]([H])([C@@H](O)/C=C/[C@H](O)CC)C[C@@H]1O)(=O)O	N/A	N/A	N/A	340
173.1173	28181	M+2H	0	344.2199	(10S,13S,16R)-delta14-9-PhytoF[9R,12S]	C18H32O6	N/A	N/A	N/A	N/A	LMFA02040095	N/A	N/A	XSSRKBRTVPNAMX-XMSWIMNKSA-N	C(CCCCCCC[C@@]1([H])O[C@]([H])([C@@H](O)/C=C/[C@H](O)CC)C[C@@H]1O)(=O)O	N/A	N/A	N/A	341
173.1173	28182	M+2H	0	344.2199	(10S,13S,16R)-delta14-9-PhytoF[9R,12R]	C18H32O6	N/A	N/A	N/A	N/A	LMFA02040096	N/A	N/A	XSSRKBRTVPNAMX-KUPMKIAMSA-N	C(CCCCCCC[C@@]1([H])O[C@@]([H])([C@@H](O)/C=C/[C@H](O)CC)C[C@@H]1O)(=O)O	N/A	N/A	N/A	342
173.1173	28183	M+2H	0	344.2199	(10S,13S,16S)-delta14-9-PhytoF[9S,12S]	C18H32O6	N/A	N/A	N/A	N/A	LMFA02040097	N/A	N/A	XSSRKBRTVPNAMX-OAEUSZHOSA-N	C(CCCCCCC[C@]1([H])O[C@]([H])([C@@H](O)/C=C/[C@@H](O)CC)C[C@@H]1O)(=O)O	N/A	N/A	N/A	343
173.1173	28184	M+2H	0	344.2199	(10S,13S,16S)-delta14-9-PhytoF[9S,12R]	C18H32O6	N/A	N/A	N/A	N/A	LMFA02040098	N/A	N/A	XSSRKBRTVPNAMX-UGFFRSGUSA-N	C(CCCCCCC[C@]1([H])O[C@@]([H])([C@@H](O)/C=C/[C@@H](O)CC)C[C@@H]1O)(=O)O	N/A	N/A	N/A	344
173.1173	28185	M+2H	0	344.2199	(10S,13S,16S)-delta14-9-PhytoF[9R,12S]	C18H32O6	N/A	N/A	N/A	N/A	LMFA02040099	N/A	N/A	XSSRKBRTVPNAMX-PBPVBRRBSA-N	C(CCCCCCC[C@@]1([H])O[C@]([H])([C@@H](O)/C=C/[C@@H](O)CC)C[C@@H]1O)(=O)O	N/A	N/A	N/A	345
173.1173	28186	M+2H	0	344.2199	(10S,13S,16S)-delta14-9-PhytoF[9R,12R]	C18H32O6	N/A	N/A	N/A	N/A	LMFA02040100	N/A	N/A	XSSRKBRTVPNAMX-QYLYFVOLSA-N	C(CCCCCCC[C@@]1([H])O[C@@]([H])([C@@H](O)/C=C/[C@@H](O)CC)C[C@@H]1O)(=O)O	N/A	N/A	N/A	346
173.1173	28187	M+2H	0	344.2199	(9R,12R,16R)-delta14-10-PhytoF[10R,13R]	C18H32O6	N/A	N/A	N/A	N/A	LMFA02040101	N/A	N/A	ABMOBHDJIUJCNP-PCYDWSPDSA-N	C(CCCCCCC[C@@H](O)[C@]1([H])O[C@]([H])(/C=C/[C@H](O)CC)[C@H](O)C1)(=O)O	N/A	N/A	N/A	347
173.1173	28188	M+2H	0	344.2199	(9R,12R,16R)-delta14-10-PhytoF[10R,13S]	C18H32O6	N/A	N/A	N/A	N/A	LMFA02040102	N/A	N/A	ABMOBHDJIUJCNP-RQIUYOBUSA-N	C(CCCCCCC[C@@H](O)[C@]1([H])O[C@@]([H])(/C=C/[C@H](O)CC)[C@H](O)C1)(=O)O	N/A	N/A	N/A	348
173.1173	28189	M+2H	0	344.2199	(9R,12R,16R)-delta14-10-PhytoF[10S,13R]	C18H32O6	N/A	N/A	N/A	N/A	LMFA02040103	N/A	N/A	ABMOBHDJIUJCNP-OOMQHELWSA-N	C(CCCCCCC[C@@H](O)[C@@]1([H])O[C@]([H])(/C=C/[C@H](O)CC)[C@H](O)C1)(=O)O	N/A	N/A	N/A	349
173.1173	28190	M+2H	0	344.2199	(9R,12R,16R)-delta14-10-PhytoF[10S,13S]	C18H32O6	N/A	N/A	N/A	N/A	LMFA02040104	N/A	N/A	ABMOBHDJIUJCNP-SDBOAPILSA-N	C(CCCCCCC[C@@H](O)[C@@]1([H])O[C@@]([H])(/C=C/[C@H](O)CC)[C@H](O)C1)(=O)O	N/A	N/A	N/A	350
173.1173	28191	M+2H	0	344.2199	(9R,12R,16S)-delta14-10-PhytoF[10R,13R]	C18H32O6	N/A	N/A	N/A	N/A	LMFA02040105	N/A	N/A	ABMOBHDJIUJCNP-UGXGUJROSA-N	C(CCCCCCC[C@@H](O)[C@]1([H])O[C@]([H])(/C=C/[C@@H](O)CC)[C@H](O)C1)(=O)O	N/A	N/A	N/A	351
173.1173	28192	M+2H	0	344.2199	(9R,12R,16S)-delta14-10-PhytoF[10R,13S]	C18H32O6	N/A	N/A	N/A	N/A	LMFA02040106	N/A	N/A	ABMOBHDJIUJCNP-IJKMCFRVSA-N	C(CCCCCCC[C@@H](O)[C@]1([H])O[C@@]([H])(/C=C/[C@@H](O)CC)[C@H](O)C1)(=O)O	N/A	N/A	N/A	352
173.1173	28193	M+2H	0	344.2199	(9R,12R,16S)-delta14-10-PhytoF[10S,13R]	C18H32O6	N/A	N/A	N/A	N/A	LMFA02040107	N/A	N/A	ABMOBHDJIUJCNP-GLSSZAEYSA-N	C(CCCCCCC[C@@H](O)[C@@]1([H])O[C@]([H])(/C=C/[C@@H](O)CC)[C@H](O)C1)(=O)O	N/A	N/A	N/A	353
173.1173	28194	M+2H	0	344.2199	(9R,12R,16S)-delta14-10-PhytoF[10S,13S]	C18H32O6	N/A	N/A	N/A	N/A	LMFA02040108	N/A	N/A	ABMOBHDJIUJCNP-IEEZOGEBSA-N	C(CCCCCCC[C@@H](O)[C@@]1([H])O[C@@]([H])(/C=C/[C@@H](O)CC)[C@H](O)C1)(=O)O	N/A	N/A	N/A	354
173.1173	28195	M+2H	0	344.2199	(9R,12S,16R)-delta14-10-PhytoF[10R,13R]	C18H32O6	N/A	N/A	N/A	N/A	LMFA02040109	N/A	N/A	ABMOBHDJIUJCNP-GLGSPFTASA-N	C(CCCCCCC[C@@H](O)[C@]1([H])O[C@]([H])(/C=C/[C@H](O)CC)[C@@H](O)C1)(=O)O	N/A	N/A	N/A	355
173.1173	28196	M+2H	0	344.2199	(9R,12S,16R)-delta14-10-PhytoF[10R,13S]	C18H32O6	N/A	N/A	N/A	N/A	LMFA02040110	N/A	N/A	ABMOBHDJIUJCNP-OEPZKWLOSA-N	C(CCCCCCC[C@@H](O)[C@]1([H])O[C@@]([H])(/C=C/[C@H](O)CC)[C@@H](O)C1)(=O)O	N/A	N/A	N/A	356
173.1173	28197	M+2H	0	344.2199	(9R,12S,16R)-delta14-10-PhytoF[10S,13R]	C18H32O6	N/A	N/A	N/A	N/A	LMFA02040111	N/A	N/A	ABMOBHDJIUJCNP-DDGADJJWSA-N	C(CCCCCCC[C@@H](O)[C@@]1([H])O[C@]([H])(/C=C/[C@H](O)CC)[C@@H](O)C1)(=O)O	N/A	N/A	N/A	357
173.1173	28198	M+2H	0	344.2199	(9R,12S,16R)-delta14-10-PhytoF[10S,13S]	C18H32O6	N/A	N/A	N/A	N/A	LMFA02040112	N/A	N/A	ABMOBHDJIUJCNP-WBWYXKPPSA-N	C(CCCCCCC[C@@H](O)[C@@]1([H])O[C@@]([H])(/C=C/[C@H](O)CC)[C@@H](O)C1)(=O)O	N/A	N/A	N/A	358
173.1173	28199	M+2H	0	344.2199	(9R,12S,16S)-delta14-10-PhytoF[10R,13R]	C18H32O6	N/A	N/A	N/A	N/A	LMFA02040113	N/A	N/A	ABMOBHDJIUJCNP-PKITZMDPSA-N	C(CCCCCCC[C@@H](O)[C@]1([H])O[C@]([H])(/C=C/[C@@H](O)CC)[C@@H](O)C1)(=O)O	N/A	N/A	N/A	359
173.1173	28200	M+2H	0	344.2199	(9R,12S,16S)-delta14-10-PhytoF[10R,13S]	C18H32O6	N/A	N/A	N/A	N/A	LMFA02040114	N/A	N/A	ABMOBHDJIUJCNP-JMADBNKSSA-N	C(CCCCCCC[C@@H](O)[C@]1([H])O[C@@]([H])(/C=C/[C@@H](O)CC)[C@@H](O)C1)(=O)O	N/A	N/A	N/A	360
173.1173	28201	M+2H	0	344.2199	(9R,12S,16S)-delta14-10-PhytoF[10S,13R]	C18H32O6	N/A	N/A	N/A	N/A	LMFA02040115	N/A	N/A	ABMOBHDJIUJCNP-KYFQLVDCSA-N	C(CCCCCCC[C@@H](O)[C@@]1([H])O[C@]([H])(/C=C/[C@@H](O)CC)[C@@H](O)C1)(=O)O	N/A	N/A	N/A	361
173.1173	28202	M+2H	0	344.2199	(9R,12S,16S)-delta14-10-PhytoF[10S,13S]	C18H32O6	N/A	N/A	N/A	N/A	LMFA02040116	N/A	N/A	ABMOBHDJIUJCNP-YEOJZBBXSA-N	C(CCCCCCC[C@@H](O)[C@@]1([H])O[C@@]([H])(/C=C/[C@@H](O)CC)[C@@H](O)C1)(=O)O	N/A	N/A	N/A	362
173.1173	28203	M+2H	0	344.2199	(9S,12R,16R)-delta14-10-PhytoF[10R,13R]	C18H32O6	N/A	N/A	N/A	N/A	LMFA02040117	N/A	N/A	ABMOBHDJIUJCNP-HSWGLUGASA-N	C(CCCCCCC[C@H](O)[C@]1([H])O[C@]([H])(/C=C/[C@H](O)CC)[C@H](O)C1)(=O)O	N/A	N/A	N/A	363
173.1173	28204	M+2H	0	344.2199	(9S,12R,16R)-delta14-10-PhytoF[10R,13S]	C18H32O6	N/A	N/A	N/A	N/A	LMFA02040118	N/A	N/A	ABMOBHDJIUJCNP-ZRMZGJFNSA-N	C(CCCCCCC[C@H](O)[C@]1([H])O[C@@]([H])(/C=C/[C@H](O)CC)[C@H](O)C1)(=O)O	N/A	N/A	N/A	364
173.1173	28205	M+2H	0	344.2199	(9S,12R,16R)-delta14-10-PhytoF[10S,13R]	C18H32O6	N/A	N/A	N/A	N/A	LMFA02040119	N/A	N/A	ABMOBHDJIUJCNP-GQJJRBOXSA-N	C(CCCCCCC[C@H](O)[C@@]1([H])O[C@]([H])(/C=C/[C@H](O)CC)[C@H](O)C1)(=O)O	N/A	N/A	N/A	365
173.1173	28206	M+2H	0	344.2199	(9S,12R,16R)-delta14-10-PhytoF[10S,13S]	C18H32O6	N/A	N/A	N/A	N/A	LMFA02040120	N/A	N/A	ABMOBHDJIUJCNP-DYVZBPGMSA-N	C(CCCCCCC[C@H](O)[C@@]1([H])O[C@@]([H])(/C=C/[C@H](O)CC)[C@H](O)C1)(=O)O	N/A	N/A	N/A	366
173.1173	28207	M+2H	0	344.2199	(9S,12R,16S)-delta14-10-PhytoF[10R,13R]	C18H32O6	N/A	N/A	N/A	N/A	LMFA02040121	N/A	N/A	ABMOBHDJIUJCNP-HTGZZSSVSA-N	C(CCCCCCC[C@H](O)[C@]1([H])O[C@]([H])(/C=C/[C@@H](O)CC)[C@H](O)C1)(=O)O	N/A	N/A	N/A	367
173.1173	28208	M+2H	0	344.2199	(9S,12R,16S)-delta14-10-PhytoF[10R,13S]	C18H32O6	N/A	N/A	N/A	N/A	LMFA02040122	N/A	N/A	ABMOBHDJIUJCNP-RLDLTEIJSA-N	C(CCCCCCC[C@H](O)[C@]1([H])O[C@@]([H])(/C=C/[C@@H](O)CC)[C@H](O)C1)(=O)O	N/A	N/A	N/A	368
173.1173	28209	M+2H	0	344.2199	(9S,12R,16S)-delta14-10-PhytoF[10S,13R]	C18H32O6	N/A	N/A	N/A	N/A	LMFA02040123	N/A	N/A	ABMOBHDJIUJCNP-HKTSXOKBSA-N	C(CCCCCCC[C@H](O)[C@@]1([H])O[C@]([H])(/C=C/[C@@H](O)CC)[C@H](O)C1)(=O)O	N/A	N/A	N/A	369
173.1173	28210	M+2H	0	344.2199	(9S,12R,16S)-delta14-10-PhytoF[10S,13S]	C18H32O6	N/A	N/A	N/A	N/A	LMFA02040124	N/A	N/A	ABMOBHDJIUJCNP-HURARBKOSA-N	C(CCCCCCC[C@H](O)[C@@]1([H])O[C@@]([H])(/C=C/[C@@H](O)CC)[C@H](O)C1)(=O)O	N/A	N/A	N/A	370
173.1173	28211	M+2H	0	344.2199	(9S,12S,16R)-delta14-10-PhytoF[10R,13R]	C18H32O6	N/A	N/A	N/A	N/A	LMFA02040125	N/A	N/A	ABMOBHDJIUJCNP-KUPMKIAMSA-N	C(CCCCCCC[C@H](O)[C@]1([H])O[C@]([H])(/C=C/[C@H](O)CC)[C@@H](O)C1)(=O)O	N/A	N/A	N/A	371
173.1173	28212	M+2H	0	344.2199	(9S,12S,16R)-delta14-10-PhytoF[10R,13S]	C18H32O6	N/A	N/A	N/A	N/A	LMFA02040126	N/A	N/A	ABMOBHDJIUJCNP-NIIQMBQNSA-N	C(CCCCCCC[C@H](O)[C@]1([H])O[C@@]([H])(/C=C/[C@H](O)CC)[C@@H](O)C1)(=O)O	N/A	N/A	N/A	372
173.1173	28213	M+2H	0	344.2199	(9S,12S,16R)-delta14-10-PhytoF[10S,13R]	C18H32O6	N/A	N/A	N/A	N/A	LMFA02040127	N/A	N/A	ABMOBHDJIUJCNP-XMSWIMNKSA-N	C(CCCCCCC[C@H](O)[C@@]1([H])O[C@]([H])(/C=C/[C@H](O)CC)[C@@H](O)C1)(=O)O	N/A	N/A	N/A	373
173.1173	28214	M+2H	0	344.2199	(9S,12S,16R)-delta14-10-PhytoF[10S,13S]	C18H32O6	N/A	N/A	N/A	N/A	LMFA02040128	N/A	N/A	ABMOBHDJIUJCNP-CXPZKCCLSA-N	C(CCCCCCC[C@H](O)[C@@]1([H])O[C@@]([H])(/C=C/[C@H](O)CC)[C@@H](O)C1)(=O)O	N/A	N/A	N/A	374
173.1173	28215	M+2H	0	344.2199	(9S,12S,16S)-delta14-10-PhytoF[10R,13R]	C18H32O6	N/A	N/A	N/A	N/A	LMFA02040129	N/A	N/A	ABMOBHDJIUJCNP-QYLYFVOLSA-N	C(CCCCCCC[C@H](O)[C@]1([H])O[C@]([H])(/C=C/[C@@H](O)CC)[C@@H](O)C1)(=O)O	N/A	N/A	N/A	375
173.1173	28216	M+2H	0	344.2199	(9S,12S,16S)-delta14-10-PhytoF[10R,13S]	C18H32O6	N/A	N/A	N/A	N/A	LMFA02040130	N/A	N/A	ABMOBHDJIUJCNP-UGFFRSGUSA-N	C(CCCCCCC[C@H](O)[C@]1([H])O[C@@]([H])(/C=C/[C@@H](O)CC)[C@@H](O)C1)(=O)O	N/A	N/A	N/A	376
173.1173	28217	M+2H	0	344.2199	(9S,12S,16S)-delta14-10-PhytoF[10S,13R]	C18H32O6	N/A	N/A	N/A	N/A	LMFA02040131	N/A	N/A	ABMOBHDJIUJCNP-PBPVBRRBSA-N	C(CCCCCCC[C@H](O)[C@@]1([H])O[C@]([H])(/C=C/[C@@H](O)CC)[C@@H](O)C1)(=O)O	N/A	N/A	N/A	377
173.1173	28218	M+2H	0	344.2199	(9S,12S,16S)-delta14-10-PhytoF[10S,13S]	C18H32O6	N/A	N/A	N/A	N/A	LMFA02040132	N/A	N/A	ABMOBHDJIUJCNP-OAEUSZHOSA-N	C(CCCCCCC[C@H](O)[C@@]1([H])O[C@@]([H])(/C=C/[C@@H](O)CC)[C@@H](O)C1)(=O)O	N/A	N/A	N/A	378
173.1173	28087	M+2H	0	344.2199	delta10-13-PhytoF	C18H32O6	N/A	N/A	N/A	N/A	LMFA02040001	N/A	N/A	LWIIWULNZCFOCA-ZHACJKMWSA-N	C(CCCCCCCC(O)/C=C/C(C1CC(O)C(CC)O1)O)(=O)O	N/A	N/A	N/A	379
173.1173	28088	M+2H	0	344.2199	delta10-12-PhytoF	C18H32O6	N/A	N/A	N/A	N/A	LMFA02040002	N/A	N/A	BHWUKOCNOLCGLB-ZHACJKMWSA-N	C(CCCCCCCC(O)/C=C/C1C(O)CC(C(O)CC)O1)(=O)O	N/A	N/A	N/A	380
173.1173	28089	M+2H	0	344.2199	delta14-9-PhytoF	C18H32O6	N/A	N/A	N/A	N/A	LMFA02040003	N/A	N/A	XSSRKBRTVPNAMX-ZHACJKMWSA-N	OC(=O)CCCCCCCC1C(O)CC(C(O)/C=C/C(O)CC)O1	N/A	N/A	N/A	381
173.1173	28090	M+2H	0	344.2199	delta14-10-PhytoF	C18H32O6	N/A	N/A	N/A	N/A	LMFA02040004	N/A	N/A	ABMOBHDJIUJCNP-ZHACJKMWSA-N	C(CCCCCCCC(C1CC(O)C(/C=C/C(O)CC)O1)O)(=O)O	N/A	N/A	N/A	382
173.1173	28091	M+2H	0	344.2199	(9R,12R,15R)-delta10-13-PhytoF[13R,16R]	C18H32O6	N/A	N/A	N/A	N/A	LMFA02040005	N/A	N/A	LWIIWULNZCFOCA-PCYDWSPDSA-N	C(CCCCCCC[C@@H](O)/C=C/[C@@H](O)[C@]1([H])O[C@]([H])(CC)[C@H](O)C1)(=O)O	N/A	N/A	N/A	383
173.1173	28092	M+2H	0	344.2199	(9R,12R,15R)-delta10-13-PhytoF[13R,16S]	C18H32O6	N/A	N/A	N/A	N/A	LMFA02040006	N/A	N/A	LWIIWULNZCFOCA-RQIUYOBUSA-N	C(CCCCCCC[C@@H](O)/C=C/[C@@H](O)[C@]1([H])O[C@@]([H])(CC)[C@H](O)C1)(=O)O	N/A	N/A	N/A	384
173.1173	28093	M+2H	0	344.2199	(9R,12R,15R)-delta10-13-PhytoF[13S,16R]	C18H32O6	N/A	N/A	N/A	N/A	LMFA02040007	N/A	N/A	LWIIWULNZCFOCA-OOMQHELWSA-N	C(CCCCCCC[C@@H](O)/C=C/[C@@H](O)[C@@]1([H])O[C@]([H])(CC)[C@H](O)C1)(=O)O	N/A	N/A	N/A	385
173.1173	28094	M+2H	0	344.2199	(9R,12R,15R)-delta10-13-PhytoF[13S,16S]	C18H32O6	N/A	N/A	N/A	N/A	LMFA02040008	N/A	N/A	LWIIWULNZCFOCA-SDBOAPILSA-N	C(CCCCCCC[C@@H](O)/C=C/[C@@H](O)[C@@]1([H])O[C@@]([H])(CC)[C@H](O)C1)(=O)O	N/A	N/A	N/A	386
173.1173	28095	M+2H	0	344.2199	(9R,12R,15S)-delta10-13-PhytoF[13R,16R]	C18H32O6	N/A	N/A	N/A	N/A	LMFA02040009	N/A	N/A	LWIIWULNZCFOCA-GLGSPFTASA-N	C(CCCCCCC[C@@H](O)/C=C/[C@@H](O)[C@]1([H])O[C@]([H])(CC)[C@@H](O)C1)(=O)O	N/A	N/A	N/A	387
173.1173	28096	M+2H	0	344.2199	(9R,12R,15S)-delta10-13-PhytoF[13R,16S]	C18H32O6	N/A	N/A	N/A	N/A	LMFA02040010	N/A	N/A	LWIIWULNZCFOCA-OEPZKWLOSA-N	C(CCCCCCC[C@@H](O)/C=C/[C@@H](O)[C@]1([H])O[C@@]([H])(CC)[C@@H](O)C1)(=O)O	N/A	N/A	N/A	388
173.1173	28097	M+2H	0	344.2199	(9R,12R,15S)-delta10-13-PhytoF[13S,16R]	C18H32O6	N/A	N/A	N/A	N/A	LMFA02040011	N/A	N/A	LWIIWULNZCFOCA-DDGADJJWSA-N	C(CCCCCCC[C@@H](O)/C=C/[C@@H](O)[C@@]1([H])O[C@]([H])(CC)[C@@H](O)C1)(=O)O	N/A	N/A	N/A	389
173.1173	28098	M+2H	0	344.2199	(9R,12R,15S)-delta10-13-PhytoF[13S,16S]	C18H32O6	N/A	N/A	N/A	N/A	LMFA02040012	N/A	N/A	LWIIWULNZCFOCA-WBWYXKPPSA-N	C(CCCCCCC[C@@H](O)/C=C/[C@@H](O)[C@@]1([H])O[C@@]([H])(CC)[C@@H](O)C1)(=O)O	N/A	N/A	N/A	390
173.1173	28099	M+2H	0	344.2199	(9R,12S,15R)-delta10-13-PhytoF[13R,16R]	C18H32O6	N/A	N/A	N/A	N/A	LMFA02040013	N/A	N/A	LWIIWULNZCFOCA-HSWGLUGASA-N	C(CCCCCCC[C@@H](O)/C=C/[C@H](O)[C@]1([H])O[C@]([H])(CC)[C@H](O)C1)(=O)O	N/A	N/A	N/A	391
173.1173	28100	M+2H	0	344.2199	(9R,12S,15R)-delta10-13-PhytoF[13R,16S]	C18H32O6	N/A	N/A	N/A	N/A	LMFA02040014	N/A	N/A	LWIIWULNZCFOCA-ZRMZGJFNSA-N	C(CCCCCCC[C@@H](O)/C=C/[C@H](O)[C@]1([H])O[C@@]([H])(CC)[C@H](O)C1)(=O)O	N/A	N/A	N/A	392
173.1173	28101	M+2H	0	344.2199	(9R,12S,15R)-delta10-13-PhytoF[13S,16R]	C18H32O6	N/A	N/A	N/A	N/A	LMFA02040015	N/A	N/A	LWIIWULNZCFOCA-GQJJRBOXSA-N	C(CCCCCCC[C@@H](O)/C=C/[C@H](O)[C@@]1([H])O[C@]([H])(CC)[C@H](O)C1)(=O)O	N/A	N/A	N/A	393
173.1173	28102	M+2H	0	344.2199	(9R,12S,15R)-delta10-13-PhytoF[13S,16S]	C18H32O6	N/A	N/A	N/A	N/A	LMFA02040016	N/A	N/A	LWIIWULNZCFOCA-DYVZBPGMSA-N	C(CCCCCCC[C@@H](O)/C=C/[C@H](O)[C@@]1([H])O[C@@]([H])(CC)[C@H](O)C1)(=O)O	N/A	N/A	N/A	394
173.1173	28103	M+2H	0	344.2199	(9R,12S,15S)-delta10-13-PhytoF[13R,16R]	C18H32O6	N/A	N/A	N/A	N/A	LMFA02040017	N/A	N/A	LWIIWULNZCFOCA-KUPMKIAMSA-N	C(CCCCCCC[C@@H](O)/C=C/[C@H](O)[C@]1([H])O[C@]([H])(CC)[C@@H](O)C1)(=O)O	N/A	N/A	N/A	395
173.1173	28104	M+2H	0	344.2199	(9R,12S,15S)-delta10-13-PhytoF[13R,16S]	C18H32O6	N/A	N/A	N/A	N/A	LMFA02040018	N/A	N/A	LWIIWULNZCFOCA-NIIQMBQNSA-N	C(CCCCCCC[C@@H](O)/C=C/[C@H](O)[C@]1([H])O[C@@]([H])(CC)[C@@H](O)C1)(=O)O	N/A	N/A	N/A	396
173.1173	28105	M+2H	0	344.2199	(9R,12S,15S)-delta10-13-PhytoF[13S,16R]	C18H32O6	N/A	N/A	N/A	N/A	LMFA02040019	N/A	N/A	LWIIWULNZCFOCA-XMSWIMNKSA-N	C(CCCCCCC[C@@H](O)/C=C/[C@H](O)[C@@]1([H])O[C@]([H])(CC)[C@@H](O)C1)(=O)O	N/A	N/A	N/A	397
173.1173	28106	M+2H	0	344.2199	(9R,12S,15S)-delta10-13-PhytoF[13S,16S]	C18H32O6	N/A	N/A	N/A	N/A	LMFA02040020	N/A	N/A	LWIIWULNZCFOCA-CXPZKCCLSA-N	C(CCCCCCC[C@@H](O)/C=C/[C@H](O)[C@@]1([H])O[C@@]([H])(CC)[C@@H](O)C1)(=O)O	N/A	N/A	N/A	398
173.1173	28107	M+2H	0	344.2199	(9S,12R,15R)-delta10-13-PhytoF[13R,16R]	C18H32O6	N/A	N/A	N/A	N/A	LMFA02040021	N/A	N/A	LWIIWULNZCFOCA-UGXGUJROSA-N	C(CCCCCCC[C@H](O)/C=C/[C@@H](O)[C@]1([H])O[C@]([H])(CC)[C@H](O)C1)(=O)O	N/A	N/A	N/A	399
173.1173	28108	M+2H	0	344.2199	(9S,12R,15R)-delta10-13-PhytoF[13R,16S]	C18H32O6	N/A	N/A	N/A	N/A	LMFA02040022	N/A	N/A	LWIIWULNZCFOCA-IJKMCFRVSA-N	C(CCCCCCC[C@H](O)/C=C/[C@@H](O)[C@]1([H])O[C@@]([H])(CC)[C@H](O)C1)(=O)O	N/A	N/A	N/A	400
173.1173	28109	M+2H	0	344.2199	(9S,12R,15R)-delta10-13-PhytoF[13S,16R]	C18H32O6	N/A	N/A	N/A	N/A	LMFA02040023	N/A	N/A	LWIIWULNZCFOCA-GLSSZAEYSA-N	C(CCCCCCC[C@H](O)/C=C/[C@@H](O)[C@@]1([H])O[C@]([H])(CC)[C@H](O)C1)(=O)O	N/A	N/A	N/A	401
173.1173	28110	M+2H	0	344.2199	(9S,12R,15R)-delta10-13-PhytoF[13S,16S]	C18H32O6	N/A	N/A	N/A	N/A	LMFA02040024	N/A	N/A	LWIIWULNZCFOCA-IEEZOGEBSA-N	C(CCCCCCC[C@H](O)/C=C/[C@@H](O)[C@@]1([H])O[C@@]([H])(CC)[C@H](O)C1)(=O)O	N/A	N/A	N/A	402
173.1173	28111	M+2H	0	344.2199	(9S,12R,15S)-delta10-13-PhytoF[13R,16R]	C18H32O6	N/A	N/A	N/A	N/A	LMFA02040025	N/A	N/A	LWIIWULNZCFOCA-PKITZMDPSA-N	C(CCCCCCC[C@H](O)/C=C/[C@@H](O)[C@]1([H])O[C@]([H])(CC)[C@@H](O)C1)(=O)O	N/A	N/A	N/A	403
173.1173	28112	M+2H	0	344.2199	(9S,12R,15S)-delta10-13-PhytoF[13R,16S]	C18H32O6	N/A	N/A	N/A	N/A	LMFA02040026	N/A	N/A	LWIIWULNZCFOCA-JMADBNKSSA-N	C(CCCCCCC[C@H](O)/C=C/[C@@H](O)[C@]1([H])O[C@@]([H])(CC)[C@@H](O)C1)(=O)O	N/A	N/A	N/A	404
173.1173	28113	M+2H	0	344.2199	(9S,12R,15S)-delta10-13-PhytoF[13S,16R]	C18H32O6	N/A	N/A	N/A	N/A	LMFA02040027	N/A	N/A	LWIIWULNZCFOCA-KYFQLVDCSA-N	C(CCCCCCC[C@H](O)/C=C/[C@@H](O)[C@@]1([H])O[C@]([H])(CC)[C@@H](O)C1)(=O)O	N/A	N/A	N/A	405
173.1173	28114	M+2H	0	344.2199	(9S,12R,15S)-delta10-13-PhytoF[13S,16S]	C18H32O6	N/A	N/A	N/A	N/A	LMFA02040028	N/A	N/A	LWIIWULNZCFOCA-YEOJZBBXSA-N	C(CCCCCCC[C@H](O)/C=C/[C@@H](O)[C@@]1([H])O[C@@]([H])(CC)[C@@H](O)C1)(=O)O	N/A	N/A	N/A	406
173.1173	28115	M+2H	0	344.2199	(9S,12S,15R)-delta10-13-PhytoF[13R,16R]	C18H32O6	N/A	N/A	N/A	N/A	LMFA02040029	N/A	N/A	LWIIWULNZCFOCA-HTGZZSSVSA-N	C(CCCCCCC[C@H](O)/C=C/[C@H](O)[C@]1([H])O[C@]([H])(CC)[C@H](O)C1)(=O)O	N/A	N/A	N/A	407
173.1173	28116	M+2H	0	344.2199	(9S,12S,15R)-delta10-13-PhytoF[13R,16S]	C18H32O6	N/A	N/A	N/A	N/A	LMFA02040030	N/A	N/A	LWIIWULNZCFOCA-RLDLTEIJSA-N	C(CCCCCCC[C@H](O)/C=C/[C@H](O)[C@]1([H])O[C@@]([H])(CC)[C@H](O)C1)(=O)O	N/A	N/A	N/A	408
173.1173	28117	M+2H	0	344.2199	(9S,12S,15R)-delta10-13-PhytoF[13S,16R]	C18H32O6	N/A	N/A	N/A	N/A	LMFA02040031	N/A	N/A	LWIIWULNZCFOCA-HKTSXOKBSA-N	C(CCCCCCC[C@H](O)/C=C/[C@H](O)[C@@]1([H])O[C@]([H])(CC)[C@H](O)C1)(=O)O	N/A	N/A	N/A	409
173.1173	28118	M+2H	0	344.2199	(9S,12S,15R)-delta10-13-PhytoF[13S,16S]	C18H32O6	N/A	N/A	N/A	N/A	LMFA02040032	N/A	N/A	LWIIWULNZCFOCA-HURARBKOSA-N	C(CCCCCCC[C@H](O)/C=C/[C@H](O)[C@@]1([H])O[C@@]([H])(CC)[C@H](O)C1)(=O)O	N/A	N/A	N/A	410
173.1173	28119	M+2H	0	344.2199	(9S,12S,15S)-delta10-13-PhytoF[13R,16R]	C18H32O6	N/A	N/A	N/A	N/A	LMFA02040033	N/A	N/A	LWIIWULNZCFOCA-QYLYFVOLSA-N	C(CCCCCCC[C@H](O)/C=C/[C@H](O)[C@]1([H])O[C@]([H])(CC)[C@@H](O)C1)(=O)O	N/A	N/A	N/A	411
173.1173	28120	M+2H	0	344.2199	(9S,12S,15S)-delta10-13-PhytoF[13R,16S]	C18H32O6	N/A	N/A	N/A	N/A	LMFA02040034	N/A	N/A	LWIIWULNZCFOCA-UGFFRSGUSA-N	C(CCCCCCC[C@H](O)/C=C/[C@H](O)[C@]1([H])O[C@@]([H])(CC)[C@@H](O)C1)(=O)O	N/A	N/A	N/A	412
173.1173	28121	M+2H	0	344.2199	(9S,12S,15S)-delta10-13-PhytoF[13S,16R]	C18H32O6	N/A	N/A	N/A	N/A	LMFA02040035	N/A	N/A	LWIIWULNZCFOCA-PBPVBRRBSA-N	C(CCCCCCC[C@H](O)/C=C/[C@H](O)[C@@]1([H])O[C@]([H])(CC)[C@@H](O)C1)(=O)O	N/A	N/A	N/A	413
173.1173	28122	M+2H	0	344.2199	(9S,12S,15S)-delta10-13-PhytoF[13S,16S]	C18H32O6	N/A	N/A	N/A	N/A	LMFA02040036	N/A	N/A	LWIIWULNZCFOCA-OAEUSZHOSA-N	C(CCCCCCC[C@H](O)/C=C/[C@H](O)[C@@]1([H])O[C@@]([H])(CC)[C@@H](O)C1)(=O)O	N/A	N/A	N/A	414
173.1173	28123	M+2H	0	344.2199	(9R,13R,16R)-delta10-12-PhytoF[12S,15S]	C18H32O6	N/A	N/A	N/A	N/A	LMFA02040037	N/A	N/A	BHWUKOCNOLCGLB-SDBOAPILSA-N	C(CCCCCCC[C@@H](O)/C=C/[C@]1([H])O[C@]([H])([C@H](O)CC)C[C@H]1O)(=O)O	N/A	N/A	N/A	415
173.1173	28124	M+2H	0	344.2199	(9R,13R,16R)-delta10-12-PhytoF[12S,15R]	C18H32O6	N/A	N/A	N/A	N/A	LMFA02040038	N/A	N/A	BHWUKOCNOLCGLB-RQIUYOBUSA-N	C(CCCCCCC[C@@H](O)/C=C/[C@]1([H])O[C@@]([H])([C@H](O)CC)C[C@H]1O)(=O)O	N/A	N/A	N/A	416
173.1173	28125	M+2H	0	344.2199	(9R,13R,16R)-delta10-12-PhytoF[12R,15S]	C18H32O6	N/A	N/A	N/A	N/A	LMFA02040039	N/A	N/A	BHWUKOCNOLCGLB-OOMQHELWSA-N	C(CCCCCCC[C@@H](O)/C=C/[C@@]1([H])O[C@]([H])([C@H](O)CC)C[C@H]1O)(=O)O	N/A	N/A	N/A	417
173.1173	28126	M+2H	0	344.2199	(9R,13R,16R)-delta10-12-PhytoF[12R,15R]	C18H32O6	N/A	N/A	N/A	N/A	LMFA02040040	N/A	N/A	BHWUKOCNOLCGLB-PCYDWSPDSA-N	C(CCCCCCC[C@@H](O)/C=C/[C@@]1([H])O[C@@]([H])([C@H](O)CC)C[C@H]1O)(=O)O	N/A	N/A	N/A	418
173.1173	28127	M+2H	0	344.2199	(9R,13R,16S)-delta10-12-PhytoF[12S,15S]	C18H32O6	N/A	N/A	N/A	N/A	LMFA02040041	N/A	N/A	BHWUKOCNOLCGLB-DYVZBPGMSA-N	C(CCCCCCC[C@@H](O)/C=C/[C@]1([H])O[C@]([H])([C@@H](O)CC)C[C@H]1O)(=O)O	N/A	N/A	N/A	419
173.1173	28128	M+2H	0	344.2199	(9R,13R,16S)-delta10-12-PhytoF[12S,15R]	C18H32O6	N/A	N/A	N/A	N/A	LMFA02040042	N/A	N/A	BHWUKOCNOLCGLB-ZRMZGJFNSA-N	C(CCCCCCC[C@@H](O)/C=C/[C@]1([H])O[C@@]([H])([C@@H](O)CC)C[C@H]1O)(=O)O	N/A	N/A	N/A	420
173.1173	28129	M+2H	0	344.2199	(9R,13R,16S)-delta10-12-PhytoF[12R,15S]	C18H32O6	N/A	N/A	N/A	N/A	LMFA02040043	N/A	N/A	BHWUKOCNOLCGLB-GQJJRBOXSA-N	C(CCCCCCC[C@@H](O)/C=C/[C@@]1([H])O[C@]([H])([C@@H](O)CC)C[C@H]1O)(=O)O	N/A	N/A	N/A	421
173.1173	171489	M+2H	0	344.2199	2,3-dinor Thromboxane B1	C18H32O6	N/A	N/A	N/A	N/A	N/A	44923.0	N/A	N/A	N/A	N/A	N/A	N/A	422
173.1173	28130	M+2H	0	344.2199	(9R,13R,16S)-delta10-12-PhytoF[12R,15R]	C18H32O6	N/A	N/A	N/A	N/A	LMFA02040044	N/A	N/A	BHWUKOCNOLCGLB-HSWGLUGASA-N	C(CCCCCCC[C@@H](O)/C=C/[C@@]1([H])O[C@@]([H])([C@@H](O)CC)C[C@H]1O)(=O)O	N/A	N/A	N/A	423
173.1173	28131	M+2H	0	344.2199	(9R,13S,16R)-delta10-12-PhytoF[12S,15S]	C18H32O6	N/A	N/A	N/A	N/A	LMFA02040045	N/A	N/A	BHWUKOCNOLCGLB-WBWYXKPPSA-N	C(CCCCCCC[C@@H](O)/C=C/[C@]1([H])O[C@]([H])([C@H](O)CC)C[C@@H]1O)(=O)O	N/A	N/A	N/A	424
173.1173	28132	M+2H	0	344.2199	(9R,13S,16R)-delta10-12-PhytoF[12S,15R]	C18H32O6	N/A	N/A	N/A	N/A	LMFA02040046	N/A	N/A	BHWUKOCNOLCGLB-OEPZKWLOSA-N	C(CCCCCCC[C@@H](O)/C=C/[C@]1([H])O[C@@]([H])([C@H](O)CC)C[C@@H]1O)(=O)O	N/A	N/A	N/A	425
173.1173	28133	M+2H	0	344.2199	(9R,13S,16R)-delta10-12-PhytoF[12R,15S]	C18H32O6	N/A	N/A	N/A	N/A	LMFA02040047	N/A	N/A	BHWUKOCNOLCGLB-DDGADJJWSA-N	C(CCCCCCC[C@@H](O)/C=C/[C@@]1([H])O[C@]([H])([C@H](O)CC)C[C@@H]1O)(=O)O	N/A	N/A	N/A	426
173.1173	28134	M+2H	0	344.2199	(9R,13S,16R)-delta10-12-PhytoF[12R,15R]	C18H32O6	N/A	N/A	N/A	N/A	LMFA02040048	N/A	N/A	BHWUKOCNOLCGLB-GLGSPFTASA-N	C(CCCCCCC[C@@H](O)/C=C/[C@@]1([H])O[C@@]([H])([C@H](O)CC)C[C@@H]1O)(=O)O	N/A	N/A	N/A	427
173.1173	28135	M+2H	0	344.2199	(9R,13S,16S)-delta10-12-PhytoF[12S,15S]	C18H32O6	N/A	N/A	N/A	N/A	LMFA02040049	N/A	N/A	BHWUKOCNOLCGLB-CXPZKCCLSA-N	C(CCCCCCC[C@@H](O)/C=C/[C@]1([H])O[C@]([H])([C@@H](O)CC)C[C@@H]1O)(=O)O	N/A	N/A	N/A	428
173.1173	28136	M+2H	0	344.2199	(9R,13S,16S)-delta10-12-PhytoF[12S,15R]	C18H32O6	N/A	N/A	N/A	N/A	LMFA02040050	N/A	N/A	BHWUKOCNOLCGLB-NIIQMBQNSA-N	C(CCCCCCC[C@@H](O)/C=C/[C@]1([H])O[C@@]([H])([C@@H](O)CC)C[C@@H]1O)(=O)O	N/A	N/A	N/A	429
173.1173	28137	M+2H	0	344.2199	(9R,13S,16S)-delta10-12-PhytoF[12R,15S]	C18H32O6	N/A	N/A	N/A	N/A	LMFA02040051	N/A	N/A	BHWUKOCNOLCGLB-XMSWIMNKSA-N	C(CCCCCCC[C@@H](O)/C=C/[C@@]1([H])O[C@]([H])([C@@H](O)CC)C[C@@H]1O)(=O)O	N/A	N/A	N/A	430
173.1173	28138	M+2H	0	344.2199	(9R,13S,16S)-delta10-12-PhytoF[12R,15R]	C18H32O6	N/A	N/A	N/A	N/A	LMFA02040052	N/A	N/A	BHWUKOCNOLCGLB-KUPMKIAMSA-N	C(CCCCCCC[C@@H](O)/C=C/[C@@]1([H])O[C@@]([H])([C@@H](O)CC)C[C@@H]1O)(=O)O	N/A	N/A	N/A	431
173.1173	28139	M+2H	0	344.2199	(9S,13R,16R)-delta10-12-PhytoF[12S,15S]	C18H32O6	N/A	N/A	N/A	N/A	LMFA02040053	N/A	N/A	BHWUKOCNOLCGLB-IEEZOGEBSA-N	C(CCCCCCC[C@H](O)/C=C/[C@]1([H])O[C@]([H])([C@H](O)CC)C[C@H]1O)(=O)O	N/A	N/A	N/A	432
173.1173	28140	M+2H	0	344.2199	(9S,13R,16R)-delta10-12-PhytoF[12S,15R]	C18H32O6	N/A	N/A	N/A	N/A	LMFA02040054	N/A	N/A	BHWUKOCNOLCGLB-IJKMCFRVSA-N	C(CCCCCCC[C@H](O)/C=C/[C@]1([H])O[C@@]([H])([C@H](O)CC)C[C@H]1O)(=O)O	N/A	N/A	N/A	433
173.1173	28141	M+2H	0	344.2199	(9S,13R,16R)-delta10-12-PhytoF[12R,15S]	C18H32O6	N/A	N/A	N/A	N/A	LMFA02040055	N/A	N/A	BHWUKOCNOLCGLB-GLSSZAEYSA-N	C(CCCCCCC[C@H](O)/C=C/[C@@]1([H])O[C@]([H])([C@H](O)CC)C[C@H]1O)(=O)O	N/A	N/A	N/A	434
173.1173	28142	M+2H	0	344.2199	(9S,13R,16R)-delta10-12-PhytoF[12R,15R]	C18H32O6	N/A	N/A	N/A	N/A	LMFA02040056	N/A	N/A	BHWUKOCNOLCGLB-UGXGUJROSA-N	C(CCCCCCC[C@H](O)/C=C/[C@@]1([H])O[C@@]([H])([C@H](O)CC)C[C@H]1O)(=O)O	N/A	N/A	N/A	435
173.1173	28143	M+2H	0	344.2199	(9S,13R,16S)-delta10-12-PhytoF[12S,15S]	C18H32O6	N/A	N/A	N/A	N/A	LMFA02040057	N/A	N/A	BHWUKOCNOLCGLB-HURARBKOSA-N	C(CCCCCCC[C@H](O)/C=C/[C@]1([H])O[C@]([H])([C@@H](O)CC)C[C@H]1O)(=O)O	N/A	N/A	N/A	436
173.1173	28144	M+2H	0	344.2199	(9S,13R,16S)-delta10-12-PhytoF[12S,15R]	C18H32O6	N/A	N/A	N/A	N/A	LMFA02040058	N/A	N/A	BHWUKOCNOLCGLB-RLDLTEIJSA-N	C(CCCCCCC[C@H](O)/C=C/[C@]1([H])O[C@@]([H])([C@@H](O)CC)C[C@H]1O)(=O)O	N/A	N/A	N/A	437
173.1173	28145	M+2H	0	344.2199	(9S,13R,16S)-delta10-12-PhytoF[12R,15S]	C18H32O6	N/A	N/A	N/A	N/A	LMFA02040059	N/A	N/A	BHWUKOCNOLCGLB-HKTSXOKBSA-N	C(CCCCCCC[C@H](O)/C=C/[C@@]1([H])O[C@]([H])([C@@H](O)CC)C[C@H]1O)(=O)O	N/A	N/A	N/A	438
173.1173	28146	M+2H	0	344.2199	(9S,13R,16S)-delta10-12-PhytoF[12R,15R]	C18H32O6	N/A	N/A	N/A	N/A	LMFA02040060	N/A	N/A	BHWUKOCNOLCGLB-HTGZZSSVSA-N	C(CCCCCCC[C@H](O)/C=C/[C@@]1([H])O[C@@]([H])([C@@H](O)CC)C[C@H]1O)(=O)O	N/A	N/A	N/A	439
173.1173	28147	M+2H	0	344.2199	(9S,13S,16R)-delta10-12-PhytoF[12S,15S]	C18H32O6	N/A	N/A	N/A	N/A	LMFA02040061	N/A	N/A	BHWUKOCNOLCGLB-YEOJZBBXSA-N	C(CCCCCCC[C@H](O)/C=C/[C@]1([H])O[C@]([H])([C@H](O)CC)C[C@@H]1O)(=O)O	N/A	N/A	N/A	440
173.1173	28148	M+2H	0	344.2199	(9S,13S,16R)-delta10-12-PhytoF[12S,15R]	C18H32O6	N/A	N/A	N/A	N/A	LMFA02040062	N/A	N/A	BHWUKOCNOLCGLB-JMADBNKSSA-N	C(CCCCCCC[C@H](O)/C=C/[C@]1([H])O[C@@]([H])([C@H](O)CC)C[C@@H]1O)(=O)O	N/A	N/A	N/A	441
173.1173	28149	M+2H	0	344.2199	(9S,13S,16R)-delta10-12-PhytoF[12R,15S]	C18H32O6	N/A	N/A	N/A	N/A	LMFA02040063	N/A	N/A	BHWUKOCNOLCGLB-KYFQLVDCSA-N	C(CCCCCCC[C@H](O)/C=C/[C@@]1([H])O[C@]([H])([C@H](O)CC)C[C@@H]1O)(=O)O	N/A	N/A	N/A	442
173.1173	28150	M+2H	0	344.2199	(9S,13S,16R)-delta10-12-PhytoF[12R,15R]	C18H32O6	N/A	N/A	N/A	N/A	LMFA02040064	N/A	N/A	BHWUKOCNOLCGLB-PKITZMDPSA-N	C(CCCCCCC[C@H](O)/C=C/[C@@]1([H])O[C@@]([H])([C@H](O)CC)C[C@@H]1O)(=O)O	N/A	N/A	N/A	443
173.1173	28151	M+2H	0	344.2199	(9S,13S,16S)-delta10-12-PhytoF[12S,15S]	C18H32O6	N/A	N/A	N/A	N/A	LMFA02040065	N/A	N/A	BHWUKOCNOLCGLB-OAEUSZHOSA-N	C(CCCCCCC[C@H](O)/C=C/[C@]1([H])O[C@]([H])([C@@H](O)CC)C[C@@H]1O)(=O)O	N/A	N/A	N/A	444
173.1173	28152	M+2H	0	344.2199	(9S,13S,16S)-delta10-12-PhytoF[12S,15R]	C18H32O6	N/A	N/A	N/A	N/A	LMFA02040066	N/A	N/A	BHWUKOCNOLCGLB-UGFFRSGUSA-N	C(CCCCCCC[C@H](O)/C=C/[C@]1([H])O[C@@]([H])([C@@H](O)CC)C[C@@H]1O)(=O)O	N/A	N/A	N/A	445
173.1173	28153	M+2H	0	344.2199	(9S,13S,16S)-delta10-12-PhytoF[12R,15S]	C18H32O6	N/A	N/A	N/A	N/A	LMFA02040067	N/A	N/A	BHWUKOCNOLCGLB-PBPVBRRBSA-N	C(CCCCCCC[C@H](O)/C=C/[C@@]1([H])O[C@]([H])([C@@H](O)CC)C[C@@H]1O)(=O)O	N/A	N/A	N/A	446
173.1173	28154	M+2H	0	344.2199	(9S,13S,16S)-delta10-12-PhytoF[12R,15R]	C18H32O6	N/A	N/A	N/A	N/A	LMFA02040068	N/A	N/A	BHWUKOCNOLCGLB-QYLYFVOLSA-N	C(CCCCCCC[C@H](O)/C=C/[C@@]1([H])O[C@@]([H])([C@@H](O)CC)C[C@@H]1O)(=O)O	N/A	N/A	N/A	447
173.1173	28155	M+2H	0	344.2199	(10R,13R,16R)-delta14-9-PhytoF[9S,12S]	C18H32O6	N/A	N/A	N/A	N/A	LMFA02040069	N/A	N/A	XSSRKBRTVPNAMX-SDBOAPILSA-N	C(CCCCCCC[C@]1([H])O[C@]([H])([C@H](O)/C=C/[C@H](O)CC)C[C@H]1O)(=O)O	N/A	N/A	N/A	448
173.1173	28156	M+2H	0	344.2199	(10R,13R,16R)-delta14-9-PhytoF[9S,12R]	C18H32O6	N/A	N/A	N/A	N/A	LMFA02040070	N/A	N/A	XSSRKBRTVPNAMX-RQIUYOBUSA-N	C(CCCCCCC[C@]1([H])O[C@@]([H])([C@H](O)/C=C/[C@H](O)CC)C[C@H]1O)(=O)O	N/A	N/A	N/A	449
173.1173	28157	M+2H	0	344.2199	(10R,13R,16R)-delta14-9-PhytoF[9R,12S]	C18H32O6	N/A	N/A	N/A	N/A	LMFA02040071	N/A	N/A	XSSRKBRTVPNAMX-OOMQHELWSA-N	C(CCCCCCC[C@@]1([H])O[C@]([H])([C@H](O)/C=C/[C@H](O)CC)C[C@H]1O)(=O)O	N/A	N/A	N/A	450
173.1173	28158	M+2H	0	344.2199	(10R,13R,16R)-delta14-9-PhytoF[9R,12R]	C18H32O6	N/A	N/A	N/A	N/A	LMFA02040072	N/A	N/A	XSSRKBRTVPNAMX-PCYDWSPDSA-N	C(CCCCCCC[C@@]1([H])O[C@@]([H])([C@H](O)/C=C/[C@H](O)CC)C[C@H]1O)(=O)O	N/A	N/A	N/A	451
173.1173	28159	M+2H	0	344.2199	(10R,13R,16S)-delta14-9-PhytoF[9S,12S]	C18H32O6	N/A	N/A	N/A	N/A	LMFA02040073	N/A	N/A	XSSRKBRTVPNAMX-IEEZOGEBSA-N	C(CCCCCCC[C@]1([H])O[C@]([H])([C@H](O)/C=C/[C@@H](O)CC)C[C@H]1O)(=O)O	N/A	N/A	N/A	452
173.1173	0	M+Na	0	0.0	No compounds found for experimental mass 173.11728 and adduct: M+Na	N/A	N/A	N/A	N/A	N/A	N/A	N/A	N/A	N/A	N/A	N/A	N/A	N/A	453
173.1173	0	M+K	0	0.0	No compounds found for experimental mass 173.11728 and adduct: M+K	N/A	N/A	N/A	N/A	N/A	N/A	N/A	N/A	N/A	N/A	N/A	N/A	N/A	454
173.1173	0	M+H-H2O	0	0.0	No compounds found for experimental mass 173.11728 and adduct: M+H-H2O	N/A	N/A	N/A	N/A	N/A	N/A	N/A	N/A	N/A	N/A	N/A	N/A	N/A	455
173.1173	0	M+H+HCOONa	0	0.0	No compounds found for experimental mass 173.11728 and adduct: M+H+HCOONa	N/A	N/A	N/A	N/A	N/A	N/A	N/A	N/A	N/A	N/A	N/A	N/A	N/A	456
11.657	0	M+H	0	0.0	No compounds found for experimental mass 11.657 and adduct: M+H	N/A	N/A	N/A	N/A	N/A	N/A	N/A	N/A	N/A	N/A	N/A	N/A	N/A	457
11.657	0	M+2H	0	0.0	No compounds found for experimental mass 11.657 and adduct: M+2H	N/A	N/A	N/A	N/A	N/A	N/A	N/A	N/A	N/A	N/A	N/A	N/A	N/A	458
11.657	0	M+Na	0	0.0	No compounds found for experimental mass 11.657 and adduct: M+Na	N/A	N/A	N/A	N/A	N/A	N/A	N/A	N/A	N/A	N/A	N/A	N/A	N/A	459
11.657	0	M+K	0	0.0	No compounds found for experimental mass 11.657 and adduct: M+K	N/A	N/A	N/A	N/A	N/A	N/A	N/A	N/A	N/A	N/A	N/A	N/A	N/A	460
11.657	0	M+H-H2O	0	0.0	No compounds found for experimental mass 11.657 and adduct: M+H-H2O	N/A	N/A	N/A	N/A	N/A	N/A	N/A	N/A	N/A	N/A	N/A	N/A	N/A	461
11.657	0	M+H+HCOONa	0	0.0	No compounds found for experimental mass 11.657 and adduct: M+H+HCOONa	N/A	N/A	N/A	N/A	N/A	N/A	N/A	N/A	N/A	N/A	N/A	N/A	N/A	462
33197.0	0	M+H	0	0.0	No compounds found for experimental mass 33197.0 and adduct: M+H	N/A	N/A	N/A	N/A	N/A	N/A	N/A	N/A	N/A	N/A	N/A	N/A	N/A	463
33197.0	0	M+2H	0	0.0	No compounds found for experimental mass 33197.0 and adduct: M+2H	N/A	N/A	N/A	N/A	N/A	N/A	N/A	N/A	N/A	N/A	N/A	N/A	N/A	464
33197.0	0	M+Na	0	0.0	No compounds found for experimental mass 33197.0 and adduct: M+Na	N/A	N/A	N/A	N/A	N/A	N/A	N/A	N/A	N/A	N/A	N/A	N/A	N/A	465
33197.0	0	M+K	0	0.0	No compounds found for experimental mass 33197.0 and adduct: M+K	N/A	N/A	N/A	N/A	N/A	N/A	N/A	N/A	N/A	N/A	N/A	N/A	N/A	466
33197.0	0	M+H-H2O	0	0.0	No compounds found for experimental mass 33197.0 and adduct: M+H-H2O	N/A	N/A	N/A	N/A	N/A	N/A	N/A	N/A	N/A	N/A	N/A	N/A	N/A	467
33197.0	0	M+H+HCOONa	0	0.0	No compounds found for experimental mass 33197.0 and adduct: M+H+HCOONa	N/A	N/A	N/A	N/A	N/A	N/A	N/A	N/A	N/A	N/A	N/A	N/A	N/A	468
151.9798	0	M+H	0	0.0	No compounds found for experimental mass 151.97985 and adduct: M+H	N/A	N/A	N/A	N/A	N/A	N/A	N/A	N/A	N/A	N/A	N/A	N/A	N/A	469
151.9798	0	M+2H	0	0.0	No compounds found for experimental mass 151.97985 and adduct: M+2H	N/A	N/A	N/A	N/A	N/A	N/A	N/A	N/A	N/A	N/A	N/A	N/A	N/A	470
151.9798	0	M+Na	0	0.0	No compounds found for experimental mass 151.97985 and adduct: M+Na	N/A	N/A	N/A	N/A	N/A	N/A	N/A	N/A	N/A	N/A	N/A	N/A	N/A	471
151.9798	0	M+K	0	0.0	No compounds found for experimental mass 151.97985 and adduct: M+K	N/A	N/A	N/A	N/A	N/A	N/A	N/A	N/A	N/A	N/A	N/A	N/A	N/A	472
151.9798	0	M+H-H2O	0	0.0	No compounds found for experimental mass 151.97985 and adduct: M+H-H2O	N/A	N/A	N/A	N/A	N/A	N/A	N/A	N/A	N/A	N/A	N/A	N/A	N/A	473
151.9798	0	M+H+HCOONa	0	0.0	No compounds found for experimental mass 151.97985 and adduct: M+H+HCOONa	N/A	N/A	N/A	N/A	N/A	N/A	N/A	N/A	N/A	N/A	N/A	N/A	N/A	474
13.457	0	M+H	0	0.0	No compounds found for experimental mass 13.457 and adduct: M+H	N/A	N/A	N/A	N/A	N/A	N/A	N/A	N/A	N/A	N/A	N/A	N/A	N/A	475
13.457	0	M+2H	0	0.0	No compounds found for experimental mass 13.457 and adduct: M+2H	N/A	N/A	N/A	N/A	N/A	N/A	N/A	N/A	N/A	N/A	N/A	N/A	N/A	476
13.457	0	M+Na	0	0.0	No compounds found for experimental mass 13.457 and adduct: M+Na	N/A	N/A	N/A	N/A	N/A	N/A	N/A	N/A	N/A	N/A	N/A	N/A	N/A	477
13.457	0	M+K	0	0.0	No compounds found for experimental mass 13.457 and adduct: M+K	N/A	N/A	N/A	N/A	N/A	N/A	N/A	N/A	N/A	N/A	N/A	N/A	N/A	478
13.457	0	M+H-H2O	0	0.0	No compounds found for experimental mass 13.457 and adduct: M+H-H2O	N/A	N/A	N/A	N/A	N/A	N/A	N/A	N/A	N/A	N/A	N/A	N/A	N/A	479
13.457	0	M+H+HCOONa	0	0.0	No compounds found for experimental mass 13.457 and adduct: M+H+HCOONa	N/A	N/A	N/A	N/A	N/A	N/A	N/A	N/A	N/A	N/A	N/A	N/A	N/A	480
39677.0	0	M+H	0	0.0	No compounds found for experimental mass 39677.0 and adduct: M+H	N/A	N/A	N/A	N/A	N/A	N/A	N/A	N/A	N/A	N/A	N/A	N/A	N/A	481
39677.0	0	M+2H	0	0.0	No compounds found for experimental mass 39677.0 and adduct: M+2H	N/A	N/A	N/A	N/A	N/A	N/A	N/A	N/A	N/A	N/A	N/A	N/A	N/A	482
39677.0	0	M+Na	0	0.0	No compounds found for experimental mass 39677.0 and adduct: M+Na	N/A	N/A	N/A	N/A	N/A	N/A	N/A	N/A	N/A	N/A	N/A	N/A	N/A	483
39677.0	0	M+K	0	0.0	No compounds found for experimental mass 39677.0 and adduct: M+K	N/A	N/A	N/A	N/A	N/A	N/A	N/A	N/A	N/A	N/A	N/A	N/A	N/A	484
39677.0	0	M+H-H2O	0	0.0	No compounds found for experimental mass 39677.0 and adduct: M+H-H2O	N/A	N/A	N/A	N/A	N/A	N/A	N/A	N/A	N/A	N/A	N/A	N/A	N/A	485
39677.0	0	M+H+HCOONa	0	0.0	No compounds found for experimental mass 39677.0 and adduct: M+H+HCOONa	N/A	N/A	N/A	N/A	N/A	N/A	N/A	N/A	N/A	N/A	N/A	N/A	N/A	486
221.0847	0	M+H	0	0.0	No compounds found for experimental mass 221.08469 and adduct: M+H	N/A	N/A	N/A	N/A	N/A	N/A	N/A	N/A	N/A	N/A	N/A	N/A	N/A	487
221.0847	144082	M+2H	4	440.153	Propylene glycol alginate	C17H28O13	N/A	N/A	N/A	HMDB0039860	N/A	94406.0	131752735.0	HDSBZMRLPLPFLQ-UHFFFAOYSA-N	COC1OC(C(OC2OC(C(C)C(O)C2O)C(=O)OCC(C)O)C(O)C1O)C(O)=O	N/A	N/A	N/A	488
221.0847	73418	M+2H	2	440.1557	Aminopterin	C19H20N8O5	N/A	54-62-6	N/A	HMDB0001833	N/A	6341.0	2154.0	TVZGACDUOSZQKY-UHFFFAOYSA-N	NC1=NC2=C(N=C(CNC3=CC=C(C=C3)C(=O)NC(CCC(O)=O)C(O)=O)C=N2)C(N)=N1	N/A	N/A	N/A	489
221.0847	178459	M+2H	2	440.1558	JGB1741	C27H24N2O2S	N/A	1256375-38-8	N/A	N/A	N/A	96436.0	N/A	N/A	N/A	N/A	N/A	N/A	490
221.0847	152016	M+Na	8	198.0939	SK&F 91581	C8H14N4S	N/A	34970-65-5	C11799	N/A	N/A	69228.0	3082406.0	RGIDMSNTKAZSFO-UHFFFAOYSA-N	CNC(=S)NCCCc1c[nH]cn1	N/A	N/A	N/A	491
221.0847	0	M+K	0	0.0	No compounds found for experimental mass 221.08469 and adduct: M+K	N/A	N/A	N/A	N/A	N/A	N/A	N/A	N/A	N/A	N/A	N/A	N/A	N/A	492
221.0847	167044	M+H-H2O	2	238.0875	Isopropyl beta-D-ThiogalactoPyranoside	C9H18O5S	N/A	367-93-1	N/A	N/A	N/A	44762.0	N/A	N/A	N/A	N/A	N/A	N/A	493
221.0847	0	M+H+HCOONa	0	0.0	No compounds found for experimental mass 221.08469 and adduct: M+H+HCOONa	N/A	N/A	N/A	N/A	N/A	N/A	N/A	N/A	N/A	N/A	N/A	N/A	N/A	494
18.136	0	M+H	0	0.0	No compounds found for experimental mass 18.136 and adduct: M+H	N/A	N/A	N/A	N/A	N/A	N/A	N/A	N/A	N/A	N/A	N/A	N/A	N/A	495
18.136	0	M+2H	0	0.0	No compounds found for experimental mass 18.136 and adduct: M+2H	N/A	N/A	N/A	N/A	N/A	N/A	N/A	N/A	N/A	N/A	N/A	N/A	N/A	496
18.136	0	M+Na	0	0.0	No compounds found for experimental mass 18.136 and adduct: M+Na	N/A	N/A	N/A	N/A	N/A	N/A	N/A	N/A	N/A	N/A	N/A	N/A	N/A	497
18.136	0	M+K	0	0.0	No compounds found for experimental mass 18.136 and adduct: M+K	N/A	N/A	N/A	N/A	N/A	N/A	N/A	N/A	N/A	N/A	N/A	N/A	N/A	498
18.136	0	M+H-H2O	0	0.0	No compounds found for experimental mass 18.136 and adduct: M+H-H2O	N/A	N/A	N/A	N/A	N/A	N/A	N/A	N/A	N/A	N/A	N/A	N/A	N/A	499
18.136	0	M+H+HCOONa	0	0.0	No compounds found for experimental mass 18.136 and adduct: M+H+HCOONa	N/A	N/A	N/A	N/A	N/A	N/A	N/A	N/A	N/A	N/A	N/A	N/A	N/A	500
